Copyright 1986-2022 Xilinx, Inc. All Rights Reserved. Copyright 2022-2024 Advanced Micro Devices, Inc. All Rights Reserved.
------------------------------------------------------------------------------------------------------------------------------------------------------------------------------------------------------------------------------------------
| Tool Version : Vivado v.2024.1 (lin64) Build 5076996 Wed May 22 18:36:09 MDT 2024
| Date         : Sat Jan 24 17:54:50 2026
| Host         : emmk-prj1 running 64-bit Ubuntu 24.04.3 LTS
| Command      : report_timing_summary -max_paths 10 -report_unconstrained -file cva6_zybo_z7_20_timing_summary_routed.rpt -pb cva6_zybo_z7_20_timing_summary_routed.pb -rpx cva6_zybo_z7_20_timing_summary_routed.rpx -warn_on_violation
| Design       : cva6_zybo_z7_20
| Device       : 7z020-clg400
| Speed File   : -1  PRODUCTION 1.12 2019-11-22
| Design State : Routed
------------------------------------------------------------------------------------------------------------------------------------------------------------------------------------------------------------------------------------------

Timing Summary Report

------------------------------------------------------------------------------------------------
| Timer Settings
| --------------
------------------------------------------------------------------------------------------------

  Enable Multi Corner Analysis               :  Yes
  Enable Pessimism Removal                   :  Yes
  Pessimism Removal Resolution               :  Nearest Common Node
  Enable Input Delay Default Clock           :  No
  Enable Preset / Clear Arcs                 :  No
  Disable Flight Delays                      :  No
  Ignore I/O Paths                           :  No
  Timing Early Launch at Borrowing Latches   :  No
  Borrow Time for Max Delay Exceptions       :  Yes
  Merge Timing Exceptions                    :  Yes
  Inter-SLR Compensation                     :  Conservative

  Corner  Analyze    Analyze    
  Name    Max Paths  Min Paths  
  ------  ---------  ---------  
  Slow    Yes        Yes        
  Fast    Yes        Yes        


------------------------------------------------------------------------------------------------
| Report Methodology
| ------------------
------------------------------------------------------------------------------------------------

Rule       Severity          Description                                     Violations  
---------  ----------------  ----------------------------------------------  ----------  
TIMING-6   Critical Warning  No common primary clock between related clocks  1           
TIMING-7   Critical Warning  No common node between related clocks           1           
LUTAR-1    Warning           LUT drives async reset alert                    4           
SYNTH-10   Warning           Wide multiplier                                 4           
TIMING-10  Warning           Missing property on synchronizer                1           
TIMING-18  Warning           Missing input or output delay                   3           
XDCH-2     Warning           Same min and max delay values on IO port        3           

Note: This report is based on the most recent report_methodology run and may not be up-to-date. Run report_methodology on the current design for the latest report.



check_timing report

Table of Contents
-----------------
1. checking no_clock (0)
2. checking constant_clock (0)
3. checking pulse_width_clock (0)
4. checking unconstrained_internal_endpoints (0)
5. checking no_input_delay (2)
6. checking no_output_delay (1)
7. checking multiple_clock (0)
8. checking generated_clocks (0)
9. checking loops (0)
10. checking partial_input_delay (3)
11. checking partial_output_delay (0)
12. checking latch_loops (0)

1. checking no_clock (0)
------------------------
 There are 0 register/latch pins with no clock.


2. checking constant_clock (0)
------------------------------
 There are 0 register/latch pins with constant_clock.


3. checking pulse_width_clock (0)
---------------------------------
 There are 0 register/latch pins which need pulse_width check


4. checking unconstrained_internal_endpoints (0)
------------------------------------------------
 There are 0 pins that are not constrained for maximum delay.

 There are 0 pins that are not constrained for maximum delay due to constant clock.


5. checking no_input_delay (2)
------------------------------
 There are 2 input ports with no input delay specified. (HIGH)

 There are 0 input ports with no input delay but user has a false path constraint.


6. checking no_output_delay (1)
-------------------------------
 There is 1 port with no output delay specified. (HIGH)

 There are 0 ports with no output delay but user has a false path constraint

 There are 0 ports with no output delay but with a timing clock defined on it or propagating through it


7. checking multiple_clock (0)
------------------------------
 There are 0 register/latch pins with multiple clocks.


8. checking generated_clocks (0)
--------------------------------
 There are 0 generated clocks that are not connected to a clock source.


9. checking loops (0)
---------------------
 There are 0 combinational loops in the design.


10. checking partial_input_delay (3)
------------------------------------
 There are 3 input ports with partial input delay specified. (HIGH)


11. checking partial_output_delay (0)
-------------------------------------
 There are 0 ports with partial output delay specified.


12. checking latch_loops (0)
----------------------------
 There are 0 combinational latch loops in the design through latch input



------------------------------------------------------------------------------------------------
| Design Timing Summary
| ---------------------
------------------------------------------------------------------------------------------------

    WNS(ns)      TNS(ns)  TNS Failing Endpoints  TNS Total Endpoints      WHS(ns)      THS(ns)  THS Failing Endpoints  THS Total Endpoints     WPWS(ns)     TPWS(ns)  TPWS Failing Endpoints  TPWS Total Endpoints  
    -------      -------  ---------------------  -------------------      -------      -------  ---------------------  -------------------     --------     --------  ----------------------  --------------------  
      0.175        0.000                      0                44074        0.049        0.000                      0                44038        2.000        0.000                       0                 15179  


All user specified timing constraints are met.


------------------------------------------------------------------------------------------------
| Clock Summary
| -------------
------------------------------------------------------------------------------------------------

Clock                    Waveform(ns)         Period(ns)      Frequency(MHz)
-----                    ------------         ----------      --------------
clk_sys                  {0.000 4.000}        8.000           125.000         
  clk_out1_xlnx_clk_gen  {0.000 12.500}       25.000          40.000          
  clkfbout_xlnx_clk_gen  {0.000 4.000}        8.000           125.000         
tck                      {0.000 50.000}       100.000         10.000          


------------------------------------------------------------------------------------------------
| Intra Clock Table
| -----------------
------------------------------------------------------------------------------------------------

Clock                        WNS(ns)      TNS(ns)  TNS Failing Endpoints  TNS Total Endpoints      WHS(ns)      THS(ns)  THS Failing Endpoints  THS Total Endpoints     WPWS(ns)     TPWS(ns)  TPWS Failing Endpoints  TPWS Total Endpoints  
-----                        -------      -------  ---------------------  -------------------      -------      -------  ---------------------  -------------------     --------     --------  ----------------------  --------------------  
clk_sys                                                                                                                                                                    2.000        0.000                       0                     1  
  clk_out1_xlnx_clk_gen        0.175        0.000                      0                32131        0.049        0.000                      0                32131       11.250        0.000                       0                 14916  
  clkfbout_xlnx_clk_gen                                                                                                                                                    5.845        0.000                       0                     3  
tck                            1.033        0.000                      0                  453        0.117        0.000                      0                  453       49.500        0.000                       0                   259  


------------------------------------------------------------------------------------------------
| Inter Clock Table
| -----------------
------------------------------------------------------------------------------------------------

From Clock             To Clock                   WNS(ns)      TNS(ns)  TNS Failing Endpoints  TNS Total Endpoints      WHS(ns)      THS(ns)  THS Failing Endpoints  THS Total Endpoints  
----------             --------                   -------      -------  ---------------------  -------------------      -------      -------  ---------------------  -------------------  
tck                    clk_out1_xlnx_clk_gen       13.761        0.000                      0                   43        2.812        0.000                      0                   43  
clk_out1_xlnx_clk_gen  tck                         18.524        0.000                      0                   36                                                                        


------------------------------------------------------------------------------------------------
| Other Path Groups Table
| -----------------------
------------------------------------------------------------------------------------------------

Path Group             From Clock             To Clock                   WNS(ns)      TNS(ns)  TNS Failing Endpoints  TNS Total Endpoints      WHS(ns)      THS(ns)  THS Failing Endpoints  THS Total Endpoints  
----------             ----------             --------                   -------      -------  ---------------------  -------------------      -------      -------  ---------------------  -------------------  
**async_default**      clk_out1_xlnx_clk_gen  clk_out1_xlnx_clk_gen       20.779        0.000                      0                11411        0.486        0.000                      0                11411  


------------------------------------------------------------------------------------------------
| User Ignored Path Table
| -----------------------
------------------------------------------------------------------------------------------------

Path Group             From Clock             To Clock             
----------             ----------             --------             
(none)                 clk_out1_xlnx_clk_gen  clk_out1_xlnx_clk_gen  
(none)                                        tck                    
(none)                 clk_out1_xlnx_clk_gen  tck                    


------------------------------------------------------------------------------------------------
| Unconstrained Path Table
| ------------------------
------------------------------------------------------------------------------------------------

Path Group             From Clock             To Clock             
----------             ----------             --------             
(none)                 clk_out1_xlnx_clk_gen                         
(none)                 clkfbout_xlnx_clk_gen                         
(none)                                        clk_out1_xlnx_clk_gen  


------------------------------------------------------------------------------------------------
| Timing Details
| --------------
------------------------------------------------------------------------------------------------


---------------------------------------------------------------------------------------------------
From Clock:  clk_sys
  To Clock:  clk_sys

Setup :           NA  Failing Endpoints,  Worst Slack           NA  ,  Total Violation           NA
Hold  :           NA  Failing Endpoints,  Worst Slack           NA  ,  Total Violation           NA
PW    :            0  Failing Endpoints,  Worst Slack        2.000ns,  Total Violation        0.000ns
---------------------------------------------------------------------------------------------------


Pulse Width Checks
--------------------------------------------------------------------------------------
Clock Name:         clk_sys
Waveform(ns):       { 0.000 4.000 }
Period(ns):         8.000
Sources:            { clk_sys }

Check Type        Corner  Lib Pin            Reference Pin  Required(ns)  Actual(ns)  Slack(ns)  Location         Pin
Min Period        n/a     MMCME2_ADV/CLKIN1  n/a            1.249         8.000       6.751      MMCME2_ADV_X1Y2  i_xlnx_clk_gen/inst/mmcm_adv_inst/CLKIN1
Max Period        n/a     MMCME2_ADV/CLKIN1  n/a            100.000       8.000       92.000     MMCME2_ADV_X1Y2  i_xlnx_clk_gen/inst/mmcm_adv_inst/CLKIN1
Low Pulse Width   Slow    MMCME2_ADV/CLKIN1  n/a            2.000         4.000       2.000      MMCME2_ADV_X1Y2  i_xlnx_clk_gen/inst/mmcm_adv_inst/CLKIN1
Low Pulse Width   Fast    MMCME2_ADV/CLKIN1  n/a            2.000         4.000       2.000      MMCME2_ADV_X1Y2  i_xlnx_clk_gen/inst/mmcm_adv_inst/CLKIN1
High Pulse Width  Slow    MMCME2_ADV/CLKIN1  n/a            2.000         4.000       2.000      MMCME2_ADV_X1Y2  i_xlnx_clk_gen/inst/mmcm_adv_inst/CLKIN1
High Pulse Width  Fast    MMCME2_ADV/CLKIN1  n/a            2.000         4.000       2.000      MMCME2_ADV_X1Y2  i_xlnx_clk_gen/inst/mmcm_adv_inst/CLKIN1



---------------------------------------------------------------------------------------------------
From Clock:  clk_out1_xlnx_clk_gen
  To Clock:  clk_out1_xlnx_clk_gen

Setup :            0  Failing Endpoints,  Worst Slack        0.175ns,  Total Violation        0.000ns
Hold  :            0  Failing Endpoints,  Worst Slack        0.049ns,  Total Violation        0.000ns
PW    :            0  Failing Endpoints,  Worst Slack       11.250ns,  Total Violation        0.000ns
---------------------------------------------------------------------------------------------------


Max Delay Paths
--------------------------------------------------------------------------------------
Slack (MET) :             0.175ns  (required time - arrival time)
  Source:                 i_ariane/i_cva6/csr_regfile_i/pmpaddr_q_reg[6][3]/C
                            (rising edge-triggered cell FDCE clocked by clk_out1_xlnx_clk_gen  {rise@0.000ns fall@12.500ns period=25.000ns})
  Destination:            i_ariane/i_cva6/ex_stage_i/lsu_i/lsu_bypass_i/mem_q_reg[0][vaddr][29]/D
                            (rising edge-triggered cell FDCE clocked by clk_out1_xlnx_clk_gen  {rise@0.000ns fall@12.500ns period=25.000ns})
  Path Group:             clk_out1_xlnx_clk_gen
  Path Type:              Setup (Max at Slow Process Corner)
  Requirement:            25.000ns  (clk_out1_xlnx_clk_gen rise@25.000ns - clk_out1_xlnx_clk_gen rise@0.000ns)
  Data Path Delay:        24.355ns  (logic 5.996ns (24.619%)  route 18.359ns (75.381%))
  Logic Levels:           33  (CARRY4=1 LUT2=2 LUT3=4 LUT4=7 LUT5=5 LUT6=14)
  Clock Path Skew:        -0.125ns (DCD - SCD + CPR)
    Destination Clock Delay (DCD):    -1.611ns = ( 23.389 - 25.000 ) 
    Source Clock Delay      (SCD):    -0.919ns
    Clock Pessimism Removal (CPR):    0.567ns
  Clock Uncertainty:      0.082ns  ((TSJ^2 + DJ^2)^1/2) / 2 + PE
    Total System Jitter     (TSJ):    0.071ns
    Discrete Jitter          (DJ):    0.149ns
    Phase Error              (PE):    0.000ns

    Location             Delay type                Incr(ns)  Path(ns)    Netlist Resource(s)
  -------------------------------------------------------------------    -------------------
                         (clock clk_out1_xlnx_clk_gen rise edge)
                                                      0.000     0.000 r  
    K17                                               0.000     0.000 r  clk_sys (IN)
                         net (fo=0)                   0.000     0.000    i_xlnx_clk_gen/inst/clk_in1
    K17                  IBUF (Prop_ibuf_I_O)         1.475     1.475 r  i_xlnx_clk_gen/inst/clkin1_ibufg/O
                         net (fo=1, routed)           1.285     2.760    i_xlnx_clk_gen/inst/clk_in1_xlnx_clk_gen
    MMCME2_ADV_X1Y2      MMCME2_ADV (Prop_mmcme2_adv_CLKIN1_CLKOUT0)
                                                     -7.759    -4.999 r  i_xlnx_clk_gen/inst/mmcm_adv_inst/CLKOUT0
                         net (fo=1, routed)           2.206    -2.793    i_xlnx_clk_gen/inst/clk_out1_xlnx_clk_gen
    BUFGCTRL_X0Y16       BUFG (Prop_bufg_I_O)         0.101    -2.692 r  i_xlnx_clk_gen/inst/clkout1_buf/O
                         net (fo=14914, routed)       1.773    -0.919    i_ariane/i_cva6/csr_regfile_i/clk_out1
    SLICE_X96Y68         FDCE                                         r  i_ariane/i_cva6/csr_regfile_i/pmpaddr_q_reg[6][3]/C
  -------------------------------------------------------------------    -------------------
    SLICE_X96Y68         FDCE (Prop_fdce_C_Q)         0.518    -0.401 r  i_ariane/i_cva6/csr_regfile_i/pmpaddr_q_reg[6][3]/Q
                         net (fo=14, routed)          0.880     0.479    i_ariane/i_cva6/csr_regfile_i/pmpaddr_q_reg[6][31]_0[3]
    SLICE_X96Y68         LUT6 (Prop_lut6_I2_O)        0.124     0.603 r  i_ariane/i_cva6/csr_regfile_i/i___48_i_97/O
                         net (fo=3, routed)           0.313     0.916    i_ariane/i_cva6/csr_regfile_i/pmpaddr_q_reg[6][4]_0
    SLICE_X95Y69         LUT6 (Prop_lut6_I5_O)        0.124     1.040 r  i_ariane/i_cva6/csr_regfile_i/i___48_i_102/O
                         net (fo=3, routed)           0.585     1.625    i_ariane/i_cva6/csr_regfile_i/i___48_i_102_n_0
    SLICE_X95Y69         LUT3 (Prop_lut3_I2_O)        0.124     1.749 r  i_ariane/i_cva6/csr_regfile_i/i___48_i_75/O
                         net (fo=4, routed)           0.877     2.626    i_ariane/i_cva6/csr_regfile_i/i___48_i_75_n_0
    SLICE_X93Y73         LUT5 (Prop_lut5_I2_O)        0.124     2.750 r  i_ariane/i_cva6/csr_regfile_i/i___48_i_101/O
                         net (fo=3, routed)           0.428     3.177    i_ariane/i_cva6/csr_regfile_i/i___48_i_101_n_0
    SLICE_X92Y74         LUT3 (Prop_lut3_I2_O)        0.116     3.293 r  i_ariane/i_cva6/csr_regfile_i/i___48_i_71/O
                         net (fo=4, routed)           0.717     4.010    i_ariane/i_cva6/csr_regfile_i/i___48_i_71_n_0
    SLICE_X92Y75         LUT5 (Prop_lut5_I2_O)        0.354     4.364 r  i_ariane/i_cva6/csr_regfile_i/i___48_i_78/O
                         net (fo=3, routed)           0.663     5.027    i_ariane/i_cva6/csr_regfile_i/i___48_i_78_n_0
    SLICE_X92Y75         LUT3 (Prop_lut3_I2_O)        0.374     5.401 r  i_ariane/i_cva6/csr_regfile_i/i___48_i_42/O
                         net (fo=6, routed)           0.876     6.277    i_ariane/i_cva6/csr_regfile_i/i___48_i_42_n_0
    SLICE_X88Y76         LUT3 (Prop_lut3_I0_O)        0.328     6.605 r  i_ariane/i_cva6/csr_regfile_i/gen_register.d_o[100]_i_119/O
                         net (fo=1, routed)           0.000     6.605    i_ariane/i_cva6/csr_regfile_i/gen_register.d_o[100]_i_119_n_0
    SLICE_X88Y76         CARRY4 (Prop_carry4_S[3]_CO[3])
                                                      0.401     7.006 r  i_ariane/i_cva6/csr_regfile_i/lsu_i/i_pmp_data_if/i_pmp_data/gen_pmp.genblk1[6].i_pmp_entry/gen_register.d_o_reg[100]_i_36/CO[3]
                         net (fo=1, routed)           0.743     7.749    i_ariane/i_cva6/csr_regfile_i/lsu_i/i_pmp_data_if/i_pmp_data/gen_pmp.genblk1[6].i_pmp_entry/gen_register.d_o_reg[100]_i_36_n_0
    SLICE_X85Y76         LUT6 (Prop_lut6_I4_O)        0.124     7.873 r  i_ariane/i_cva6/csr_regfile_i/gen_register.d_o[100]_i_14/O
                         net (fo=4, routed)           0.830     8.704    i_ariane/i_cva6/csr_regfile_i/gen_register.d_o[100]_i_14_n_0
    SLICE_X81Y76         LUT4 (Prop_lut4_I0_O)        0.152     8.856 r  i_ariane/i_cva6/csr_regfile_i/gen_register.d_o[100]_i_21/O
                         net (fo=1, routed)           0.595     9.451    i_ariane/i_cva6/csr_regfile_i/gen_register.d_o[100]_i_21_n_0
    SLICE_X80Y73         LUT6 (Prop_lut6_I5_O)        0.332     9.783 f  i_ariane/i_cva6/csr_regfile_i/gen_register.d_o[100]_i_5/O
                         net (fo=2, routed)           0.510    10.293    i_ariane/i_cva6/csr_regfile_i/gen_register.d_o[100]_i_5_n_0
    SLICE_X81Y65         LUT5 (Prop_lut5_I4_O)        0.124    10.417 f  i_ariane/i_cva6/csr_regfile_i/gen_register.d_o[100]_i_1/O
                         net (fo=54, routed)          0.385    10.801    i_ariane/i_cva6/ex_stage_i/lsu_i/i_load_unit/gen_register.d_o[147]_i_2_0[0]
    SLICE_X80Y65         LUT6 (Prop_lut6_I4_O)        0.124    10.925 f  i_ariane/i_cva6/ex_stage_i/lsu_i/i_load_unit/gen_register.d_o[166]_i_4/O
                         net (fo=5, routed)           0.602    11.527    i_ariane/i_cva6/gen_cache_hpd.i_cache_subsystem/i_dcache/i_hpdcache/hpdcache_ctrl_i/hpdcache_memctrl_i/dcache_req_ports_ex_cache[1][kill_req]
    SLICE_X67Y64         LUT6 (Prop_lut6_I0_O)        0.124    11.651 f  i_ariane/i_cva6/gen_cache_hpd.i_cache_subsystem/i_dcache/i_hpdcache/hpdcache_ctrl_i/hpdcache_memctrl_i/tail_q[3]_i_4/O
                         net (fo=5, routed)           0.421    12.073    i_ariane/i_cva6/gen_cache_hpd.i_cache_subsystem/i_dcache/i_hpdcache/hpdcache_ctrl_i/hpdcache_memctrl_i/arb_req_gnt_q_reg[1]_0
    SLICE_X67Y64         LUT5 (Prop_lut5_I4_O)        0.124    12.197 f  i_ariane/i_cva6/gen_cache_hpd.i_cache_subsystem/i_dcache/i_hpdcache/hpdcache_ctrl_i/hpdcache_memctrl_i/valid_q[3]_i_5/O
                         net (fo=3, routed)           0.421    12.617    i_ariane/i_cva6/gen_cache_hpd.i_cache_subsystem/i_dcache/i_hpdcache/hpdcache_ctrl_i/hpdcache_rtab_i/st2_mshr_alloc_need_rsp_q_reg
    SLICE_X67Y66         LUT2 (Prop_lut2_I1_O)        0.119    12.736 r  i_ariane/i_cva6/gen_cache_hpd.i_cache_subsystem/i_dcache/i_hpdcache/hpdcache_ctrl_i/hpdcache_rtab_i/st2_dir_updt_valid_q_i_4/O
                         net (fo=19, routed)          0.687    13.423    i_ariane/i_cva6/gen_cache_hpd.i_cache_subsystem/i_dcache/i_hpdcache/hpdcache_ctrl_i/hpdcache_rtab_i/st1_req_rtab_q_reg
    SLICE_X67Y66         LUT4 (Prop_lut4_I0_O)        0.332    13.755 r  i_ariane/i_cva6/gen_cache_hpd.i_cache_subsystem/i_dcache/i_hpdcache/hpdcache_ctrl_i/hpdcache_rtab_i/mem_reg_0_i_66__0/O
                         net (fo=83, routed)          0.449    14.204    i_ariane/i_cva6/gen_cache_hpd.i_cache_subsystem/i_dcache/i_hpdcache/hpdcache_ctrl_i/hpdcache_rtab_i/st1_req_q_reg[op][4]_0
    SLICE_X65Y65         LUT2 (Prop_lut2_I0_O)        0.124    14.328 r  i_ariane/i_cva6/gen_cache_hpd.i_cache_subsystem/i_dcache/i_hpdcache/hpdcache_ctrl_i/hpdcache_rtab_i/st2_dir_updt_valid_q_i_7/O
                         net (fo=6, routed)           0.409    14.737    i_ariane/i_cva6/gen_cache_hpd.i_cache_subsystem/i_dcache/i_hpdcache/hpdcache_ctrl_i/hpdcache_memctrl_i/gen_dir_sram[1].dir_sram/ram_i/st2_dir_updt_valid_q_reg
    SLICE_X67Y65         LUT6 (Prop_lut6_I3_O)        0.124    14.861 r  i_ariane/i_cva6/gen_cache_hpd.i_cache_subsystem/i_dcache/i_hpdcache/hpdcache_ctrl_i/hpdcache_memctrl_i/gen_dir_sram[1].dir_sram/ram_i/i___52_i_5/O
                         net (fo=1, routed)           0.263    15.124    i_ariane/i_cva6/gen_cache_hpd.i_cache_subsystem/i_dcache/i_hpdcache/hpdcache_ctrl_i/hpdcache_memctrl_i/gen_dir_sram[1].dir_sram/ram_i/core_rsp_valid
    SLICE_X67Y65         LUT6 (Prop_lut6_I0_O)        0.124    15.248 r  i_ariane/i_cva6/gen_cache_hpd.i_cache_subsystem/i_dcache/i_hpdcache/hpdcache_ctrl_i/hpdcache_memctrl_i/gen_dir_sram[1].dir_sram/ram_i/i___52_i_2/O
                         net (fo=6, routed)           0.188    15.437    i_ariane/i_cva6/ex_stage_i/lsu_i/lsu_bypass_i/dcache_req_ports_cache_ex[1][data_rvalid]
    SLICE_X67Y65         LUT6 (Prop_lut6_I5_O)        0.124    15.561 r  i_ariane/i_cva6/ex_stage_i/lsu_i/lsu_bypass_i/i___435_i_1/O
                         net (fo=7, routed)           0.323    15.883    i_ariane/i_cva6/ex_stage_i/i_load_unit/req_port_o1__1
    SLICE_X67Y64         LUT6 (Prop_lut6_I0_O)        0.124    16.007 r  i_ariane/i_cva6/ex_stage_i/i___435/O
                         net (fo=84, routed)          0.694    16.702    i_ariane/i_cva6/gen_cache_hpd.i_cache_subsystem/i_dcache/i_hpdcache/core_req_arbiter_i/req_arbiter_i/dcache_req_ports_ex_cache[1][data_req]
    SLICE_X64Y63         LUT4 (Prop_lut4_I1_O)        0.124    16.826 f  i_ariane/i_cva6/gen_cache_hpd.i_cache_subsystem/i_dcache/i_hpdcache/core_req_arbiter_i/req_arbiter_i/st1_req_q[phys_indexed]_i_2/O
                         net (fo=25, routed)          0.532    17.357    i_ariane/i_cva6/gen_cache_hpd.i_cache_subsystem/i_dcache/i_hpdcache/hpdcache_ctrl_i/hpdcache_rtab_i/pop_arb_i/st1_req_q_reg[phys_indexed]_0
    SLICE_X67Y61         LUT5 (Prop_lut5_I2_O)        0.124    17.481 f  i_ariane/i_cva6/gen_cache_hpd.i_cache_subsystem/i_dcache/i_hpdcache/hpdcache_ctrl_i/hpdcache_rtab_i/pop_arb_i/st1_req_q[op][2]_i_3/O
                         net (fo=1, routed)           0.264    17.745    i_ariane/i_cva6/gen_cache_hpd.i_cache_subsystem/i_dcache/i_hpdcache/hpdcache_ctrl_i/hpdcache_rtab_i/pop_arb_i/st1_req_q[op][2]_i_3_n_0
    SLICE_X67Y61         LUT6 (Prop_lut6_I4_O)        0.124    17.869 f  i_ariane/i_cva6/gen_cache_hpd.i_cache_subsystem/i_dcache/i_hpdcache/hpdcache_ctrl_i/hpdcache_rtab_i/pop_arb_i/st1_req_q[op][2]_i_1/O
                         net (fo=18, routed)          0.900    18.769    i_ariane/i_cva6/gen_cache_hpd.i_cache_subsystem/i_dcache/i_hpdcache/hpdcache_ctrl_i/hpdcache_rtab_i/pop_arb_i/req_q_reg[0][req][op][2]
    SLICE_X66Y62         LUT6 (Prop_lut6_I1_O)        0.124    18.893 f  i_ariane/i_cva6/gen_cache_hpd.i_cache_subsystem/i_dcache/i_hpdcache/hpdcache_ctrl_i/hpdcache_rtab_i/pop_arb_i/st1_req_q[op][4]_i_10/O
                         net (fo=1, routed)           0.404    19.297    i_ariane/i_cva6/gen_cache_hpd.i_cache_subsystem/i_dcache/i_hpdcache/hpdcache_ctrl_i/hpdcache_memctrl_i/gen_dir_sram[1].dir_sram/ram_i/st1_req_valid_q_reg_4
    SLICE_X67Y63         LUT6 (Prop_lut6_I2_O)        0.124    19.421 f  i_ariane/i_cva6/gen_cache_hpd.i_cache_subsystem/i_dcache/i_hpdcache/hpdcache_ctrl_i/hpdcache_memctrl_i/gen_dir_sram[1].dir_sram/ram_i/st1_req_q[op][4]_i_5/O
                         net (fo=4, routed)           0.398    19.819    i_ariane/i_cva6/gen_cache_hpd.i_cache_subsystem/i_dcache/i_hpdcache/hpdcache_ctrl_i/hpdcache_memctrl_i/gen_dir_sram[1].dir_sram/ram_i/arb_req_gnt_q_reg[1]
    SLICE_X66Y63         LUT4 (Prop_lut4_I2_O)        0.124    19.943 f  i_ariane/i_cva6/gen_cache_hpd.i_cache_subsystem/i_dcache/i_hpdcache/hpdcache_ctrl_i/hpdcache_memctrl_i/gen_dir_sram[1].dir_sram/ram_i/i___358_i_2/O
                         net (fo=5, routed)           0.444    20.387    i_ariane/i_cva6/gen_cache_hpd.i_cache_subsystem/i_dcache/i_hpdcache/core_req_arbiter_i/req_arbiter_i/wait_q_reg_3
    SLICE_X64Y63         LUT4 (Prop_lut4_I3_O)        0.124    20.511 f  i_ariane/i_cva6/gen_cache_hpd.i_cache_subsystem/i_dcache/i_hpdcache/core_req_arbiter_i/req_arbiter_i/i___358_i_1/O
                         net (fo=9, routed)           0.480    20.991    i_ariane/i_cva6/ex_stage_i/lsu_i/lsu_bypass_i/dcache_req_ports_cache_ex[1][data_gnt]
    SLICE_X66Y64         LUT4 (Prop_lut4_I1_O)        0.124    21.115 f  i_ariane/i_cva6/ex_stage_i/lsu_i/lsu_bypass_i/i___49_i_4/O
                         net (fo=1, routed)           0.423    21.538    i_ariane/i_cva6/ex_stage_i/lsu_i/i_load_unit/pop_ld_o10_out__1
    SLICE_X65Y63         LUT6 (Prop_lut6_I5_O)        0.124    21.662 f  i_ariane/i_cva6/ex_stage_i/lsu_i/i_load_unit/i___49_i_1/O
                         net (fo=89, routed)          0.943    22.605    i_ariane/i_cva6/ex_stage_i/pop_ld
    SLICE_X57Y64         LUT4 (Prop_lut4_I0_O)        0.118    22.723 r  i_ariane/i_cva6/ex_stage_i/i___279/O
                         net (fo=2, routed)           0.713    23.436    i_ariane/i_cva6/ex_stage_i/lsu_i/lsu_bypass_i/mem_q_reg[0][vaddr][31]_0[29]
    SLICE_X64Y66         FDCE                                         r  i_ariane/i_cva6/ex_stage_i/lsu_i/lsu_bypass_i/mem_q_reg[0][vaddr][29]/D
  -------------------------------------------------------------------    -------------------

                         (clock clk_out1_xlnx_clk_gen rise edge)
                                                     25.000    25.000 r  
    K17                                               0.000    25.000 r  clk_sys (IN)
                         net (fo=0)                   0.000    25.000    i_xlnx_clk_gen/inst/clk_in1
    K17                  IBUF (Prop_ibuf_I_O)         1.404    26.404 r  i_xlnx_clk_gen/inst/clkin1_ibufg/O
                         net (fo=1, routed)           1.162    27.566    i_xlnx_clk_gen/inst/clk_in1_xlnx_clk_gen
    MMCME2_ADV_X1Y2      MMCME2_ADV (Prop_mmcme2_adv_CLKIN1_CLKOUT0)
                                                     -7.814    19.752 r  i_xlnx_clk_gen/inst/mmcm_adv_inst/CLKOUT0
                         net (fo=1, routed)           2.012    21.764    i_xlnx_clk_gen/inst/clk_out1_xlnx_clk_gen
    BUFGCTRL_X0Y16       BUFG (Prop_bufg_I_O)         0.091    21.855 r  i_xlnx_clk_gen/inst/clkout1_buf/O
                         net (fo=14914, routed)       1.534    23.389    i_ariane/i_cva6/ex_stage_i/lsu_i/lsu_bypass_i/clk_out1
    SLICE_X64Y66         FDCE                                         r  i_ariane/i_cva6/ex_stage_i/lsu_i/lsu_bypass_i/mem_q_reg[0][vaddr][29]/C
                         clock pessimism              0.567    23.956    
                         clock uncertainty           -0.082    23.874    
    SLICE_X64Y66         FDCE (Setup_fdce_C_D)       -0.263    23.611    i_ariane/i_cva6/ex_stage_i/lsu_i/lsu_bypass_i/mem_q_reg[0][vaddr][29]
  -------------------------------------------------------------------
                         required time                         23.611    
                         arrival time                         -23.436    
  -------------------------------------------------------------------
                         slack                                  0.175    

Slack (MET) :             0.204ns  (required time - arrival time)
  Source:                 i_ariane/i_cva6/csr_regfile_i/pmpaddr_q_reg[6][3]/C
                            (rising edge-triggered cell FDCE clocked by clk_out1_xlnx_clk_gen  {rise@0.000ns fall@12.500ns period=25.000ns})
  Destination:            i_ariane/i_cva6/ex_stage_i/lsu_i/lsu_bypass_i/mem_q_reg[0][be][2]/D
                            (rising edge-triggered cell FDCE clocked by clk_out1_xlnx_clk_gen  {rise@0.000ns fall@12.500ns period=25.000ns})
  Path Group:             clk_out1_xlnx_clk_gen
  Path Type:              Setup (Max at Slow Process Corner)
  Requirement:            25.000ns  (clk_out1_xlnx_clk_gen rise@25.000ns - clk_out1_xlnx_clk_gen rise@0.000ns)
  Data Path Delay:        24.340ns  (logic 6.028ns (24.766%)  route 18.312ns (75.234%))
  Logic Levels:           33  (CARRY4=1 LUT2=2 LUT3=4 LUT4=7 LUT5=5 LUT6=14)
  Clock Path Skew:        -0.125ns (DCD - SCD + CPR)
    Destination Clock Delay (DCD):    -1.611ns = ( 23.389 - 25.000 ) 
    Source Clock Delay      (SCD):    -0.919ns
    Clock Pessimism Removal (CPR):    0.567ns
  Clock Uncertainty:      0.082ns  ((TSJ^2 + DJ^2)^1/2) / 2 + PE
    Total System Jitter     (TSJ):    0.071ns
    Discrete Jitter          (DJ):    0.149ns
    Phase Error              (PE):    0.000ns

    Location             Delay type                Incr(ns)  Path(ns)    Netlist Resource(s)
  -------------------------------------------------------------------    -------------------
                         (clock clk_out1_xlnx_clk_gen rise edge)
                                                      0.000     0.000 r  
    K17                                               0.000     0.000 r  clk_sys (IN)
                         net (fo=0)                   0.000     0.000    i_xlnx_clk_gen/inst/clk_in1
    K17                  IBUF (Prop_ibuf_I_O)         1.475     1.475 r  i_xlnx_clk_gen/inst/clkin1_ibufg/O
                         net (fo=1, routed)           1.285     2.760    i_xlnx_clk_gen/inst/clk_in1_xlnx_clk_gen
    MMCME2_ADV_X1Y2      MMCME2_ADV (Prop_mmcme2_adv_CLKIN1_CLKOUT0)
                                                     -7.759    -4.999 r  i_xlnx_clk_gen/inst/mmcm_adv_inst/CLKOUT0
                         net (fo=1, routed)           2.206    -2.793    i_xlnx_clk_gen/inst/clk_out1_xlnx_clk_gen
    BUFGCTRL_X0Y16       BUFG (Prop_bufg_I_O)         0.101    -2.692 r  i_xlnx_clk_gen/inst/clkout1_buf/O
                         net (fo=14914, routed)       1.773    -0.919    i_ariane/i_cva6/csr_regfile_i/clk_out1
    SLICE_X96Y68         FDCE                                         r  i_ariane/i_cva6/csr_regfile_i/pmpaddr_q_reg[6][3]/C
  -------------------------------------------------------------------    -------------------
    SLICE_X96Y68         FDCE (Prop_fdce_C_Q)         0.518    -0.401 r  i_ariane/i_cva6/csr_regfile_i/pmpaddr_q_reg[6][3]/Q
                         net (fo=14, routed)          0.880     0.479    i_ariane/i_cva6/csr_regfile_i/pmpaddr_q_reg[6][31]_0[3]
    SLICE_X96Y68         LUT6 (Prop_lut6_I2_O)        0.124     0.603 r  i_ariane/i_cva6/csr_regfile_i/i___48_i_97/O
                         net (fo=3, routed)           0.313     0.916    i_ariane/i_cva6/csr_regfile_i/pmpaddr_q_reg[6][4]_0
    SLICE_X95Y69         LUT6 (Prop_lut6_I5_O)        0.124     1.040 r  i_ariane/i_cva6/csr_regfile_i/i___48_i_102/O
                         net (fo=3, routed)           0.585     1.625    i_ariane/i_cva6/csr_regfile_i/i___48_i_102_n_0
    SLICE_X95Y69         LUT3 (Prop_lut3_I2_O)        0.124     1.749 r  i_ariane/i_cva6/csr_regfile_i/i___48_i_75/O
                         net (fo=4, routed)           0.877     2.626    i_ariane/i_cva6/csr_regfile_i/i___48_i_75_n_0
    SLICE_X93Y73         LUT5 (Prop_lut5_I2_O)        0.124     2.750 r  i_ariane/i_cva6/csr_regfile_i/i___48_i_101/O
                         net (fo=3, routed)           0.428     3.177    i_ariane/i_cva6/csr_regfile_i/i___48_i_101_n_0
    SLICE_X92Y74         LUT3 (Prop_lut3_I2_O)        0.116     3.293 r  i_ariane/i_cva6/csr_regfile_i/i___48_i_71/O
                         net (fo=4, routed)           0.717     4.010    i_ariane/i_cva6/csr_regfile_i/i___48_i_71_n_0
    SLICE_X92Y75         LUT5 (Prop_lut5_I2_O)        0.354     4.364 r  i_ariane/i_cva6/csr_regfile_i/i___48_i_78/O
                         net (fo=3, routed)           0.663     5.027    i_ariane/i_cva6/csr_regfile_i/i___48_i_78_n_0
    SLICE_X92Y75         LUT3 (Prop_lut3_I2_O)        0.374     5.401 r  i_ariane/i_cva6/csr_regfile_i/i___48_i_42/O
                         net (fo=6, routed)           0.876     6.277    i_ariane/i_cva6/csr_regfile_i/i___48_i_42_n_0
    SLICE_X88Y76         LUT3 (Prop_lut3_I0_O)        0.328     6.605 r  i_ariane/i_cva6/csr_regfile_i/gen_register.d_o[100]_i_119/O
                         net (fo=1, routed)           0.000     6.605    i_ariane/i_cva6/csr_regfile_i/gen_register.d_o[100]_i_119_n_0
    SLICE_X88Y76         CARRY4 (Prop_carry4_S[3]_CO[3])
                                                      0.401     7.006 r  i_ariane/i_cva6/csr_regfile_i/lsu_i/i_pmp_data_if/i_pmp_data/gen_pmp.genblk1[6].i_pmp_entry/gen_register.d_o_reg[100]_i_36/CO[3]
                         net (fo=1, routed)           0.743     7.749    i_ariane/i_cva6/csr_regfile_i/lsu_i/i_pmp_data_if/i_pmp_data/gen_pmp.genblk1[6].i_pmp_entry/gen_register.d_o_reg[100]_i_36_n_0
    SLICE_X85Y76         LUT6 (Prop_lut6_I4_O)        0.124     7.873 r  i_ariane/i_cva6/csr_regfile_i/gen_register.d_o[100]_i_14/O
                         net (fo=4, routed)           0.830     8.704    i_ariane/i_cva6/csr_regfile_i/gen_register.d_o[100]_i_14_n_0
    SLICE_X81Y76         LUT4 (Prop_lut4_I0_O)        0.152     8.856 r  i_ariane/i_cva6/csr_regfile_i/gen_register.d_o[100]_i_21/O
                         net (fo=1, routed)           0.595     9.451    i_ariane/i_cva6/csr_regfile_i/gen_register.d_o[100]_i_21_n_0
    SLICE_X80Y73         LUT6 (Prop_lut6_I5_O)        0.332     9.783 f  i_ariane/i_cva6/csr_regfile_i/gen_register.d_o[100]_i_5/O
                         net (fo=2, routed)           0.510    10.293    i_ariane/i_cva6/csr_regfile_i/gen_register.d_o[100]_i_5_n_0
    SLICE_X81Y65         LUT5 (Prop_lut5_I4_O)        0.124    10.417 f  i_ariane/i_cva6/csr_regfile_i/gen_register.d_o[100]_i_1/O
                         net (fo=54, routed)          0.385    10.801    i_ariane/i_cva6/ex_stage_i/lsu_i/i_load_unit/gen_register.d_o[147]_i_2_0[0]
    SLICE_X80Y65         LUT6 (Prop_lut6_I4_O)        0.124    10.925 f  i_ariane/i_cva6/ex_stage_i/lsu_i/i_load_unit/gen_register.d_o[166]_i_4/O
                         net (fo=5, routed)           0.602    11.527    i_ariane/i_cva6/gen_cache_hpd.i_cache_subsystem/i_dcache/i_hpdcache/hpdcache_ctrl_i/hpdcache_memctrl_i/dcache_req_ports_ex_cache[1][kill_req]
    SLICE_X67Y64         LUT6 (Prop_lut6_I0_O)        0.124    11.651 f  i_ariane/i_cva6/gen_cache_hpd.i_cache_subsystem/i_dcache/i_hpdcache/hpdcache_ctrl_i/hpdcache_memctrl_i/tail_q[3]_i_4/O
                         net (fo=5, routed)           0.421    12.073    i_ariane/i_cva6/gen_cache_hpd.i_cache_subsystem/i_dcache/i_hpdcache/hpdcache_ctrl_i/hpdcache_memctrl_i/arb_req_gnt_q_reg[1]_0
    SLICE_X67Y64         LUT5 (Prop_lut5_I4_O)        0.124    12.197 f  i_ariane/i_cva6/gen_cache_hpd.i_cache_subsystem/i_dcache/i_hpdcache/hpdcache_ctrl_i/hpdcache_memctrl_i/valid_q[3]_i_5/O
                         net (fo=3, routed)           0.421    12.617    i_ariane/i_cva6/gen_cache_hpd.i_cache_subsystem/i_dcache/i_hpdcache/hpdcache_ctrl_i/hpdcache_rtab_i/st2_mshr_alloc_need_rsp_q_reg
    SLICE_X67Y66         LUT2 (Prop_lut2_I1_O)        0.119    12.736 r  i_ariane/i_cva6/gen_cache_hpd.i_cache_subsystem/i_dcache/i_hpdcache/hpdcache_ctrl_i/hpdcache_rtab_i/st2_dir_updt_valid_q_i_4/O
                         net (fo=19, routed)          0.687    13.423    i_ariane/i_cva6/gen_cache_hpd.i_cache_subsystem/i_dcache/i_hpdcache/hpdcache_ctrl_i/hpdcache_rtab_i/st1_req_rtab_q_reg
    SLICE_X67Y66         LUT4 (Prop_lut4_I0_O)        0.332    13.755 r  i_ariane/i_cva6/gen_cache_hpd.i_cache_subsystem/i_dcache/i_hpdcache/hpdcache_ctrl_i/hpdcache_rtab_i/mem_reg_0_i_66__0/O
                         net (fo=83, routed)          0.449    14.204    i_ariane/i_cva6/gen_cache_hpd.i_cache_subsystem/i_dcache/i_hpdcache/hpdcache_ctrl_i/hpdcache_rtab_i/st1_req_q_reg[op][4]_0
    SLICE_X65Y65         LUT2 (Prop_lut2_I0_O)        0.124    14.328 r  i_ariane/i_cva6/gen_cache_hpd.i_cache_subsystem/i_dcache/i_hpdcache/hpdcache_ctrl_i/hpdcache_rtab_i/st2_dir_updt_valid_q_i_7/O
                         net (fo=6, routed)           0.409    14.737    i_ariane/i_cva6/gen_cache_hpd.i_cache_subsystem/i_dcache/i_hpdcache/hpdcache_ctrl_i/hpdcache_memctrl_i/gen_dir_sram[1].dir_sram/ram_i/st2_dir_updt_valid_q_reg
    SLICE_X67Y65         LUT6 (Prop_lut6_I3_O)        0.124    14.861 r  i_ariane/i_cva6/gen_cache_hpd.i_cache_subsystem/i_dcache/i_hpdcache/hpdcache_ctrl_i/hpdcache_memctrl_i/gen_dir_sram[1].dir_sram/ram_i/i___52_i_5/O
                         net (fo=1, routed)           0.263    15.124    i_ariane/i_cva6/gen_cache_hpd.i_cache_subsystem/i_dcache/i_hpdcache/hpdcache_ctrl_i/hpdcache_memctrl_i/gen_dir_sram[1].dir_sram/ram_i/core_rsp_valid
    SLICE_X67Y65         LUT6 (Prop_lut6_I0_O)        0.124    15.248 r  i_ariane/i_cva6/gen_cache_hpd.i_cache_subsystem/i_dcache/i_hpdcache/hpdcache_ctrl_i/hpdcache_memctrl_i/gen_dir_sram[1].dir_sram/ram_i/i___52_i_2/O
                         net (fo=6, routed)           0.188    15.437    i_ariane/i_cva6/ex_stage_i/lsu_i/lsu_bypass_i/dcache_req_ports_cache_ex[1][data_rvalid]
    SLICE_X67Y65         LUT6 (Prop_lut6_I5_O)        0.124    15.561 r  i_ariane/i_cva6/ex_stage_i/lsu_i/lsu_bypass_i/i___435_i_1/O
                         net (fo=7, routed)           0.323    15.883    i_ariane/i_cva6/ex_stage_i/i_load_unit/req_port_o1__1
    SLICE_X67Y64         LUT6 (Prop_lut6_I0_O)        0.124    16.007 r  i_ariane/i_cva6/ex_stage_i/i___435/O
                         net (fo=84, routed)          0.694    16.702    i_ariane/i_cva6/gen_cache_hpd.i_cache_subsystem/i_dcache/i_hpdcache/core_req_arbiter_i/req_arbiter_i/dcache_req_ports_ex_cache[1][data_req]
    SLICE_X64Y63         LUT4 (Prop_lut4_I1_O)        0.124    16.826 f  i_ariane/i_cva6/gen_cache_hpd.i_cache_subsystem/i_dcache/i_hpdcache/core_req_arbiter_i/req_arbiter_i/st1_req_q[phys_indexed]_i_2/O
                         net (fo=25, routed)          0.532    17.357    i_ariane/i_cva6/gen_cache_hpd.i_cache_subsystem/i_dcache/i_hpdcache/hpdcache_ctrl_i/hpdcache_rtab_i/pop_arb_i/st1_req_q_reg[phys_indexed]_0
    SLICE_X67Y61         LUT5 (Prop_lut5_I2_O)        0.124    17.481 f  i_ariane/i_cva6/gen_cache_hpd.i_cache_subsystem/i_dcache/i_hpdcache/hpdcache_ctrl_i/hpdcache_rtab_i/pop_arb_i/st1_req_q[op][2]_i_3/O
                         net (fo=1, routed)           0.264    17.745    i_ariane/i_cva6/gen_cache_hpd.i_cache_subsystem/i_dcache/i_hpdcache/hpdcache_ctrl_i/hpdcache_rtab_i/pop_arb_i/st1_req_q[op][2]_i_3_n_0
    SLICE_X67Y61         LUT6 (Prop_lut6_I4_O)        0.124    17.869 f  i_ariane/i_cva6/gen_cache_hpd.i_cache_subsystem/i_dcache/i_hpdcache/hpdcache_ctrl_i/hpdcache_rtab_i/pop_arb_i/st1_req_q[op][2]_i_1/O
                         net (fo=18, routed)          0.900    18.769    i_ariane/i_cva6/gen_cache_hpd.i_cache_subsystem/i_dcache/i_hpdcache/hpdcache_ctrl_i/hpdcache_rtab_i/pop_arb_i/req_q_reg[0][req][op][2]
    SLICE_X66Y62         LUT6 (Prop_lut6_I1_O)        0.124    18.893 f  i_ariane/i_cva6/gen_cache_hpd.i_cache_subsystem/i_dcache/i_hpdcache/hpdcache_ctrl_i/hpdcache_rtab_i/pop_arb_i/st1_req_q[op][4]_i_10/O
                         net (fo=1, routed)           0.404    19.297    i_ariane/i_cva6/gen_cache_hpd.i_cache_subsystem/i_dcache/i_hpdcache/hpdcache_ctrl_i/hpdcache_memctrl_i/gen_dir_sram[1].dir_sram/ram_i/st1_req_valid_q_reg_4
    SLICE_X67Y63         LUT6 (Prop_lut6_I2_O)        0.124    19.421 f  i_ariane/i_cva6/gen_cache_hpd.i_cache_subsystem/i_dcache/i_hpdcache/hpdcache_ctrl_i/hpdcache_memctrl_i/gen_dir_sram[1].dir_sram/ram_i/st1_req_q[op][4]_i_5/O
                         net (fo=4, routed)           0.398    19.819    i_ariane/i_cva6/gen_cache_hpd.i_cache_subsystem/i_dcache/i_hpdcache/hpdcache_ctrl_i/hpdcache_memctrl_i/gen_dir_sram[1].dir_sram/ram_i/arb_req_gnt_q_reg[1]
    SLICE_X66Y63         LUT4 (Prop_lut4_I2_O)        0.124    19.943 f  i_ariane/i_cva6/gen_cache_hpd.i_cache_subsystem/i_dcache/i_hpdcache/hpdcache_ctrl_i/hpdcache_memctrl_i/gen_dir_sram[1].dir_sram/ram_i/i___358_i_2/O
                         net (fo=5, routed)           0.444    20.387    i_ariane/i_cva6/gen_cache_hpd.i_cache_subsystem/i_dcache/i_hpdcache/core_req_arbiter_i/req_arbiter_i/wait_q_reg_3
    SLICE_X64Y63         LUT4 (Prop_lut4_I3_O)        0.124    20.511 f  i_ariane/i_cva6/gen_cache_hpd.i_cache_subsystem/i_dcache/i_hpdcache/core_req_arbiter_i/req_arbiter_i/i___358_i_1/O
                         net (fo=9, routed)           0.480    20.991    i_ariane/i_cva6/ex_stage_i/lsu_i/lsu_bypass_i/dcache_req_ports_cache_ex[1][data_gnt]
    SLICE_X66Y64         LUT4 (Prop_lut4_I1_O)        0.124    21.115 f  i_ariane/i_cva6/ex_stage_i/lsu_i/lsu_bypass_i/i___49_i_4/O
                         net (fo=1, routed)           0.423    21.538    i_ariane/i_cva6/ex_stage_i/lsu_i/i_load_unit/pop_ld_o10_out__1
    SLICE_X65Y63         LUT6 (Prop_lut6_I5_O)        0.124    21.662 f  i_ariane/i_cva6/ex_stage_i/lsu_i/i_load_unit/i___49_i_1/O
                         net (fo=89, routed)          1.021    22.683    i_ariane/i_cva6/ex_stage_i/pop_ld
    SLICE_X58Y61         LUT4 (Prop_lut4_I0_O)        0.150    22.833 r  i_ariane/i_cva6/ex_stage_i/i___350/O
                         net (fo=2, routed)           0.587    23.420    i_ariane/i_cva6/ex_stage_i/lsu_i/lsu_bypass_i/mem_q_reg[0][be][3]_0[2]
    SLICE_X58Y61         FDCE                                         r  i_ariane/i_cva6/ex_stage_i/lsu_i/lsu_bypass_i/mem_q_reg[0][be][2]/D
  -------------------------------------------------------------------    -------------------

                         (clock clk_out1_xlnx_clk_gen rise edge)
                                                     25.000    25.000 r  
    K17                                               0.000    25.000 r  clk_sys (IN)
                         net (fo=0)                   0.000    25.000    i_xlnx_clk_gen/inst/clk_in1
    K17                  IBUF (Prop_ibuf_I_O)         1.404    26.404 r  i_xlnx_clk_gen/inst/clkin1_ibufg/O
                         net (fo=1, routed)           1.162    27.566    i_xlnx_clk_gen/inst/clk_in1_xlnx_clk_gen
    MMCME2_ADV_X1Y2      MMCME2_ADV (Prop_mmcme2_adv_CLKIN1_CLKOUT0)
                                                     -7.814    19.752 r  i_xlnx_clk_gen/inst/mmcm_adv_inst/CLKOUT0
                         net (fo=1, routed)           2.012    21.764    i_xlnx_clk_gen/inst/clk_out1_xlnx_clk_gen
    BUFGCTRL_X0Y16       BUFG (Prop_bufg_I_O)         0.091    21.855 r  i_xlnx_clk_gen/inst/clkout1_buf/O
                         net (fo=14914, routed)       1.534    23.389    i_ariane/i_cva6/ex_stage_i/lsu_i/lsu_bypass_i/clk_out1
    SLICE_X58Y61         FDCE                                         r  i_ariane/i_cva6/ex_stage_i/lsu_i/lsu_bypass_i/mem_q_reg[0][be][2]/C
                         clock pessimism              0.567    23.956    
                         clock uncertainty           -0.082    23.874    
    SLICE_X58Y61         FDCE (Setup_fdce_C_D)       -0.249    23.625    i_ariane/i_cva6/ex_stage_i/lsu_i/lsu_bypass_i/mem_q_reg[0][be][2]
  -------------------------------------------------------------------
                         required time                         23.625    
                         arrival time                         -23.420    
  -------------------------------------------------------------------
                         slack                                  0.204    

Slack (MET) :             0.299ns  (required time - arrival time)
  Source:                 i_ariane/i_cva6/csr_regfile_i/pmpaddr_q_reg[6][3]/C
                            (rising edge-triggered cell FDCE clocked by clk_out1_xlnx_clk_gen  {rise@0.000ns fall@12.500ns period=25.000ns})
  Destination:            i_ariane/i_cva6/ex_stage_i/lsu_i/lsu_bypass_i/mem_q_reg[1][vaddr][3]/D
                            (rising edge-triggered cell FDCE clocked by clk_out1_xlnx_clk_gen  {rise@0.000ns fall@12.500ns period=25.000ns})
  Path Group:             clk_out1_xlnx_clk_gen
  Path Type:              Setup (Max at Slow Process Corner)
  Requirement:            25.000ns  (clk_out1_xlnx_clk_gen rise@25.000ns - clk_out1_xlnx_clk_gen rise@0.000ns)
  Data Path Delay:        24.206ns  (logic 6.028ns (24.903%)  route 18.178ns (75.097%))
  Logic Levels:           33  (CARRY4=1 LUT2=2 LUT3=4 LUT4=7 LUT5=5 LUT6=14)
  Clock Path Skew:        -0.127ns (DCD - SCD + CPR)
    Destination Clock Delay (DCD):    -1.613ns = ( 23.387 - 25.000 ) 
    Source Clock Delay      (SCD):    -0.919ns
    Clock Pessimism Removal (CPR):    0.567ns
  Clock Uncertainty:      0.082ns  ((TSJ^2 + DJ^2)^1/2) / 2 + PE
    Total System Jitter     (TSJ):    0.071ns
    Discrete Jitter          (DJ):    0.149ns
    Phase Error              (PE):    0.000ns

    Location             Delay type                Incr(ns)  Path(ns)    Netlist Resource(s)
  -------------------------------------------------------------------    -------------------
                         (clock clk_out1_xlnx_clk_gen rise edge)
                                                      0.000     0.000 r  
    K17                                               0.000     0.000 r  clk_sys (IN)
                         net (fo=0)                   0.000     0.000    i_xlnx_clk_gen/inst/clk_in1
    K17                  IBUF (Prop_ibuf_I_O)         1.475     1.475 r  i_xlnx_clk_gen/inst/clkin1_ibufg/O
                         net (fo=1, routed)           1.285     2.760    i_xlnx_clk_gen/inst/clk_in1_xlnx_clk_gen
    MMCME2_ADV_X1Y2      MMCME2_ADV (Prop_mmcme2_adv_CLKIN1_CLKOUT0)
                                                     -7.759    -4.999 r  i_xlnx_clk_gen/inst/mmcm_adv_inst/CLKOUT0
                         net (fo=1, routed)           2.206    -2.793    i_xlnx_clk_gen/inst/clk_out1_xlnx_clk_gen
    BUFGCTRL_X0Y16       BUFG (Prop_bufg_I_O)         0.101    -2.692 r  i_xlnx_clk_gen/inst/clkout1_buf/O
                         net (fo=14914, routed)       1.773    -0.919    i_ariane/i_cva6/csr_regfile_i/clk_out1
    SLICE_X96Y68         FDCE                                         r  i_ariane/i_cva6/csr_regfile_i/pmpaddr_q_reg[6][3]/C
  -------------------------------------------------------------------    -------------------
    SLICE_X96Y68         FDCE (Prop_fdce_C_Q)         0.518    -0.401 r  i_ariane/i_cva6/csr_regfile_i/pmpaddr_q_reg[6][3]/Q
                         net (fo=14, routed)          0.880     0.479    i_ariane/i_cva6/csr_regfile_i/pmpaddr_q_reg[6][31]_0[3]
    SLICE_X96Y68         LUT6 (Prop_lut6_I2_O)        0.124     0.603 r  i_ariane/i_cva6/csr_regfile_i/i___48_i_97/O
                         net (fo=3, routed)           0.313     0.916    i_ariane/i_cva6/csr_regfile_i/pmpaddr_q_reg[6][4]_0
    SLICE_X95Y69         LUT6 (Prop_lut6_I5_O)        0.124     1.040 r  i_ariane/i_cva6/csr_regfile_i/i___48_i_102/O
                         net (fo=3, routed)           0.585     1.625    i_ariane/i_cva6/csr_regfile_i/i___48_i_102_n_0
    SLICE_X95Y69         LUT3 (Prop_lut3_I2_O)        0.124     1.749 r  i_ariane/i_cva6/csr_regfile_i/i___48_i_75/O
                         net (fo=4, routed)           0.877     2.626    i_ariane/i_cva6/csr_regfile_i/i___48_i_75_n_0
    SLICE_X93Y73         LUT5 (Prop_lut5_I2_O)        0.124     2.750 r  i_ariane/i_cva6/csr_regfile_i/i___48_i_101/O
                         net (fo=3, routed)           0.428     3.177    i_ariane/i_cva6/csr_regfile_i/i___48_i_101_n_0
    SLICE_X92Y74         LUT3 (Prop_lut3_I2_O)        0.116     3.293 r  i_ariane/i_cva6/csr_regfile_i/i___48_i_71/O
                         net (fo=4, routed)           0.717     4.010    i_ariane/i_cva6/csr_regfile_i/i___48_i_71_n_0
    SLICE_X92Y75         LUT5 (Prop_lut5_I2_O)        0.354     4.364 r  i_ariane/i_cva6/csr_regfile_i/i___48_i_78/O
                         net (fo=3, routed)           0.663     5.027    i_ariane/i_cva6/csr_regfile_i/i___48_i_78_n_0
    SLICE_X92Y75         LUT3 (Prop_lut3_I2_O)        0.374     5.401 r  i_ariane/i_cva6/csr_regfile_i/i___48_i_42/O
                         net (fo=6, routed)           0.876     6.277    i_ariane/i_cva6/csr_regfile_i/i___48_i_42_n_0
    SLICE_X88Y76         LUT3 (Prop_lut3_I0_O)        0.328     6.605 r  i_ariane/i_cva6/csr_regfile_i/gen_register.d_o[100]_i_119/O
                         net (fo=1, routed)           0.000     6.605    i_ariane/i_cva6/csr_regfile_i/gen_register.d_o[100]_i_119_n_0
    SLICE_X88Y76         CARRY4 (Prop_carry4_S[3]_CO[3])
                                                      0.401     7.006 r  i_ariane/i_cva6/csr_regfile_i/lsu_i/i_pmp_data_if/i_pmp_data/gen_pmp.genblk1[6].i_pmp_entry/gen_register.d_o_reg[100]_i_36/CO[3]
                         net (fo=1, routed)           0.743     7.749    i_ariane/i_cva6/csr_regfile_i/lsu_i/i_pmp_data_if/i_pmp_data/gen_pmp.genblk1[6].i_pmp_entry/gen_register.d_o_reg[100]_i_36_n_0
    SLICE_X85Y76         LUT6 (Prop_lut6_I4_O)        0.124     7.873 r  i_ariane/i_cva6/csr_regfile_i/gen_register.d_o[100]_i_14/O
                         net (fo=4, routed)           0.830     8.704    i_ariane/i_cva6/csr_regfile_i/gen_register.d_o[100]_i_14_n_0
    SLICE_X81Y76         LUT4 (Prop_lut4_I0_O)        0.152     8.856 r  i_ariane/i_cva6/csr_regfile_i/gen_register.d_o[100]_i_21/O
                         net (fo=1, routed)           0.595     9.451    i_ariane/i_cva6/csr_regfile_i/gen_register.d_o[100]_i_21_n_0
    SLICE_X80Y73         LUT6 (Prop_lut6_I5_O)        0.332     9.783 f  i_ariane/i_cva6/csr_regfile_i/gen_register.d_o[100]_i_5/O
                         net (fo=2, routed)           0.510    10.293    i_ariane/i_cva6/csr_regfile_i/gen_register.d_o[100]_i_5_n_0
    SLICE_X81Y65         LUT5 (Prop_lut5_I4_O)        0.124    10.417 f  i_ariane/i_cva6/csr_regfile_i/gen_register.d_o[100]_i_1/O
                         net (fo=54, routed)          0.385    10.801    i_ariane/i_cva6/ex_stage_i/lsu_i/i_load_unit/gen_register.d_o[147]_i_2_0[0]
    SLICE_X80Y65         LUT6 (Prop_lut6_I4_O)        0.124    10.925 f  i_ariane/i_cva6/ex_stage_i/lsu_i/i_load_unit/gen_register.d_o[166]_i_4/O
                         net (fo=5, routed)           0.602    11.527    i_ariane/i_cva6/gen_cache_hpd.i_cache_subsystem/i_dcache/i_hpdcache/hpdcache_ctrl_i/hpdcache_memctrl_i/dcache_req_ports_ex_cache[1][kill_req]
    SLICE_X67Y64         LUT6 (Prop_lut6_I0_O)        0.124    11.651 f  i_ariane/i_cva6/gen_cache_hpd.i_cache_subsystem/i_dcache/i_hpdcache/hpdcache_ctrl_i/hpdcache_memctrl_i/tail_q[3]_i_4/O
                         net (fo=5, routed)           0.421    12.073    i_ariane/i_cva6/gen_cache_hpd.i_cache_subsystem/i_dcache/i_hpdcache/hpdcache_ctrl_i/hpdcache_memctrl_i/arb_req_gnt_q_reg[1]_0
    SLICE_X67Y64         LUT5 (Prop_lut5_I4_O)        0.124    12.197 f  i_ariane/i_cva6/gen_cache_hpd.i_cache_subsystem/i_dcache/i_hpdcache/hpdcache_ctrl_i/hpdcache_memctrl_i/valid_q[3]_i_5/O
                         net (fo=3, routed)           0.421    12.617    i_ariane/i_cva6/gen_cache_hpd.i_cache_subsystem/i_dcache/i_hpdcache/hpdcache_ctrl_i/hpdcache_rtab_i/st2_mshr_alloc_need_rsp_q_reg
    SLICE_X67Y66         LUT2 (Prop_lut2_I1_O)        0.119    12.736 r  i_ariane/i_cva6/gen_cache_hpd.i_cache_subsystem/i_dcache/i_hpdcache/hpdcache_ctrl_i/hpdcache_rtab_i/st2_dir_updt_valid_q_i_4/O
                         net (fo=19, routed)          0.687    13.423    i_ariane/i_cva6/gen_cache_hpd.i_cache_subsystem/i_dcache/i_hpdcache/hpdcache_ctrl_i/hpdcache_rtab_i/st1_req_rtab_q_reg
    SLICE_X67Y66         LUT4 (Prop_lut4_I0_O)        0.332    13.755 r  i_ariane/i_cva6/gen_cache_hpd.i_cache_subsystem/i_dcache/i_hpdcache/hpdcache_ctrl_i/hpdcache_rtab_i/mem_reg_0_i_66__0/O
                         net (fo=83, routed)          0.449    14.204    i_ariane/i_cva6/gen_cache_hpd.i_cache_subsystem/i_dcache/i_hpdcache/hpdcache_ctrl_i/hpdcache_rtab_i/st1_req_q_reg[op][4]_0
    SLICE_X65Y65         LUT2 (Prop_lut2_I0_O)        0.124    14.328 r  i_ariane/i_cva6/gen_cache_hpd.i_cache_subsystem/i_dcache/i_hpdcache/hpdcache_ctrl_i/hpdcache_rtab_i/st2_dir_updt_valid_q_i_7/O
                         net (fo=6, routed)           0.409    14.737    i_ariane/i_cva6/gen_cache_hpd.i_cache_subsystem/i_dcache/i_hpdcache/hpdcache_ctrl_i/hpdcache_memctrl_i/gen_dir_sram[1].dir_sram/ram_i/st2_dir_updt_valid_q_reg
    SLICE_X67Y65         LUT6 (Prop_lut6_I3_O)        0.124    14.861 r  i_ariane/i_cva6/gen_cache_hpd.i_cache_subsystem/i_dcache/i_hpdcache/hpdcache_ctrl_i/hpdcache_memctrl_i/gen_dir_sram[1].dir_sram/ram_i/i___52_i_5/O
                         net (fo=1, routed)           0.263    15.124    i_ariane/i_cva6/gen_cache_hpd.i_cache_subsystem/i_dcache/i_hpdcache/hpdcache_ctrl_i/hpdcache_memctrl_i/gen_dir_sram[1].dir_sram/ram_i/core_rsp_valid
    SLICE_X67Y65         LUT6 (Prop_lut6_I0_O)        0.124    15.248 r  i_ariane/i_cva6/gen_cache_hpd.i_cache_subsystem/i_dcache/i_hpdcache/hpdcache_ctrl_i/hpdcache_memctrl_i/gen_dir_sram[1].dir_sram/ram_i/i___52_i_2/O
                         net (fo=6, routed)           0.188    15.437    i_ariane/i_cva6/ex_stage_i/lsu_i/lsu_bypass_i/dcache_req_ports_cache_ex[1][data_rvalid]
    SLICE_X67Y65         LUT6 (Prop_lut6_I5_O)        0.124    15.561 r  i_ariane/i_cva6/ex_stage_i/lsu_i/lsu_bypass_i/i___435_i_1/O
                         net (fo=7, routed)           0.323    15.883    i_ariane/i_cva6/ex_stage_i/i_load_unit/req_port_o1__1
    SLICE_X67Y64         LUT6 (Prop_lut6_I0_O)        0.124    16.007 r  i_ariane/i_cva6/ex_stage_i/i___435/O
                         net (fo=84, routed)          0.694    16.702    i_ariane/i_cva6/gen_cache_hpd.i_cache_subsystem/i_dcache/i_hpdcache/core_req_arbiter_i/req_arbiter_i/dcache_req_ports_ex_cache[1][data_req]
    SLICE_X64Y63         LUT4 (Prop_lut4_I1_O)        0.124    16.826 f  i_ariane/i_cva6/gen_cache_hpd.i_cache_subsystem/i_dcache/i_hpdcache/core_req_arbiter_i/req_arbiter_i/st1_req_q[phys_indexed]_i_2/O
                         net (fo=25, routed)          0.532    17.357    i_ariane/i_cva6/gen_cache_hpd.i_cache_subsystem/i_dcache/i_hpdcache/hpdcache_ctrl_i/hpdcache_rtab_i/pop_arb_i/st1_req_q_reg[phys_indexed]_0
    SLICE_X67Y61         LUT5 (Prop_lut5_I2_O)        0.124    17.481 f  i_ariane/i_cva6/gen_cache_hpd.i_cache_subsystem/i_dcache/i_hpdcache/hpdcache_ctrl_i/hpdcache_rtab_i/pop_arb_i/st1_req_q[op][2]_i_3/O
                         net (fo=1, routed)           0.264    17.745    i_ariane/i_cva6/gen_cache_hpd.i_cache_subsystem/i_dcache/i_hpdcache/hpdcache_ctrl_i/hpdcache_rtab_i/pop_arb_i/st1_req_q[op][2]_i_3_n_0
    SLICE_X67Y61         LUT6 (Prop_lut6_I4_O)        0.124    17.869 f  i_ariane/i_cva6/gen_cache_hpd.i_cache_subsystem/i_dcache/i_hpdcache/hpdcache_ctrl_i/hpdcache_rtab_i/pop_arb_i/st1_req_q[op][2]_i_1/O
                         net (fo=18, routed)          0.900    18.769    i_ariane/i_cva6/gen_cache_hpd.i_cache_subsystem/i_dcache/i_hpdcache/hpdcache_ctrl_i/hpdcache_rtab_i/pop_arb_i/req_q_reg[0][req][op][2]
    SLICE_X66Y62         LUT6 (Prop_lut6_I1_O)        0.124    18.893 f  i_ariane/i_cva6/gen_cache_hpd.i_cache_subsystem/i_dcache/i_hpdcache/hpdcache_ctrl_i/hpdcache_rtab_i/pop_arb_i/st1_req_q[op][4]_i_10/O
                         net (fo=1, routed)           0.404    19.297    i_ariane/i_cva6/gen_cache_hpd.i_cache_subsystem/i_dcache/i_hpdcache/hpdcache_ctrl_i/hpdcache_memctrl_i/gen_dir_sram[1].dir_sram/ram_i/st1_req_valid_q_reg_4
    SLICE_X67Y63         LUT6 (Prop_lut6_I2_O)        0.124    19.421 f  i_ariane/i_cva6/gen_cache_hpd.i_cache_subsystem/i_dcache/i_hpdcache/hpdcache_ctrl_i/hpdcache_memctrl_i/gen_dir_sram[1].dir_sram/ram_i/st1_req_q[op][4]_i_5/O
                         net (fo=4, routed)           0.398    19.819    i_ariane/i_cva6/gen_cache_hpd.i_cache_subsystem/i_dcache/i_hpdcache/hpdcache_ctrl_i/hpdcache_memctrl_i/gen_dir_sram[1].dir_sram/ram_i/arb_req_gnt_q_reg[1]
    SLICE_X66Y63         LUT4 (Prop_lut4_I2_O)        0.124    19.943 f  i_ariane/i_cva6/gen_cache_hpd.i_cache_subsystem/i_dcache/i_hpdcache/hpdcache_ctrl_i/hpdcache_memctrl_i/gen_dir_sram[1].dir_sram/ram_i/i___358_i_2/O
                         net (fo=5, routed)           0.444    20.387    i_ariane/i_cva6/gen_cache_hpd.i_cache_subsystem/i_dcache/i_hpdcache/core_req_arbiter_i/req_arbiter_i/wait_q_reg_3
    SLICE_X64Y63         LUT4 (Prop_lut4_I3_O)        0.124    20.511 f  i_ariane/i_cva6/gen_cache_hpd.i_cache_subsystem/i_dcache/i_hpdcache/core_req_arbiter_i/req_arbiter_i/i___358_i_1/O
                         net (fo=9, routed)           0.480    20.991    i_ariane/i_cva6/ex_stage_i/lsu_i/lsu_bypass_i/dcache_req_ports_cache_ex[1][data_gnt]
    SLICE_X66Y64         LUT4 (Prop_lut4_I1_O)        0.124    21.115 f  i_ariane/i_cva6/ex_stage_i/lsu_i/lsu_bypass_i/i___49_i_4/O
                         net (fo=1, routed)           0.423    21.538    i_ariane/i_cva6/ex_stage_i/lsu_i/i_load_unit/pop_ld_o10_out__1
    SLICE_X65Y63         LUT6 (Prop_lut6_I5_O)        0.124    21.662 f  i_ariane/i_cva6/ex_stage_i/lsu_i/i_load_unit/i___49_i_1/O
                         net (fo=89, routed)          0.887    22.549    i_ariane/i_cva6/ex_stage_i/pop_ld
    SLICE_X58Y63         LUT4 (Prop_lut4_I0_O)        0.150    22.699 r  i_ariane/i_cva6/ex_stage_i/i___305/O
                         net (fo=2, routed)           0.588    23.287    i_ariane/i_cva6/ex_stage_i/lsu_i/lsu_bypass_i/mem_q_reg[0][vaddr][31]_0[3]
    SLICE_X59Y63         FDCE                                         r  i_ariane/i_cva6/ex_stage_i/lsu_i/lsu_bypass_i/mem_q_reg[1][vaddr][3]/D
  -------------------------------------------------------------------    -------------------

                         (clock clk_out1_xlnx_clk_gen rise edge)
                                                     25.000    25.000 r  
    K17                                               0.000    25.000 r  clk_sys (IN)
                         net (fo=0)                   0.000    25.000    i_xlnx_clk_gen/inst/clk_in1
    K17                  IBUF (Prop_ibuf_I_O)         1.404    26.404 r  i_xlnx_clk_gen/inst/clkin1_ibufg/O
                         net (fo=1, routed)           1.162    27.566    i_xlnx_clk_gen/inst/clk_in1_xlnx_clk_gen
    MMCME2_ADV_X1Y2      MMCME2_ADV (Prop_mmcme2_adv_CLKIN1_CLKOUT0)
                                                     -7.814    19.752 r  i_xlnx_clk_gen/inst/mmcm_adv_inst/CLKOUT0
                         net (fo=1, routed)           2.012    21.764    i_xlnx_clk_gen/inst/clk_out1_xlnx_clk_gen
    BUFGCTRL_X0Y16       BUFG (Prop_bufg_I_O)         0.091    21.855 r  i_xlnx_clk_gen/inst/clkout1_buf/O
                         net (fo=14914, routed)       1.532    23.387    i_ariane/i_cva6/ex_stage_i/lsu_i/lsu_bypass_i/clk_out1
    SLICE_X59Y63         FDCE                                         r  i_ariane/i_cva6/ex_stage_i/lsu_i/lsu_bypass_i/mem_q_reg[1][vaddr][3]/C
                         clock pessimism              0.567    23.954    
                         clock uncertainty           -0.082    23.872    
    SLICE_X59Y63         FDCE (Setup_fdce_C_D)       -0.285    23.587    i_ariane/i_cva6/ex_stage_i/lsu_i/lsu_bypass_i/mem_q_reg[1][vaddr][3]
  -------------------------------------------------------------------
                         required time                         23.587    
                         arrival time                         -23.287    
  -------------------------------------------------------------------
                         slack                                  0.299    

Slack (MET) :             0.310ns  (required time - arrival time)
  Source:                 i_ariane/i_cva6/csr_regfile_i/pmpaddr_q_reg[6][3]/C
                            (rising edge-triggered cell FDCE clocked by clk_out1_xlnx_clk_gen  {rise@0.000ns fall@12.500ns period=25.000ns})
  Destination:            i_ariane/i_cva6/ex_stage_i/lsu_i/lsu_bypass_i/mem_q_reg[1][be][2]/D
                            (rising edge-triggered cell FDCE clocked by clk_out1_xlnx_clk_gen  {rise@0.000ns fall@12.500ns period=25.000ns})
  Path Group:             clk_out1_xlnx_clk_gen
  Path Type:              Setup (Max at Slow Process Corner)
  Requirement:            25.000ns  (clk_out1_xlnx_clk_gen rise@25.000ns - clk_out1_xlnx_clk_gen rise@0.000ns)
  Data Path Delay:        24.250ns  (logic 6.028ns (24.858%)  route 18.222ns (75.142%))
  Logic Levels:           33  (CARRY4=1 LUT2=2 LUT3=4 LUT4=7 LUT5=5 LUT6=14)
  Clock Path Skew:        -0.123ns (DCD - SCD + CPR)
    Destination Clock Delay (DCD):    -1.609ns = ( 23.391 - 25.000 ) 
    Source Clock Delay      (SCD):    -0.919ns
    Clock Pessimism Removal (CPR):    0.567ns
  Clock Uncertainty:      0.082ns  ((TSJ^2 + DJ^2)^1/2) / 2 + PE
    Total System Jitter     (TSJ):    0.071ns
    Discrete Jitter          (DJ):    0.149ns
    Phase Error              (PE):    0.000ns

    Location             Delay type                Incr(ns)  Path(ns)    Netlist Resource(s)
  -------------------------------------------------------------------    -------------------
                         (clock clk_out1_xlnx_clk_gen rise edge)
                                                      0.000     0.000 r  
    K17                                               0.000     0.000 r  clk_sys (IN)
                         net (fo=0)                   0.000     0.000    i_xlnx_clk_gen/inst/clk_in1
    K17                  IBUF (Prop_ibuf_I_O)         1.475     1.475 r  i_xlnx_clk_gen/inst/clkin1_ibufg/O
                         net (fo=1, routed)           1.285     2.760    i_xlnx_clk_gen/inst/clk_in1_xlnx_clk_gen
    MMCME2_ADV_X1Y2      MMCME2_ADV (Prop_mmcme2_adv_CLKIN1_CLKOUT0)
                                                     -7.759    -4.999 r  i_xlnx_clk_gen/inst/mmcm_adv_inst/CLKOUT0
                         net (fo=1, routed)           2.206    -2.793    i_xlnx_clk_gen/inst/clk_out1_xlnx_clk_gen
    BUFGCTRL_X0Y16       BUFG (Prop_bufg_I_O)         0.101    -2.692 r  i_xlnx_clk_gen/inst/clkout1_buf/O
                         net (fo=14914, routed)       1.773    -0.919    i_ariane/i_cva6/csr_regfile_i/clk_out1
    SLICE_X96Y68         FDCE                                         r  i_ariane/i_cva6/csr_regfile_i/pmpaddr_q_reg[6][3]/C
  -------------------------------------------------------------------    -------------------
    SLICE_X96Y68         FDCE (Prop_fdce_C_Q)         0.518    -0.401 r  i_ariane/i_cva6/csr_regfile_i/pmpaddr_q_reg[6][3]/Q
                         net (fo=14, routed)          0.880     0.479    i_ariane/i_cva6/csr_regfile_i/pmpaddr_q_reg[6][31]_0[3]
    SLICE_X96Y68         LUT6 (Prop_lut6_I2_O)        0.124     0.603 r  i_ariane/i_cva6/csr_regfile_i/i___48_i_97/O
                         net (fo=3, routed)           0.313     0.916    i_ariane/i_cva6/csr_regfile_i/pmpaddr_q_reg[6][4]_0
    SLICE_X95Y69         LUT6 (Prop_lut6_I5_O)        0.124     1.040 r  i_ariane/i_cva6/csr_regfile_i/i___48_i_102/O
                         net (fo=3, routed)           0.585     1.625    i_ariane/i_cva6/csr_regfile_i/i___48_i_102_n_0
    SLICE_X95Y69         LUT3 (Prop_lut3_I2_O)        0.124     1.749 r  i_ariane/i_cva6/csr_regfile_i/i___48_i_75/O
                         net (fo=4, routed)           0.877     2.626    i_ariane/i_cva6/csr_regfile_i/i___48_i_75_n_0
    SLICE_X93Y73         LUT5 (Prop_lut5_I2_O)        0.124     2.750 r  i_ariane/i_cva6/csr_regfile_i/i___48_i_101/O
                         net (fo=3, routed)           0.428     3.177    i_ariane/i_cva6/csr_regfile_i/i___48_i_101_n_0
    SLICE_X92Y74         LUT3 (Prop_lut3_I2_O)        0.116     3.293 r  i_ariane/i_cva6/csr_regfile_i/i___48_i_71/O
                         net (fo=4, routed)           0.717     4.010    i_ariane/i_cva6/csr_regfile_i/i___48_i_71_n_0
    SLICE_X92Y75         LUT5 (Prop_lut5_I2_O)        0.354     4.364 r  i_ariane/i_cva6/csr_regfile_i/i___48_i_78/O
                         net (fo=3, routed)           0.663     5.027    i_ariane/i_cva6/csr_regfile_i/i___48_i_78_n_0
    SLICE_X92Y75         LUT3 (Prop_lut3_I2_O)        0.374     5.401 r  i_ariane/i_cva6/csr_regfile_i/i___48_i_42/O
                         net (fo=6, routed)           0.876     6.277    i_ariane/i_cva6/csr_regfile_i/i___48_i_42_n_0
    SLICE_X88Y76         LUT3 (Prop_lut3_I0_O)        0.328     6.605 r  i_ariane/i_cva6/csr_regfile_i/gen_register.d_o[100]_i_119/O
                         net (fo=1, routed)           0.000     6.605    i_ariane/i_cva6/csr_regfile_i/gen_register.d_o[100]_i_119_n_0
    SLICE_X88Y76         CARRY4 (Prop_carry4_S[3]_CO[3])
                                                      0.401     7.006 r  i_ariane/i_cva6/csr_regfile_i/lsu_i/i_pmp_data_if/i_pmp_data/gen_pmp.genblk1[6].i_pmp_entry/gen_register.d_o_reg[100]_i_36/CO[3]
                         net (fo=1, routed)           0.743     7.749    i_ariane/i_cva6/csr_regfile_i/lsu_i/i_pmp_data_if/i_pmp_data/gen_pmp.genblk1[6].i_pmp_entry/gen_register.d_o_reg[100]_i_36_n_0
    SLICE_X85Y76         LUT6 (Prop_lut6_I4_O)        0.124     7.873 r  i_ariane/i_cva6/csr_regfile_i/gen_register.d_o[100]_i_14/O
                         net (fo=4, routed)           0.830     8.704    i_ariane/i_cva6/csr_regfile_i/gen_register.d_o[100]_i_14_n_0
    SLICE_X81Y76         LUT4 (Prop_lut4_I0_O)        0.152     8.856 r  i_ariane/i_cva6/csr_regfile_i/gen_register.d_o[100]_i_21/O
                         net (fo=1, routed)           0.595     9.451    i_ariane/i_cva6/csr_regfile_i/gen_register.d_o[100]_i_21_n_0
    SLICE_X80Y73         LUT6 (Prop_lut6_I5_O)        0.332     9.783 f  i_ariane/i_cva6/csr_regfile_i/gen_register.d_o[100]_i_5/O
                         net (fo=2, routed)           0.510    10.293    i_ariane/i_cva6/csr_regfile_i/gen_register.d_o[100]_i_5_n_0
    SLICE_X81Y65         LUT5 (Prop_lut5_I4_O)        0.124    10.417 f  i_ariane/i_cva6/csr_regfile_i/gen_register.d_o[100]_i_1/O
                         net (fo=54, routed)          0.385    10.801    i_ariane/i_cva6/ex_stage_i/lsu_i/i_load_unit/gen_register.d_o[147]_i_2_0[0]
    SLICE_X80Y65         LUT6 (Prop_lut6_I4_O)        0.124    10.925 f  i_ariane/i_cva6/ex_stage_i/lsu_i/i_load_unit/gen_register.d_o[166]_i_4/O
                         net (fo=5, routed)           0.602    11.527    i_ariane/i_cva6/gen_cache_hpd.i_cache_subsystem/i_dcache/i_hpdcache/hpdcache_ctrl_i/hpdcache_memctrl_i/dcache_req_ports_ex_cache[1][kill_req]
    SLICE_X67Y64         LUT6 (Prop_lut6_I0_O)        0.124    11.651 f  i_ariane/i_cva6/gen_cache_hpd.i_cache_subsystem/i_dcache/i_hpdcache/hpdcache_ctrl_i/hpdcache_memctrl_i/tail_q[3]_i_4/O
                         net (fo=5, routed)           0.421    12.073    i_ariane/i_cva6/gen_cache_hpd.i_cache_subsystem/i_dcache/i_hpdcache/hpdcache_ctrl_i/hpdcache_memctrl_i/arb_req_gnt_q_reg[1]_0
    SLICE_X67Y64         LUT5 (Prop_lut5_I4_O)        0.124    12.197 f  i_ariane/i_cva6/gen_cache_hpd.i_cache_subsystem/i_dcache/i_hpdcache/hpdcache_ctrl_i/hpdcache_memctrl_i/valid_q[3]_i_5/O
                         net (fo=3, routed)           0.421    12.617    i_ariane/i_cva6/gen_cache_hpd.i_cache_subsystem/i_dcache/i_hpdcache/hpdcache_ctrl_i/hpdcache_rtab_i/st2_mshr_alloc_need_rsp_q_reg
    SLICE_X67Y66         LUT2 (Prop_lut2_I1_O)        0.119    12.736 r  i_ariane/i_cva6/gen_cache_hpd.i_cache_subsystem/i_dcache/i_hpdcache/hpdcache_ctrl_i/hpdcache_rtab_i/st2_dir_updt_valid_q_i_4/O
                         net (fo=19, routed)          0.687    13.423    i_ariane/i_cva6/gen_cache_hpd.i_cache_subsystem/i_dcache/i_hpdcache/hpdcache_ctrl_i/hpdcache_rtab_i/st1_req_rtab_q_reg
    SLICE_X67Y66         LUT4 (Prop_lut4_I0_O)        0.332    13.755 r  i_ariane/i_cva6/gen_cache_hpd.i_cache_subsystem/i_dcache/i_hpdcache/hpdcache_ctrl_i/hpdcache_rtab_i/mem_reg_0_i_66__0/O
                         net (fo=83, routed)          0.449    14.204    i_ariane/i_cva6/gen_cache_hpd.i_cache_subsystem/i_dcache/i_hpdcache/hpdcache_ctrl_i/hpdcache_rtab_i/st1_req_q_reg[op][4]_0
    SLICE_X65Y65         LUT2 (Prop_lut2_I0_O)        0.124    14.328 r  i_ariane/i_cva6/gen_cache_hpd.i_cache_subsystem/i_dcache/i_hpdcache/hpdcache_ctrl_i/hpdcache_rtab_i/st2_dir_updt_valid_q_i_7/O
                         net (fo=6, routed)           0.409    14.737    i_ariane/i_cva6/gen_cache_hpd.i_cache_subsystem/i_dcache/i_hpdcache/hpdcache_ctrl_i/hpdcache_memctrl_i/gen_dir_sram[1].dir_sram/ram_i/st2_dir_updt_valid_q_reg
    SLICE_X67Y65         LUT6 (Prop_lut6_I3_O)        0.124    14.861 r  i_ariane/i_cva6/gen_cache_hpd.i_cache_subsystem/i_dcache/i_hpdcache/hpdcache_ctrl_i/hpdcache_memctrl_i/gen_dir_sram[1].dir_sram/ram_i/i___52_i_5/O
                         net (fo=1, routed)           0.263    15.124    i_ariane/i_cva6/gen_cache_hpd.i_cache_subsystem/i_dcache/i_hpdcache/hpdcache_ctrl_i/hpdcache_memctrl_i/gen_dir_sram[1].dir_sram/ram_i/core_rsp_valid
    SLICE_X67Y65         LUT6 (Prop_lut6_I0_O)        0.124    15.248 r  i_ariane/i_cva6/gen_cache_hpd.i_cache_subsystem/i_dcache/i_hpdcache/hpdcache_ctrl_i/hpdcache_memctrl_i/gen_dir_sram[1].dir_sram/ram_i/i___52_i_2/O
                         net (fo=6, routed)           0.188    15.437    i_ariane/i_cva6/ex_stage_i/lsu_i/lsu_bypass_i/dcache_req_ports_cache_ex[1][data_rvalid]
    SLICE_X67Y65         LUT6 (Prop_lut6_I5_O)        0.124    15.561 r  i_ariane/i_cva6/ex_stage_i/lsu_i/lsu_bypass_i/i___435_i_1/O
                         net (fo=7, routed)           0.323    15.883    i_ariane/i_cva6/ex_stage_i/i_load_unit/req_port_o1__1
    SLICE_X67Y64         LUT6 (Prop_lut6_I0_O)        0.124    16.007 r  i_ariane/i_cva6/ex_stage_i/i___435/O
                         net (fo=84, routed)          0.694    16.702    i_ariane/i_cva6/gen_cache_hpd.i_cache_subsystem/i_dcache/i_hpdcache/core_req_arbiter_i/req_arbiter_i/dcache_req_ports_ex_cache[1][data_req]
    SLICE_X64Y63         LUT4 (Prop_lut4_I1_O)        0.124    16.826 f  i_ariane/i_cva6/gen_cache_hpd.i_cache_subsystem/i_dcache/i_hpdcache/core_req_arbiter_i/req_arbiter_i/st1_req_q[phys_indexed]_i_2/O
                         net (fo=25, routed)          0.532    17.357    i_ariane/i_cva6/gen_cache_hpd.i_cache_subsystem/i_dcache/i_hpdcache/hpdcache_ctrl_i/hpdcache_rtab_i/pop_arb_i/st1_req_q_reg[phys_indexed]_0
    SLICE_X67Y61         LUT5 (Prop_lut5_I2_O)        0.124    17.481 f  i_ariane/i_cva6/gen_cache_hpd.i_cache_subsystem/i_dcache/i_hpdcache/hpdcache_ctrl_i/hpdcache_rtab_i/pop_arb_i/st1_req_q[op][2]_i_3/O
                         net (fo=1, routed)           0.264    17.745    i_ariane/i_cva6/gen_cache_hpd.i_cache_subsystem/i_dcache/i_hpdcache/hpdcache_ctrl_i/hpdcache_rtab_i/pop_arb_i/st1_req_q[op][2]_i_3_n_0
    SLICE_X67Y61         LUT6 (Prop_lut6_I4_O)        0.124    17.869 f  i_ariane/i_cva6/gen_cache_hpd.i_cache_subsystem/i_dcache/i_hpdcache/hpdcache_ctrl_i/hpdcache_rtab_i/pop_arb_i/st1_req_q[op][2]_i_1/O
                         net (fo=18, routed)          0.900    18.769    i_ariane/i_cva6/gen_cache_hpd.i_cache_subsystem/i_dcache/i_hpdcache/hpdcache_ctrl_i/hpdcache_rtab_i/pop_arb_i/req_q_reg[0][req][op][2]
    SLICE_X66Y62         LUT6 (Prop_lut6_I1_O)        0.124    18.893 f  i_ariane/i_cva6/gen_cache_hpd.i_cache_subsystem/i_dcache/i_hpdcache/hpdcache_ctrl_i/hpdcache_rtab_i/pop_arb_i/st1_req_q[op][4]_i_10/O
                         net (fo=1, routed)           0.404    19.297    i_ariane/i_cva6/gen_cache_hpd.i_cache_subsystem/i_dcache/i_hpdcache/hpdcache_ctrl_i/hpdcache_memctrl_i/gen_dir_sram[1].dir_sram/ram_i/st1_req_valid_q_reg_4
    SLICE_X67Y63         LUT6 (Prop_lut6_I2_O)        0.124    19.421 f  i_ariane/i_cva6/gen_cache_hpd.i_cache_subsystem/i_dcache/i_hpdcache/hpdcache_ctrl_i/hpdcache_memctrl_i/gen_dir_sram[1].dir_sram/ram_i/st1_req_q[op][4]_i_5/O
                         net (fo=4, routed)           0.398    19.819    i_ariane/i_cva6/gen_cache_hpd.i_cache_subsystem/i_dcache/i_hpdcache/hpdcache_ctrl_i/hpdcache_memctrl_i/gen_dir_sram[1].dir_sram/ram_i/arb_req_gnt_q_reg[1]
    SLICE_X66Y63         LUT4 (Prop_lut4_I2_O)        0.124    19.943 f  i_ariane/i_cva6/gen_cache_hpd.i_cache_subsystem/i_dcache/i_hpdcache/hpdcache_ctrl_i/hpdcache_memctrl_i/gen_dir_sram[1].dir_sram/ram_i/i___358_i_2/O
                         net (fo=5, routed)           0.444    20.387    i_ariane/i_cva6/gen_cache_hpd.i_cache_subsystem/i_dcache/i_hpdcache/core_req_arbiter_i/req_arbiter_i/wait_q_reg_3
    SLICE_X64Y63         LUT4 (Prop_lut4_I3_O)        0.124    20.511 f  i_ariane/i_cva6/gen_cache_hpd.i_cache_subsystem/i_dcache/i_hpdcache/core_req_arbiter_i/req_arbiter_i/i___358_i_1/O
                         net (fo=9, routed)           0.480    20.991    i_ariane/i_cva6/ex_stage_i/lsu_i/lsu_bypass_i/dcache_req_ports_cache_ex[1][data_gnt]
    SLICE_X66Y64         LUT4 (Prop_lut4_I1_O)        0.124    21.115 f  i_ariane/i_cva6/ex_stage_i/lsu_i/lsu_bypass_i/i___49_i_4/O
                         net (fo=1, routed)           0.423    21.538    i_ariane/i_cva6/ex_stage_i/lsu_i/i_load_unit/pop_ld_o10_out__1
    SLICE_X65Y63         LUT6 (Prop_lut6_I5_O)        0.124    21.662 f  i_ariane/i_cva6/ex_stage_i/lsu_i/i_load_unit/i___49_i_1/O
                         net (fo=89, routed)          1.021    22.683    i_ariane/i_cva6/ex_stage_i/pop_ld
    SLICE_X58Y61         LUT4 (Prop_lut4_I0_O)        0.150    22.833 r  i_ariane/i_cva6/ex_stage_i/i___350/O
                         net (fo=2, routed)           0.498    23.331    i_ariane/i_cva6/ex_stage_i/lsu_i/lsu_bypass_i/mem_q_reg[0][be][3]_0[2]
    SLICE_X62Y62         FDCE                                         r  i_ariane/i_cva6/ex_stage_i/lsu_i/lsu_bypass_i/mem_q_reg[1][be][2]/D
  -------------------------------------------------------------------    -------------------

                         (clock clk_out1_xlnx_clk_gen rise edge)
                                                     25.000    25.000 r  
    K17                                               0.000    25.000 r  clk_sys (IN)
                         net (fo=0)                   0.000    25.000    i_xlnx_clk_gen/inst/clk_in1
    K17                  IBUF (Prop_ibuf_I_O)         1.404    26.404 r  i_xlnx_clk_gen/inst/clkin1_ibufg/O
                         net (fo=1, routed)           1.162    27.566    i_xlnx_clk_gen/inst/clk_in1_xlnx_clk_gen
    MMCME2_ADV_X1Y2      MMCME2_ADV (Prop_mmcme2_adv_CLKIN1_CLKOUT0)
                                                     -7.814    19.752 r  i_xlnx_clk_gen/inst/mmcm_adv_inst/CLKOUT0
                         net (fo=1, routed)           2.012    21.764    i_xlnx_clk_gen/inst/clk_out1_xlnx_clk_gen
    BUFGCTRL_X0Y16       BUFG (Prop_bufg_I_O)         0.091    21.855 r  i_xlnx_clk_gen/inst/clkout1_buf/O
                         net (fo=14914, routed)       1.536    23.391    i_ariane/i_cva6/ex_stage_i/lsu_i/lsu_bypass_i/clk_out1
    SLICE_X62Y62         FDCE                                         r  i_ariane/i_cva6/ex_stage_i/lsu_i/lsu_bypass_i/mem_q_reg[1][be][2]/C
                         clock pessimism              0.567    23.958    
                         clock uncertainty           -0.082    23.876    
    SLICE_X62Y62         FDCE (Setup_fdce_C_D)       -0.235    23.641    i_ariane/i_cva6/ex_stage_i/lsu_i/lsu_bypass_i/mem_q_reg[1][be][2]
  -------------------------------------------------------------------
                         required time                         23.641    
                         arrival time                         -23.331    
  -------------------------------------------------------------------
                         slack                                  0.310    

Slack (MET) :             0.323ns  (required time - arrival time)
  Source:                 i_ariane/i_cva6/csr_regfile_i/pmpaddr_q_reg[6][3]/C
                            (rising edge-triggered cell FDCE clocked by clk_out1_xlnx_clk_gen  {rise@0.000ns fall@12.500ns period=25.000ns})
  Destination:            i_ariane/i_cva6/ex_stage_i/lsu_i/lsu_bypass_i/mem_q_reg[0][vaddr][30]/D
                            (rising edge-triggered cell FDCE clocked by clk_out1_xlnx_clk_gen  {rise@0.000ns fall@12.500ns period=25.000ns})
  Path Group:             clk_out1_xlnx_clk_gen
  Path Type:              Setup (Max at Slow Process Corner)
  Requirement:            25.000ns  (clk_out1_xlnx_clk_gen rise@25.000ns - clk_out1_xlnx_clk_gen rise@0.000ns)
  Data Path Delay:        24.427ns  (logic 6.002ns (24.571%)  route 18.425ns (75.429%))
  Logic Levels:           33  (CARRY4=1 LUT2=2 LUT3=4 LUT4=7 LUT5=5 LUT6=14)
  Clock Path Skew:        -0.124ns (DCD - SCD + CPR)
    Destination Clock Delay (DCD):    -1.610ns = ( 23.390 - 25.000 ) 
    Source Clock Delay      (SCD):    -0.919ns
    Clock Pessimism Removal (CPR):    0.567ns
  Clock Uncertainty:      0.082ns  ((TSJ^2 + DJ^2)^1/2) / 2 + PE
    Total System Jitter     (TSJ):    0.071ns
    Discrete Jitter          (DJ):    0.149ns
    Phase Error              (PE):    0.000ns

    Location             Delay type                Incr(ns)  Path(ns)    Netlist Resource(s)
  -------------------------------------------------------------------    -------------------
                         (clock clk_out1_xlnx_clk_gen rise edge)
                                                      0.000     0.000 r  
    K17                                               0.000     0.000 r  clk_sys (IN)
                         net (fo=0)                   0.000     0.000    i_xlnx_clk_gen/inst/clk_in1
    K17                  IBUF (Prop_ibuf_I_O)         1.475     1.475 r  i_xlnx_clk_gen/inst/clkin1_ibufg/O
                         net (fo=1, routed)           1.285     2.760    i_xlnx_clk_gen/inst/clk_in1_xlnx_clk_gen
    MMCME2_ADV_X1Y2      MMCME2_ADV (Prop_mmcme2_adv_CLKIN1_CLKOUT0)
                                                     -7.759    -4.999 r  i_xlnx_clk_gen/inst/mmcm_adv_inst/CLKOUT0
                         net (fo=1, routed)           2.206    -2.793    i_xlnx_clk_gen/inst/clk_out1_xlnx_clk_gen
    BUFGCTRL_X0Y16       BUFG (Prop_bufg_I_O)         0.101    -2.692 r  i_xlnx_clk_gen/inst/clkout1_buf/O
                         net (fo=14914, routed)       1.773    -0.919    i_ariane/i_cva6/csr_regfile_i/clk_out1
    SLICE_X96Y68         FDCE                                         r  i_ariane/i_cva6/csr_regfile_i/pmpaddr_q_reg[6][3]/C
  -------------------------------------------------------------------    -------------------
    SLICE_X96Y68         FDCE (Prop_fdce_C_Q)         0.518    -0.401 r  i_ariane/i_cva6/csr_regfile_i/pmpaddr_q_reg[6][3]/Q
                         net (fo=14, routed)          0.880     0.479    i_ariane/i_cva6/csr_regfile_i/pmpaddr_q_reg[6][31]_0[3]
    SLICE_X96Y68         LUT6 (Prop_lut6_I2_O)        0.124     0.603 r  i_ariane/i_cva6/csr_regfile_i/i___48_i_97/O
                         net (fo=3, routed)           0.313     0.916    i_ariane/i_cva6/csr_regfile_i/pmpaddr_q_reg[6][4]_0
    SLICE_X95Y69         LUT6 (Prop_lut6_I5_O)        0.124     1.040 r  i_ariane/i_cva6/csr_regfile_i/i___48_i_102/O
                         net (fo=3, routed)           0.585     1.625    i_ariane/i_cva6/csr_regfile_i/i___48_i_102_n_0
    SLICE_X95Y69         LUT3 (Prop_lut3_I2_O)        0.124     1.749 r  i_ariane/i_cva6/csr_regfile_i/i___48_i_75/O
                         net (fo=4, routed)           0.877     2.626    i_ariane/i_cva6/csr_regfile_i/i___48_i_75_n_0
    SLICE_X93Y73         LUT5 (Prop_lut5_I2_O)        0.124     2.750 r  i_ariane/i_cva6/csr_regfile_i/i___48_i_101/O
                         net (fo=3, routed)           0.428     3.177    i_ariane/i_cva6/csr_regfile_i/i___48_i_101_n_0
    SLICE_X92Y74         LUT3 (Prop_lut3_I2_O)        0.116     3.293 r  i_ariane/i_cva6/csr_regfile_i/i___48_i_71/O
                         net (fo=4, routed)           0.717     4.010    i_ariane/i_cva6/csr_regfile_i/i___48_i_71_n_0
    SLICE_X92Y75         LUT5 (Prop_lut5_I2_O)        0.354     4.364 r  i_ariane/i_cva6/csr_regfile_i/i___48_i_78/O
                         net (fo=3, routed)           0.663     5.027    i_ariane/i_cva6/csr_regfile_i/i___48_i_78_n_0
    SLICE_X92Y75         LUT3 (Prop_lut3_I2_O)        0.374     5.401 r  i_ariane/i_cva6/csr_regfile_i/i___48_i_42/O
                         net (fo=6, routed)           0.876     6.277    i_ariane/i_cva6/csr_regfile_i/i___48_i_42_n_0
    SLICE_X88Y76         LUT3 (Prop_lut3_I0_O)        0.328     6.605 r  i_ariane/i_cva6/csr_regfile_i/gen_register.d_o[100]_i_119/O
                         net (fo=1, routed)           0.000     6.605    i_ariane/i_cva6/csr_regfile_i/gen_register.d_o[100]_i_119_n_0
    SLICE_X88Y76         CARRY4 (Prop_carry4_S[3]_CO[3])
                                                      0.401     7.006 r  i_ariane/i_cva6/csr_regfile_i/lsu_i/i_pmp_data_if/i_pmp_data/gen_pmp.genblk1[6].i_pmp_entry/gen_register.d_o_reg[100]_i_36/CO[3]
                         net (fo=1, routed)           0.743     7.749    i_ariane/i_cva6/csr_regfile_i/lsu_i/i_pmp_data_if/i_pmp_data/gen_pmp.genblk1[6].i_pmp_entry/gen_register.d_o_reg[100]_i_36_n_0
    SLICE_X85Y76         LUT6 (Prop_lut6_I4_O)        0.124     7.873 r  i_ariane/i_cva6/csr_regfile_i/gen_register.d_o[100]_i_14/O
                         net (fo=4, routed)           0.830     8.704    i_ariane/i_cva6/csr_regfile_i/gen_register.d_o[100]_i_14_n_0
    SLICE_X81Y76         LUT4 (Prop_lut4_I0_O)        0.152     8.856 r  i_ariane/i_cva6/csr_regfile_i/gen_register.d_o[100]_i_21/O
                         net (fo=1, routed)           0.595     9.451    i_ariane/i_cva6/csr_regfile_i/gen_register.d_o[100]_i_21_n_0
    SLICE_X80Y73         LUT6 (Prop_lut6_I5_O)        0.332     9.783 f  i_ariane/i_cva6/csr_regfile_i/gen_register.d_o[100]_i_5/O
                         net (fo=2, routed)           0.510    10.293    i_ariane/i_cva6/csr_regfile_i/gen_register.d_o[100]_i_5_n_0
    SLICE_X81Y65         LUT5 (Prop_lut5_I4_O)        0.124    10.417 f  i_ariane/i_cva6/csr_regfile_i/gen_register.d_o[100]_i_1/O
                         net (fo=54, routed)          0.385    10.801    i_ariane/i_cva6/ex_stage_i/lsu_i/i_load_unit/gen_register.d_o[147]_i_2_0[0]
    SLICE_X80Y65         LUT6 (Prop_lut6_I4_O)        0.124    10.925 f  i_ariane/i_cva6/ex_stage_i/lsu_i/i_load_unit/gen_register.d_o[166]_i_4/O
                         net (fo=5, routed)           0.602    11.527    i_ariane/i_cva6/gen_cache_hpd.i_cache_subsystem/i_dcache/i_hpdcache/hpdcache_ctrl_i/hpdcache_memctrl_i/dcache_req_ports_ex_cache[1][kill_req]
    SLICE_X67Y64         LUT6 (Prop_lut6_I0_O)        0.124    11.651 f  i_ariane/i_cva6/gen_cache_hpd.i_cache_subsystem/i_dcache/i_hpdcache/hpdcache_ctrl_i/hpdcache_memctrl_i/tail_q[3]_i_4/O
                         net (fo=5, routed)           0.421    12.073    i_ariane/i_cva6/gen_cache_hpd.i_cache_subsystem/i_dcache/i_hpdcache/hpdcache_ctrl_i/hpdcache_memctrl_i/arb_req_gnt_q_reg[1]_0
    SLICE_X67Y64         LUT5 (Prop_lut5_I4_O)        0.124    12.197 f  i_ariane/i_cva6/gen_cache_hpd.i_cache_subsystem/i_dcache/i_hpdcache/hpdcache_ctrl_i/hpdcache_memctrl_i/valid_q[3]_i_5/O
                         net (fo=3, routed)           0.421    12.617    i_ariane/i_cva6/gen_cache_hpd.i_cache_subsystem/i_dcache/i_hpdcache/hpdcache_ctrl_i/hpdcache_rtab_i/st2_mshr_alloc_need_rsp_q_reg
    SLICE_X67Y66         LUT2 (Prop_lut2_I1_O)        0.119    12.736 r  i_ariane/i_cva6/gen_cache_hpd.i_cache_subsystem/i_dcache/i_hpdcache/hpdcache_ctrl_i/hpdcache_rtab_i/st2_dir_updt_valid_q_i_4/O
                         net (fo=19, routed)          0.687    13.423    i_ariane/i_cva6/gen_cache_hpd.i_cache_subsystem/i_dcache/i_hpdcache/hpdcache_ctrl_i/hpdcache_rtab_i/st1_req_rtab_q_reg
    SLICE_X67Y66         LUT4 (Prop_lut4_I0_O)        0.332    13.755 r  i_ariane/i_cva6/gen_cache_hpd.i_cache_subsystem/i_dcache/i_hpdcache/hpdcache_ctrl_i/hpdcache_rtab_i/mem_reg_0_i_66__0/O
                         net (fo=83, routed)          0.449    14.204    i_ariane/i_cva6/gen_cache_hpd.i_cache_subsystem/i_dcache/i_hpdcache/hpdcache_ctrl_i/hpdcache_rtab_i/st1_req_q_reg[op][4]_0
    SLICE_X65Y65         LUT2 (Prop_lut2_I0_O)        0.124    14.328 r  i_ariane/i_cva6/gen_cache_hpd.i_cache_subsystem/i_dcache/i_hpdcache/hpdcache_ctrl_i/hpdcache_rtab_i/st2_dir_updt_valid_q_i_7/O
                         net (fo=6, routed)           0.409    14.737    i_ariane/i_cva6/gen_cache_hpd.i_cache_subsystem/i_dcache/i_hpdcache/hpdcache_ctrl_i/hpdcache_memctrl_i/gen_dir_sram[1].dir_sram/ram_i/st2_dir_updt_valid_q_reg
    SLICE_X67Y65         LUT6 (Prop_lut6_I3_O)        0.124    14.861 r  i_ariane/i_cva6/gen_cache_hpd.i_cache_subsystem/i_dcache/i_hpdcache/hpdcache_ctrl_i/hpdcache_memctrl_i/gen_dir_sram[1].dir_sram/ram_i/i___52_i_5/O
                         net (fo=1, routed)           0.263    15.124    i_ariane/i_cva6/gen_cache_hpd.i_cache_subsystem/i_dcache/i_hpdcache/hpdcache_ctrl_i/hpdcache_memctrl_i/gen_dir_sram[1].dir_sram/ram_i/core_rsp_valid
    SLICE_X67Y65         LUT6 (Prop_lut6_I0_O)        0.124    15.248 r  i_ariane/i_cva6/gen_cache_hpd.i_cache_subsystem/i_dcache/i_hpdcache/hpdcache_ctrl_i/hpdcache_memctrl_i/gen_dir_sram[1].dir_sram/ram_i/i___52_i_2/O
                         net (fo=6, routed)           0.188    15.437    i_ariane/i_cva6/ex_stage_i/lsu_i/lsu_bypass_i/dcache_req_ports_cache_ex[1][data_rvalid]
    SLICE_X67Y65         LUT6 (Prop_lut6_I5_O)        0.124    15.561 r  i_ariane/i_cva6/ex_stage_i/lsu_i/lsu_bypass_i/i___435_i_1/O
                         net (fo=7, routed)           0.323    15.883    i_ariane/i_cva6/ex_stage_i/i_load_unit/req_port_o1__1
    SLICE_X67Y64         LUT6 (Prop_lut6_I0_O)        0.124    16.007 r  i_ariane/i_cva6/ex_stage_i/i___435/O
                         net (fo=84, routed)          0.694    16.702    i_ariane/i_cva6/gen_cache_hpd.i_cache_subsystem/i_dcache/i_hpdcache/core_req_arbiter_i/req_arbiter_i/dcache_req_ports_ex_cache[1][data_req]
    SLICE_X64Y63         LUT4 (Prop_lut4_I1_O)        0.124    16.826 f  i_ariane/i_cva6/gen_cache_hpd.i_cache_subsystem/i_dcache/i_hpdcache/core_req_arbiter_i/req_arbiter_i/st1_req_q[phys_indexed]_i_2/O
                         net (fo=25, routed)          0.532    17.357    i_ariane/i_cva6/gen_cache_hpd.i_cache_subsystem/i_dcache/i_hpdcache/hpdcache_ctrl_i/hpdcache_rtab_i/pop_arb_i/st1_req_q_reg[phys_indexed]_0
    SLICE_X67Y61         LUT5 (Prop_lut5_I2_O)        0.124    17.481 f  i_ariane/i_cva6/gen_cache_hpd.i_cache_subsystem/i_dcache/i_hpdcache/hpdcache_ctrl_i/hpdcache_rtab_i/pop_arb_i/st1_req_q[op][2]_i_3/O
                         net (fo=1, routed)           0.264    17.745    i_ariane/i_cva6/gen_cache_hpd.i_cache_subsystem/i_dcache/i_hpdcache/hpdcache_ctrl_i/hpdcache_rtab_i/pop_arb_i/st1_req_q[op][2]_i_3_n_0
    SLICE_X67Y61         LUT6 (Prop_lut6_I4_O)        0.124    17.869 f  i_ariane/i_cva6/gen_cache_hpd.i_cache_subsystem/i_dcache/i_hpdcache/hpdcache_ctrl_i/hpdcache_rtab_i/pop_arb_i/st1_req_q[op][2]_i_1/O
                         net (fo=18, routed)          0.900    18.769    i_ariane/i_cva6/gen_cache_hpd.i_cache_subsystem/i_dcache/i_hpdcache/hpdcache_ctrl_i/hpdcache_rtab_i/pop_arb_i/req_q_reg[0][req][op][2]
    SLICE_X66Y62         LUT6 (Prop_lut6_I1_O)        0.124    18.893 f  i_ariane/i_cva6/gen_cache_hpd.i_cache_subsystem/i_dcache/i_hpdcache/hpdcache_ctrl_i/hpdcache_rtab_i/pop_arb_i/st1_req_q[op][4]_i_10/O
                         net (fo=1, routed)           0.404    19.297    i_ariane/i_cva6/gen_cache_hpd.i_cache_subsystem/i_dcache/i_hpdcache/hpdcache_ctrl_i/hpdcache_memctrl_i/gen_dir_sram[1].dir_sram/ram_i/st1_req_valid_q_reg_4
    SLICE_X67Y63         LUT6 (Prop_lut6_I2_O)        0.124    19.421 f  i_ariane/i_cva6/gen_cache_hpd.i_cache_subsystem/i_dcache/i_hpdcache/hpdcache_ctrl_i/hpdcache_memctrl_i/gen_dir_sram[1].dir_sram/ram_i/st1_req_q[op][4]_i_5/O
                         net (fo=4, routed)           0.398    19.819    i_ariane/i_cva6/gen_cache_hpd.i_cache_subsystem/i_dcache/i_hpdcache/hpdcache_ctrl_i/hpdcache_memctrl_i/gen_dir_sram[1].dir_sram/ram_i/arb_req_gnt_q_reg[1]
    SLICE_X66Y63         LUT4 (Prop_lut4_I2_O)        0.124    19.943 f  i_ariane/i_cva6/gen_cache_hpd.i_cache_subsystem/i_dcache/i_hpdcache/hpdcache_ctrl_i/hpdcache_memctrl_i/gen_dir_sram[1].dir_sram/ram_i/i___358_i_2/O
                         net (fo=5, routed)           0.444    20.387    i_ariane/i_cva6/gen_cache_hpd.i_cache_subsystem/i_dcache/i_hpdcache/core_req_arbiter_i/req_arbiter_i/wait_q_reg_3
    SLICE_X64Y63         LUT4 (Prop_lut4_I3_O)        0.124    20.511 f  i_ariane/i_cva6/gen_cache_hpd.i_cache_subsystem/i_dcache/i_hpdcache/core_req_arbiter_i/req_arbiter_i/i___358_i_1/O
                         net (fo=9, routed)           0.480    20.991    i_ariane/i_cva6/ex_stage_i/lsu_i/lsu_bypass_i/dcache_req_ports_cache_ex[1][data_gnt]
    SLICE_X66Y64         LUT4 (Prop_lut4_I1_O)        0.124    21.115 f  i_ariane/i_cva6/ex_stage_i/lsu_i/lsu_bypass_i/i___49_i_4/O
                         net (fo=1, routed)           0.423    21.538    i_ariane/i_cva6/ex_stage_i/lsu_i/i_load_unit/pop_ld_o10_out__1
    SLICE_X65Y63         LUT6 (Prop_lut6_I5_O)        0.124    21.662 f  i_ariane/i_cva6/ex_stage_i/lsu_i/i_load_unit/i___49_i_1/O
                         net (fo=89, routed)          0.943    22.605    i_ariane/i_cva6/ex_stage_i/pop_ld
    SLICE_X57Y64         LUT4 (Prop_lut4_I0_O)        0.124    22.729 r  i_ariane/i_cva6/ex_stage_i/i___278/O
                         net (fo=2, routed)           0.779    23.508    i_ariane/i_cva6/ex_stage_i/lsu_i/lsu_bypass_i/mem_q_reg[0][vaddr][31]_0[30]
    SLICE_X67Y65         FDCE                                         r  i_ariane/i_cva6/ex_stage_i/lsu_i/lsu_bypass_i/mem_q_reg[0][vaddr][30]/D
  -------------------------------------------------------------------    -------------------

                         (clock clk_out1_xlnx_clk_gen rise edge)
                                                     25.000    25.000 r  
    K17                                               0.000    25.000 r  clk_sys (IN)
                         net (fo=0)                   0.000    25.000    i_xlnx_clk_gen/inst/clk_in1
    K17                  IBUF (Prop_ibuf_I_O)         1.404    26.404 r  i_xlnx_clk_gen/inst/clkin1_ibufg/O
                         net (fo=1, routed)           1.162    27.566    i_xlnx_clk_gen/inst/clk_in1_xlnx_clk_gen
    MMCME2_ADV_X1Y2      MMCME2_ADV (Prop_mmcme2_adv_CLKIN1_CLKOUT0)
                                                     -7.814    19.752 r  i_xlnx_clk_gen/inst/mmcm_adv_inst/CLKOUT0
                         net (fo=1, routed)           2.012    21.764    i_xlnx_clk_gen/inst/clk_out1_xlnx_clk_gen
    BUFGCTRL_X0Y16       BUFG (Prop_bufg_I_O)         0.091    21.855 r  i_xlnx_clk_gen/inst/clkout1_buf/O
                         net (fo=14914, routed)       1.535    23.390    i_ariane/i_cva6/ex_stage_i/lsu_i/lsu_bypass_i/clk_out1
    SLICE_X67Y65         FDCE                                         r  i_ariane/i_cva6/ex_stage_i/lsu_i/lsu_bypass_i/mem_q_reg[0][vaddr][30]/C
                         clock pessimism              0.567    23.957    
                         clock uncertainty           -0.082    23.875    
    SLICE_X67Y65         FDCE (Setup_fdce_C_D)       -0.043    23.832    i_ariane/i_cva6/ex_stage_i/lsu_i/lsu_bypass_i/mem_q_reg[0][vaddr][30]
  -------------------------------------------------------------------
                         required time                         23.832    
                         arrival time                         -23.508    
  -------------------------------------------------------------------
                         slack                                  0.323    

Slack (MET) :             0.329ns  (required time - arrival time)
  Source:                 i_ariane/i_cva6/csr_regfile_i/pmpaddr_q_reg[6][3]/C
                            (rising edge-triggered cell FDCE clocked by clk_out1_xlnx_clk_gen  {rise@0.000ns fall@12.500ns period=25.000ns})
  Destination:            i_ariane/i_cva6/ex_stage_i/lsu_i/lsu_bypass_i/mem_q_reg[0][vaddr][17]/CE
                            (rising edge-triggered cell FDCE clocked by clk_out1_xlnx_clk_gen  {rise@0.000ns fall@12.500ns period=25.000ns})
  Path Group:             clk_out1_xlnx_clk_gen
  Path Type:              Setup (Max at Slow Process Corner)
  Requirement:            25.000ns  (clk_out1_xlnx_clk_gen rise@25.000ns - clk_out1_xlnx_clk_gen rise@0.000ns)
  Data Path Delay:        24.090ns  (logic 5.996ns (24.890%)  route 18.094ns (75.110%))
  Logic Levels:           33  (CARRY4=1 LUT2=2 LUT3=4 LUT4=6 LUT5=6 LUT6=14)
  Clock Path Skew:        -0.128ns (DCD - SCD + CPR)
    Destination Clock Delay (DCD):    -1.614ns = ( 23.386 - 25.000 ) 
    Source Clock Delay      (SCD):    -0.919ns
    Clock Pessimism Removal (CPR):    0.567ns
  Clock Uncertainty:      0.082ns  ((TSJ^2 + DJ^2)^1/2) / 2 + PE
    Total System Jitter     (TSJ):    0.071ns
    Discrete Jitter          (DJ):    0.149ns
    Phase Error              (PE):    0.000ns

    Location             Delay type                Incr(ns)  Path(ns)    Netlist Resource(s)
  -------------------------------------------------------------------    -------------------
                         (clock clk_out1_xlnx_clk_gen rise edge)
                                                      0.000     0.000 r  
    K17                                               0.000     0.000 r  clk_sys (IN)
                         net (fo=0)                   0.000     0.000    i_xlnx_clk_gen/inst/clk_in1
    K17                  IBUF (Prop_ibuf_I_O)         1.475     1.475 r  i_xlnx_clk_gen/inst/clkin1_ibufg/O
                         net (fo=1, routed)           1.285     2.760    i_xlnx_clk_gen/inst/clk_in1_xlnx_clk_gen
    MMCME2_ADV_X1Y2      MMCME2_ADV (Prop_mmcme2_adv_CLKIN1_CLKOUT0)
                                                     -7.759    -4.999 r  i_xlnx_clk_gen/inst/mmcm_adv_inst/CLKOUT0
                         net (fo=1, routed)           2.206    -2.793    i_xlnx_clk_gen/inst/clk_out1_xlnx_clk_gen
    BUFGCTRL_X0Y16       BUFG (Prop_bufg_I_O)         0.101    -2.692 r  i_xlnx_clk_gen/inst/clkout1_buf/O
                         net (fo=14914, routed)       1.773    -0.919    i_ariane/i_cva6/csr_regfile_i/clk_out1
    SLICE_X96Y68         FDCE                                         r  i_ariane/i_cva6/csr_regfile_i/pmpaddr_q_reg[6][3]/C
  -------------------------------------------------------------------    -------------------
    SLICE_X96Y68         FDCE (Prop_fdce_C_Q)         0.518    -0.401 r  i_ariane/i_cva6/csr_regfile_i/pmpaddr_q_reg[6][3]/Q
                         net (fo=14, routed)          0.880     0.479    i_ariane/i_cva6/csr_regfile_i/pmpaddr_q_reg[6][31]_0[3]
    SLICE_X96Y68         LUT6 (Prop_lut6_I2_O)        0.124     0.603 r  i_ariane/i_cva6/csr_regfile_i/i___48_i_97/O
                         net (fo=3, routed)           0.313     0.916    i_ariane/i_cva6/csr_regfile_i/pmpaddr_q_reg[6][4]_0
    SLICE_X95Y69         LUT6 (Prop_lut6_I5_O)        0.124     1.040 r  i_ariane/i_cva6/csr_regfile_i/i___48_i_102/O
                         net (fo=3, routed)           0.585     1.625    i_ariane/i_cva6/csr_regfile_i/i___48_i_102_n_0
    SLICE_X95Y69         LUT3 (Prop_lut3_I2_O)        0.124     1.749 r  i_ariane/i_cva6/csr_regfile_i/i___48_i_75/O
                         net (fo=4, routed)           0.877     2.626    i_ariane/i_cva6/csr_regfile_i/i___48_i_75_n_0
    SLICE_X93Y73         LUT5 (Prop_lut5_I2_O)        0.124     2.750 r  i_ariane/i_cva6/csr_regfile_i/i___48_i_101/O
                         net (fo=3, routed)           0.428     3.177    i_ariane/i_cva6/csr_regfile_i/i___48_i_101_n_0
    SLICE_X92Y74         LUT3 (Prop_lut3_I2_O)        0.116     3.293 r  i_ariane/i_cva6/csr_regfile_i/i___48_i_71/O
                         net (fo=4, routed)           0.717     4.010    i_ariane/i_cva6/csr_regfile_i/i___48_i_71_n_0
    SLICE_X92Y75         LUT5 (Prop_lut5_I2_O)        0.354     4.364 r  i_ariane/i_cva6/csr_regfile_i/i___48_i_78/O
                         net (fo=3, routed)           0.663     5.027    i_ariane/i_cva6/csr_regfile_i/i___48_i_78_n_0
    SLICE_X92Y75         LUT3 (Prop_lut3_I2_O)        0.374     5.401 r  i_ariane/i_cva6/csr_regfile_i/i___48_i_42/O
                         net (fo=6, routed)           0.876     6.277    i_ariane/i_cva6/csr_regfile_i/i___48_i_42_n_0
    SLICE_X88Y76         LUT3 (Prop_lut3_I0_O)        0.328     6.605 r  i_ariane/i_cva6/csr_regfile_i/gen_register.d_o[100]_i_119/O
                         net (fo=1, routed)           0.000     6.605    i_ariane/i_cva6/csr_regfile_i/gen_register.d_o[100]_i_119_n_0
    SLICE_X88Y76         CARRY4 (Prop_carry4_S[3]_CO[3])
                                                      0.401     7.006 f  i_ariane/i_cva6/csr_regfile_i/lsu_i/i_pmp_data_if/i_pmp_data/gen_pmp.genblk1[6].i_pmp_entry/gen_register.d_o_reg[100]_i_36/CO[3]
                         net (fo=1, routed)           0.743     7.749    i_ariane/i_cva6/csr_regfile_i/lsu_i/i_pmp_data_if/i_pmp_data/gen_pmp.genblk1[6].i_pmp_entry/gen_register.d_o_reg[100]_i_36_n_0
    SLICE_X85Y76         LUT6 (Prop_lut6_I4_O)        0.124     7.873 f  i_ariane/i_cva6/csr_regfile_i/gen_register.d_o[100]_i_14/O
                         net (fo=4, routed)           0.830     8.704    i_ariane/i_cva6/csr_regfile_i/gen_register.d_o[100]_i_14_n_0
    SLICE_X81Y76         LUT4 (Prop_lut4_I0_O)        0.152     8.856 f  i_ariane/i_cva6/csr_regfile_i/gen_register.d_o[100]_i_21/O
                         net (fo=1, routed)           0.595     9.451    i_ariane/i_cva6/csr_regfile_i/gen_register.d_o[100]_i_21_n_0
    SLICE_X80Y73         LUT6 (Prop_lut6_I5_O)        0.332     9.783 r  i_ariane/i_cva6/csr_regfile_i/gen_register.d_o[100]_i_5/O
                         net (fo=2, routed)           0.510    10.293    i_ariane/i_cva6/csr_regfile_i/gen_register.d_o[100]_i_5_n_0
    SLICE_X81Y65         LUT5 (Prop_lut5_I4_O)        0.124    10.417 r  i_ariane/i_cva6/csr_regfile_i/gen_register.d_o[100]_i_1/O
                         net (fo=54, routed)          0.385    10.801    i_ariane/i_cva6/ex_stage_i/lsu_i/i_load_unit/gen_register.d_o[147]_i_2_0[0]
    SLICE_X80Y65         LUT6 (Prop_lut6_I4_O)        0.124    10.925 r  i_ariane/i_cva6/ex_stage_i/lsu_i/i_load_unit/gen_register.d_o[166]_i_4/O
                         net (fo=5, routed)           0.602    11.527    i_ariane/i_cva6/gen_cache_hpd.i_cache_subsystem/i_dcache/i_hpdcache/hpdcache_ctrl_i/hpdcache_memctrl_i/dcache_req_ports_ex_cache[1][kill_req]
    SLICE_X67Y64         LUT6 (Prop_lut6_I0_O)        0.124    11.651 r  i_ariane/i_cva6/gen_cache_hpd.i_cache_subsystem/i_dcache/i_hpdcache/hpdcache_ctrl_i/hpdcache_memctrl_i/tail_q[3]_i_4/O
                         net (fo=5, routed)           0.421    12.073    i_ariane/i_cva6/gen_cache_hpd.i_cache_subsystem/i_dcache/i_hpdcache/hpdcache_ctrl_i/hpdcache_memctrl_i/arb_req_gnt_q_reg[1]_0
    SLICE_X67Y64         LUT5 (Prop_lut5_I4_O)        0.124    12.197 r  i_ariane/i_cva6/gen_cache_hpd.i_cache_subsystem/i_dcache/i_hpdcache/hpdcache_ctrl_i/hpdcache_memctrl_i/valid_q[3]_i_5/O
                         net (fo=3, routed)           0.421    12.617    i_ariane/i_cva6/gen_cache_hpd.i_cache_subsystem/i_dcache/i_hpdcache/hpdcache_ctrl_i/hpdcache_rtab_i/st2_mshr_alloc_need_rsp_q_reg
    SLICE_X67Y66         LUT2 (Prop_lut2_I1_O)        0.119    12.736 f  i_ariane/i_cva6/gen_cache_hpd.i_cache_subsystem/i_dcache/i_hpdcache/hpdcache_ctrl_i/hpdcache_rtab_i/st2_dir_updt_valid_q_i_4/O
                         net (fo=19, routed)          0.687    13.423    i_ariane/i_cva6/gen_cache_hpd.i_cache_subsystem/i_dcache/i_hpdcache/hpdcache_ctrl_i/hpdcache_rtab_i/st1_req_rtab_q_reg
    SLICE_X67Y66         LUT4 (Prop_lut4_I0_O)        0.332    13.755 f  i_ariane/i_cva6/gen_cache_hpd.i_cache_subsystem/i_dcache/i_hpdcache/hpdcache_ctrl_i/hpdcache_rtab_i/mem_reg_0_i_66__0/O
                         net (fo=83, routed)          0.449    14.204    i_ariane/i_cva6/gen_cache_hpd.i_cache_subsystem/i_dcache/i_hpdcache/hpdcache_ctrl_i/hpdcache_rtab_i/st1_req_q_reg[op][4]_0
    SLICE_X65Y65         LUT2 (Prop_lut2_I0_O)        0.124    14.328 f  i_ariane/i_cva6/gen_cache_hpd.i_cache_subsystem/i_dcache/i_hpdcache/hpdcache_ctrl_i/hpdcache_rtab_i/st2_dir_updt_valid_q_i_7/O
                         net (fo=6, routed)           0.409    14.737    i_ariane/i_cva6/gen_cache_hpd.i_cache_subsystem/i_dcache/i_hpdcache/hpdcache_ctrl_i/hpdcache_memctrl_i/gen_dir_sram[1].dir_sram/ram_i/st2_dir_updt_valid_q_reg
    SLICE_X67Y65         LUT6 (Prop_lut6_I3_O)        0.124    14.861 f  i_ariane/i_cva6/gen_cache_hpd.i_cache_subsystem/i_dcache/i_hpdcache/hpdcache_ctrl_i/hpdcache_memctrl_i/gen_dir_sram[1].dir_sram/ram_i/i___52_i_5/O
                         net (fo=1, routed)           0.263    15.124    i_ariane/i_cva6/gen_cache_hpd.i_cache_subsystem/i_dcache/i_hpdcache/hpdcache_ctrl_i/hpdcache_memctrl_i/gen_dir_sram[1].dir_sram/ram_i/core_rsp_valid
    SLICE_X67Y65         LUT6 (Prop_lut6_I0_O)        0.124    15.248 f  i_ariane/i_cva6/gen_cache_hpd.i_cache_subsystem/i_dcache/i_hpdcache/hpdcache_ctrl_i/hpdcache_memctrl_i/gen_dir_sram[1].dir_sram/ram_i/i___52_i_2/O
                         net (fo=6, routed)           0.188    15.437    i_ariane/i_cva6/ex_stage_i/lsu_i/lsu_bypass_i/dcache_req_ports_cache_ex[1][data_rvalid]
    SLICE_X67Y65         LUT6 (Prop_lut6_I5_O)        0.124    15.561 f  i_ariane/i_cva6/ex_stage_i/lsu_i/lsu_bypass_i/i___435_i_1/O
                         net (fo=7, routed)           0.323    15.883    i_ariane/i_cva6/ex_stage_i/i_load_unit/req_port_o1__1
    SLICE_X67Y64         LUT6 (Prop_lut6_I0_O)        0.124    16.007 f  i_ariane/i_cva6/ex_stage_i/i___435/O
                         net (fo=84, routed)          0.694    16.702    i_ariane/i_cva6/gen_cache_hpd.i_cache_subsystem/i_dcache/i_hpdcache/core_req_arbiter_i/req_arbiter_i/dcache_req_ports_ex_cache[1][data_req]
    SLICE_X64Y63         LUT4 (Prop_lut4_I1_O)        0.124    16.826 r  i_ariane/i_cva6/gen_cache_hpd.i_cache_subsystem/i_dcache/i_hpdcache/core_req_arbiter_i/req_arbiter_i/st1_req_q[phys_indexed]_i_2/O
                         net (fo=25, routed)          0.532    17.357    i_ariane/i_cva6/gen_cache_hpd.i_cache_subsystem/i_dcache/i_hpdcache/hpdcache_ctrl_i/hpdcache_rtab_i/pop_arb_i/st1_req_q_reg[phys_indexed]_0
    SLICE_X67Y61         LUT5 (Prop_lut5_I2_O)        0.124    17.481 r  i_ariane/i_cva6/gen_cache_hpd.i_cache_subsystem/i_dcache/i_hpdcache/hpdcache_ctrl_i/hpdcache_rtab_i/pop_arb_i/st1_req_q[op][2]_i_3/O
                         net (fo=1, routed)           0.264    17.745    i_ariane/i_cva6/gen_cache_hpd.i_cache_subsystem/i_dcache/i_hpdcache/hpdcache_ctrl_i/hpdcache_rtab_i/pop_arb_i/st1_req_q[op][2]_i_3_n_0
    SLICE_X67Y61         LUT6 (Prop_lut6_I4_O)        0.124    17.869 r  i_ariane/i_cva6/gen_cache_hpd.i_cache_subsystem/i_dcache/i_hpdcache/hpdcache_ctrl_i/hpdcache_rtab_i/pop_arb_i/st1_req_q[op][2]_i_1/O
                         net (fo=18, routed)          0.900    18.769    i_ariane/i_cva6/gen_cache_hpd.i_cache_subsystem/i_dcache/i_hpdcache/hpdcache_ctrl_i/hpdcache_rtab_i/pop_arb_i/req_q_reg[0][req][op][2]
    SLICE_X66Y62         LUT6 (Prop_lut6_I1_O)        0.124    18.893 r  i_ariane/i_cva6/gen_cache_hpd.i_cache_subsystem/i_dcache/i_hpdcache/hpdcache_ctrl_i/hpdcache_rtab_i/pop_arb_i/st1_req_q[op][4]_i_10/O
                         net (fo=1, routed)           0.404    19.297    i_ariane/i_cva6/gen_cache_hpd.i_cache_subsystem/i_dcache/i_hpdcache/hpdcache_ctrl_i/hpdcache_memctrl_i/gen_dir_sram[1].dir_sram/ram_i/st1_req_valid_q_reg_4
    SLICE_X67Y63         LUT6 (Prop_lut6_I2_O)        0.124    19.421 r  i_ariane/i_cva6/gen_cache_hpd.i_cache_subsystem/i_dcache/i_hpdcache/hpdcache_ctrl_i/hpdcache_memctrl_i/gen_dir_sram[1].dir_sram/ram_i/st1_req_q[op][4]_i_5/O
                         net (fo=4, routed)           0.398    19.819    i_ariane/i_cva6/gen_cache_hpd.i_cache_subsystem/i_dcache/i_hpdcache/hpdcache_ctrl_i/hpdcache_memctrl_i/gen_dir_sram[1].dir_sram/ram_i/arb_req_gnt_q_reg[1]
    SLICE_X66Y63         LUT4 (Prop_lut4_I2_O)        0.124    19.943 r  i_ariane/i_cva6/gen_cache_hpd.i_cache_subsystem/i_dcache/i_hpdcache/hpdcache_ctrl_i/hpdcache_memctrl_i/gen_dir_sram[1].dir_sram/ram_i/i___358_i_2/O
                         net (fo=5, routed)           0.444    20.387    i_ariane/i_cva6/gen_cache_hpd.i_cache_subsystem/i_dcache/i_hpdcache/core_req_arbiter_i/req_arbiter_i/wait_q_reg_3
    SLICE_X64Y63         LUT4 (Prop_lut4_I3_O)        0.124    20.511 r  i_ariane/i_cva6/gen_cache_hpd.i_cache_subsystem/i_dcache/i_hpdcache/core_req_arbiter_i/req_arbiter_i/i___358_i_1/O
                         net (fo=9, routed)           0.480    20.991    i_ariane/i_cva6/ex_stage_i/lsu_i/lsu_bypass_i/dcache_req_ports_cache_ex[1][data_gnt]
    SLICE_X66Y64         LUT4 (Prop_lut4_I1_O)        0.124    21.115 r  i_ariane/i_cva6/ex_stage_i/lsu_i/lsu_bypass_i/i___49_i_4/O
                         net (fo=1, routed)           0.423    21.538    i_ariane/i_cva6/ex_stage_i/lsu_i/i_load_unit/pop_ld_o10_out__1
    SLICE_X65Y63         LUT6 (Prop_lut6_I5_O)        0.124    21.662 r  i_ariane/i_cva6/ex_stage_i/lsu_i/i_load_unit/i___49_i_1/O
                         net (fo=89, routed)          0.500    22.162    i_ariane/i_cva6/ex_stage_i/pop_ld
    SLICE_X65Y63         LUT5 (Prop_lut5_I0_O)        0.118    22.280 r  i_ariane/i_cva6/ex_stage_i/i___275/O
                         net (fo=80, routed)          0.891    23.171    i_ariane/i_cva6/ex_stage_i/lsu_i/lsu_bypass_i/E[0]
    SLICE_X58Y65         FDCE                                         r  i_ariane/i_cva6/ex_stage_i/lsu_i/lsu_bypass_i/mem_q_reg[0][vaddr][17]/CE
  -------------------------------------------------------------------    -------------------

                         (clock clk_out1_xlnx_clk_gen rise edge)
                                                     25.000    25.000 r  
    K17                                               0.000    25.000 r  clk_sys (IN)
                         net (fo=0)                   0.000    25.000    i_xlnx_clk_gen/inst/clk_in1
    K17                  IBUF (Prop_ibuf_I_O)         1.404    26.404 r  i_xlnx_clk_gen/inst/clkin1_ibufg/O
                         net (fo=1, routed)           1.162    27.566    i_xlnx_clk_gen/inst/clk_in1_xlnx_clk_gen
    MMCME2_ADV_X1Y2      MMCME2_ADV (Prop_mmcme2_adv_CLKIN1_CLKOUT0)
                                                     -7.814    19.752 r  i_xlnx_clk_gen/inst/mmcm_adv_inst/CLKOUT0
                         net (fo=1, routed)           2.012    21.764    i_xlnx_clk_gen/inst/clk_out1_xlnx_clk_gen
    BUFGCTRL_X0Y16       BUFG (Prop_bufg_I_O)         0.091    21.855 r  i_xlnx_clk_gen/inst/clkout1_buf/O
                         net (fo=14914, routed)       1.531    23.386    i_ariane/i_cva6/ex_stage_i/lsu_i/lsu_bypass_i/clk_out1
    SLICE_X58Y65         FDCE                                         r  i_ariane/i_cva6/ex_stage_i/lsu_i/lsu_bypass_i/mem_q_reg[0][vaddr][17]/C
                         clock pessimism              0.567    23.953    
                         clock uncertainty           -0.082    23.871    
    SLICE_X58Y65         FDCE (Setup_fdce_C_CE)      -0.371    23.500    i_ariane/i_cva6/ex_stage_i/lsu_i/lsu_bypass_i/mem_q_reg[0][vaddr][17]
  -------------------------------------------------------------------
                         required time                         23.500    
                         arrival time                         -23.171    
  -------------------------------------------------------------------
                         slack                                  0.329    

Slack (MET) :             0.329ns  (required time - arrival time)
  Source:                 i_ariane/i_cva6/csr_regfile_i/pmpaddr_q_reg[6][3]/C
                            (rising edge-triggered cell FDCE clocked by clk_out1_xlnx_clk_gen  {rise@0.000ns fall@12.500ns period=25.000ns})
  Destination:            i_ariane/i_cva6/ex_stage_i/lsu_i/lsu_bypass_i/mem_q_reg[0][vaddr][18]/CE
                            (rising edge-triggered cell FDCE clocked by clk_out1_xlnx_clk_gen  {rise@0.000ns fall@12.500ns period=25.000ns})
  Path Group:             clk_out1_xlnx_clk_gen
  Path Type:              Setup (Max at Slow Process Corner)
  Requirement:            25.000ns  (clk_out1_xlnx_clk_gen rise@25.000ns - clk_out1_xlnx_clk_gen rise@0.000ns)
  Data Path Delay:        24.090ns  (logic 5.996ns (24.890%)  route 18.094ns (75.110%))
  Logic Levels:           33  (CARRY4=1 LUT2=2 LUT3=4 LUT4=6 LUT5=6 LUT6=14)
  Clock Path Skew:        -0.128ns (DCD - SCD + CPR)
    Destination Clock Delay (DCD):    -1.614ns = ( 23.386 - 25.000 ) 
    Source Clock Delay      (SCD):    -0.919ns
    Clock Pessimism Removal (CPR):    0.567ns
  Clock Uncertainty:      0.082ns  ((TSJ^2 + DJ^2)^1/2) / 2 + PE
    Total System Jitter     (TSJ):    0.071ns
    Discrete Jitter          (DJ):    0.149ns
    Phase Error              (PE):    0.000ns

    Location             Delay type                Incr(ns)  Path(ns)    Netlist Resource(s)
  -------------------------------------------------------------------    -------------------
                         (clock clk_out1_xlnx_clk_gen rise edge)
                                                      0.000     0.000 r  
    K17                                               0.000     0.000 r  clk_sys (IN)
                         net (fo=0)                   0.000     0.000    i_xlnx_clk_gen/inst/clk_in1
    K17                  IBUF (Prop_ibuf_I_O)         1.475     1.475 r  i_xlnx_clk_gen/inst/clkin1_ibufg/O
                         net (fo=1, routed)           1.285     2.760    i_xlnx_clk_gen/inst/clk_in1_xlnx_clk_gen
    MMCME2_ADV_X1Y2      MMCME2_ADV (Prop_mmcme2_adv_CLKIN1_CLKOUT0)
                                                     -7.759    -4.999 r  i_xlnx_clk_gen/inst/mmcm_adv_inst/CLKOUT0
                         net (fo=1, routed)           2.206    -2.793    i_xlnx_clk_gen/inst/clk_out1_xlnx_clk_gen
    BUFGCTRL_X0Y16       BUFG (Prop_bufg_I_O)         0.101    -2.692 r  i_xlnx_clk_gen/inst/clkout1_buf/O
                         net (fo=14914, routed)       1.773    -0.919    i_ariane/i_cva6/csr_regfile_i/clk_out1
    SLICE_X96Y68         FDCE                                         r  i_ariane/i_cva6/csr_regfile_i/pmpaddr_q_reg[6][3]/C
  -------------------------------------------------------------------    -------------------
    SLICE_X96Y68         FDCE (Prop_fdce_C_Q)         0.518    -0.401 r  i_ariane/i_cva6/csr_regfile_i/pmpaddr_q_reg[6][3]/Q
                         net (fo=14, routed)          0.880     0.479    i_ariane/i_cva6/csr_regfile_i/pmpaddr_q_reg[6][31]_0[3]
    SLICE_X96Y68         LUT6 (Prop_lut6_I2_O)        0.124     0.603 r  i_ariane/i_cva6/csr_regfile_i/i___48_i_97/O
                         net (fo=3, routed)           0.313     0.916    i_ariane/i_cva6/csr_regfile_i/pmpaddr_q_reg[6][4]_0
    SLICE_X95Y69         LUT6 (Prop_lut6_I5_O)        0.124     1.040 r  i_ariane/i_cva6/csr_regfile_i/i___48_i_102/O
                         net (fo=3, routed)           0.585     1.625    i_ariane/i_cva6/csr_regfile_i/i___48_i_102_n_0
    SLICE_X95Y69         LUT3 (Prop_lut3_I2_O)        0.124     1.749 r  i_ariane/i_cva6/csr_regfile_i/i___48_i_75/O
                         net (fo=4, routed)           0.877     2.626    i_ariane/i_cva6/csr_regfile_i/i___48_i_75_n_0
    SLICE_X93Y73         LUT5 (Prop_lut5_I2_O)        0.124     2.750 r  i_ariane/i_cva6/csr_regfile_i/i___48_i_101/O
                         net (fo=3, routed)           0.428     3.177    i_ariane/i_cva6/csr_regfile_i/i___48_i_101_n_0
    SLICE_X92Y74         LUT3 (Prop_lut3_I2_O)        0.116     3.293 r  i_ariane/i_cva6/csr_regfile_i/i___48_i_71/O
                         net (fo=4, routed)           0.717     4.010    i_ariane/i_cva6/csr_regfile_i/i___48_i_71_n_0
    SLICE_X92Y75         LUT5 (Prop_lut5_I2_O)        0.354     4.364 r  i_ariane/i_cva6/csr_regfile_i/i___48_i_78/O
                         net (fo=3, routed)           0.663     5.027    i_ariane/i_cva6/csr_regfile_i/i___48_i_78_n_0
    SLICE_X92Y75         LUT3 (Prop_lut3_I2_O)        0.374     5.401 r  i_ariane/i_cva6/csr_regfile_i/i___48_i_42/O
                         net (fo=6, routed)           0.876     6.277    i_ariane/i_cva6/csr_regfile_i/i___48_i_42_n_0
    SLICE_X88Y76         LUT3 (Prop_lut3_I0_O)        0.328     6.605 r  i_ariane/i_cva6/csr_regfile_i/gen_register.d_o[100]_i_119/O
                         net (fo=1, routed)           0.000     6.605    i_ariane/i_cva6/csr_regfile_i/gen_register.d_o[100]_i_119_n_0
    SLICE_X88Y76         CARRY4 (Prop_carry4_S[3]_CO[3])
                                                      0.401     7.006 f  i_ariane/i_cva6/csr_regfile_i/lsu_i/i_pmp_data_if/i_pmp_data/gen_pmp.genblk1[6].i_pmp_entry/gen_register.d_o_reg[100]_i_36/CO[3]
                         net (fo=1, routed)           0.743     7.749    i_ariane/i_cva6/csr_regfile_i/lsu_i/i_pmp_data_if/i_pmp_data/gen_pmp.genblk1[6].i_pmp_entry/gen_register.d_o_reg[100]_i_36_n_0
    SLICE_X85Y76         LUT6 (Prop_lut6_I4_O)        0.124     7.873 f  i_ariane/i_cva6/csr_regfile_i/gen_register.d_o[100]_i_14/O
                         net (fo=4, routed)           0.830     8.704    i_ariane/i_cva6/csr_regfile_i/gen_register.d_o[100]_i_14_n_0
    SLICE_X81Y76         LUT4 (Prop_lut4_I0_O)        0.152     8.856 f  i_ariane/i_cva6/csr_regfile_i/gen_register.d_o[100]_i_21/O
                         net (fo=1, routed)           0.595     9.451    i_ariane/i_cva6/csr_regfile_i/gen_register.d_o[100]_i_21_n_0
    SLICE_X80Y73         LUT6 (Prop_lut6_I5_O)        0.332     9.783 r  i_ariane/i_cva6/csr_regfile_i/gen_register.d_o[100]_i_5/O
                         net (fo=2, routed)           0.510    10.293    i_ariane/i_cva6/csr_regfile_i/gen_register.d_o[100]_i_5_n_0
    SLICE_X81Y65         LUT5 (Prop_lut5_I4_O)        0.124    10.417 r  i_ariane/i_cva6/csr_regfile_i/gen_register.d_o[100]_i_1/O
                         net (fo=54, routed)          0.385    10.801    i_ariane/i_cva6/ex_stage_i/lsu_i/i_load_unit/gen_register.d_o[147]_i_2_0[0]
    SLICE_X80Y65         LUT6 (Prop_lut6_I4_O)        0.124    10.925 r  i_ariane/i_cva6/ex_stage_i/lsu_i/i_load_unit/gen_register.d_o[166]_i_4/O
                         net (fo=5, routed)           0.602    11.527    i_ariane/i_cva6/gen_cache_hpd.i_cache_subsystem/i_dcache/i_hpdcache/hpdcache_ctrl_i/hpdcache_memctrl_i/dcache_req_ports_ex_cache[1][kill_req]
    SLICE_X67Y64         LUT6 (Prop_lut6_I0_O)        0.124    11.651 r  i_ariane/i_cva6/gen_cache_hpd.i_cache_subsystem/i_dcache/i_hpdcache/hpdcache_ctrl_i/hpdcache_memctrl_i/tail_q[3]_i_4/O
                         net (fo=5, routed)           0.421    12.073    i_ariane/i_cva6/gen_cache_hpd.i_cache_subsystem/i_dcache/i_hpdcache/hpdcache_ctrl_i/hpdcache_memctrl_i/arb_req_gnt_q_reg[1]_0
    SLICE_X67Y64         LUT5 (Prop_lut5_I4_O)        0.124    12.197 r  i_ariane/i_cva6/gen_cache_hpd.i_cache_subsystem/i_dcache/i_hpdcache/hpdcache_ctrl_i/hpdcache_memctrl_i/valid_q[3]_i_5/O
                         net (fo=3, routed)           0.421    12.617    i_ariane/i_cva6/gen_cache_hpd.i_cache_subsystem/i_dcache/i_hpdcache/hpdcache_ctrl_i/hpdcache_rtab_i/st2_mshr_alloc_need_rsp_q_reg
    SLICE_X67Y66         LUT2 (Prop_lut2_I1_O)        0.119    12.736 f  i_ariane/i_cva6/gen_cache_hpd.i_cache_subsystem/i_dcache/i_hpdcache/hpdcache_ctrl_i/hpdcache_rtab_i/st2_dir_updt_valid_q_i_4/O
                         net (fo=19, routed)          0.687    13.423    i_ariane/i_cva6/gen_cache_hpd.i_cache_subsystem/i_dcache/i_hpdcache/hpdcache_ctrl_i/hpdcache_rtab_i/st1_req_rtab_q_reg
    SLICE_X67Y66         LUT4 (Prop_lut4_I0_O)        0.332    13.755 f  i_ariane/i_cva6/gen_cache_hpd.i_cache_subsystem/i_dcache/i_hpdcache/hpdcache_ctrl_i/hpdcache_rtab_i/mem_reg_0_i_66__0/O
                         net (fo=83, routed)          0.449    14.204    i_ariane/i_cva6/gen_cache_hpd.i_cache_subsystem/i_dcache/i_hpdcache/hpdcache_ctrl_i/hpdcache_rtab_i/st1_req_q_reg[op][4]_0
    SLICE_X65Y65         LUT2 (Prop_lut2_I0_O)        0.124    14.328 f  i_ariane/i_cva6/gen_cache_hpd.i_cache_subsystem/i_dcache/i_hpdcache/hpdcache_ctrl_i/hpdcache_rtab_i/st2_dir_updt_valid_q_i_7/O
                         net (fo=6, routed)           0.409    14.737    i_ariane/i_cva6/gen_cache_hpd.i_cache_subsystem/i_dcache/i_hpdcache/hpdcache_ctrl_i/hpdcache_memctrl_i/gen_dir_sram[1].dir_sram/ram_i/st2_dir_updt_valid_q_reg
    SLICE_X67Y65         LUT6 (Prop_lut6_I3_O)        0.124    14.861 f  i_ariane/i_cva6/gen_cache_hpd.i_cache_subsystem/i_dcache/i_hpdcache/hpdcache_ctrl_i/hpdcache_memctrl_i/gen_dir_sram[1].dir_sram/ram_i/i___52_i_5/O
                         net (fo=1, routed)           0.263    15.124    i_ariane/i_cva6/gen_cache_hpd.i_cache_subsystem/i_dcache/i_hpdcache/hpdcache_ctrl_i/hpdcache_memctrl_i/gen_dir_sram[1].dir_sram/ram_i/core_rsp_valid
    SLICE_X67Y65         LUT6 (Prop_lut6_I0_O)        0.124    15.248 f  i_ariane/i_cva6/gen_cache_hpd.i_cache_subsystem/i_dcache/i_hpdcache/hpdcache_ctrl_i/hpdcache_memctrl_i/gen_dir_sram[1].dir_sram/ram_i/i___52_i_2/O
                         net (fo=6, routed)           0.188    15.437    i_ariane/i_cva6/ex_stage_i/lsu_i/lsu_bypass_i/dcache_req_ports_cache_ex[1][data_rvalid]
    SLICE_X67Y65         LUT6 (Prop_lut6_I5_O)        0.124    15.561 f  i_ariane/i_cva6/ex_stage_i/lsu_i/lsu_bypass_i/i___435_i_1/O
                         net (fo=7, routed)           0.323    15.883    i_ariane/i_cva6/ex_stage_i/i_load_unit/req_port_o1__1
    SLICE_X67Y64         LUT6 (Prop_lut6_I0_O)        0.124    16.007 f  i_ariane/i_cva6/ex_stage_i/i___435/O
                         net (fo=84, routed)          0.694    16.702    i_ariane/i_cva6/gen_cache_hpd.i_cache_subsystem/i_dcache/i_hpdcache/core_req_arbiter_i/req_arbiter_i/dcache_req_ports_ex_cache[1][data_req]
    SLICE_X64Y63         LUT4 (Prop_lut4_I1_O)        0.124    16.826 r  i_ariane/i_cva6/gen_cache_hpd.i_cache_subsystem/i_dcache/i_hpdcache/core_req_arbiter_i/req_arbiter_i/st1_req_q[phys_indexed]_i_2/O
                         net (fo=25, routed)          0.532    17.357    i_ariane/i_cva6/gen_cache_hpd.i_cache_subsystem/i_dcache/i_hpdcache/hpdcache_ctrl_i/hpdcache_rtab_i/pop_arb_i/st1_req_q_reg[phys_indexed]_0
    SLICE_X67Y61         LUT5 (Prop_lut5_I2_O)        0.124    17.481 r  i_ariane/i_cva6/gen_cache_hpd.i_cache_subsystem/i_dcache/i_hpdcache/hpdcache_ctrl_i/hpdcache_rtab_i/pop_arb_i/st1_req_q[op][2]_i_3/O
                         net (fo=1, routed)           0.264    17.745    i_ariane/i_cva6/gen_cache_hpd.i_cache_subsystem/i_dcache/i_hpdcache/hpdcache_ctrl_i/hpdcache_rtab_i/pop_arb_i/st1_req_q[op][2]_i_3_n_0
    SLICE_X67Y61         LUT6 (Prop_lut6_I4_O)        0.124    17.869 r  i_ariane/i_cva6/gen_cache_hpd.i_cache_subsystem/i_dcache/i_hpdcache/hpdcache_ctrl_i/hpdcache_rtab_i/pop_arb_i/st1_req_q[op][2]_i_1/O
                         net (fo=18, routed)          0.900    18.769    i_ariane/i_cva6/gen_cache_hpd.i_cache_subsystem/i_dcache/i_hpdcache/hpdcache_ctrl_i/hpdcache_rtab_i/pop_arb_i/req_q_reg[0][req][op][2]
    SLICE_X66Y62         LUT6 (Prop_lut6_I1_O)        0.124    18.893 r  i_ariane/i_cva6/gen_cache_hpd.i_cache_subsystem/i_dcache/i_hpdcache/hpdcache_ctrl_i/hpdcache_rtab_i/pop_arb_i/st1_req_q[op][4]_i_10/O
                         net (fo=1, routed)           0.404    19.297    i_ariane/i_cva6/gen_cache_hpd.i_cache_subsystem/i_dcache/i_hpdcache/hpdcache_ctrl_i/hpdcache_memctrl_i/gen_dir_sram[1].dir_sram/ram_i/st1_req_valid_q_reg_4
    SLICE_X67Y63         LUT6 (Prop_lut6_I2_O)        0.124    19.421 r  i_ariane/i_cva6/gen_cache_hpd.i_cache_subsystem/i_dcache/i_hpdcache/hpdcache_ctrl_i/hpdcache_memctrl_i/gen_dir_sram[1].dir_sram/ram_i/st1_req_q[op][4]_i_5/O
                         net (fo=4, routed)           0.398    19.819    i_ariane/i_cva6/gen_cache_hpd.i_cache_subsystem/i_dcache/i_hpdcache/hpdcache_ctrl_i/hpdcache_memctrl_i/gen_dir_sram[1].dir_sram/ram_i/arb_req_gnt_q_reg[1]
    SLICE_X66Y63         LUT4 (Prop_lut4_I2_O)        0.124    19.943 r  i_ariane/i_cva6/gen_cache_hpd.i_cache_subsystem/i_dcache/i_hpdcache/hpdcache_ctrl_i/hpdcache_memctrl_i/gen_dir_sram[1].dir_sram/ram_i/i___358_i_2/O
                         net (fo=5, routed)           0.444    20.387    i_ariane/i_cva6/gen_cache_hpd.i_cache_subsystem/i_dcache/i_hpdcache/core_req_arbiter_i/req_arbiter_i/wait_q_reg_3
    SLICE_X64Y63         LUT4 (Prop_lut4_I3_O)        0.124    20.511 r  i_ariane/i_cva6/gen_cache_hpd.i_cache_subsystem/i_dcache/i_hpdcache/core_req_arbiter_i/req_arbiter_i/i___358_i_1/O
                         net (fo=9, routed)           0.480    20.991    i_ariane/i_cva6/ex_stage_i/lsu_i/lsu_bypass_i/dcache_req_ports_cache_ex[1][data_gnt]
    SLICE_X66Y64         LUT4 (Prop_lut4_I1_O)        0.124    21.115 r  i_ariane/i_cva6/ex_stage_i/lsu_i/lsu_bypass_i/i___49_i_4/O
                         net (fo=1, routed)           0.423    21.538    i_ariane/i_cva6/ex_stage_i/lsu_i/i_load_unit/pop_ld_o10_out__1
    SLICE_X65Y63         LUT6 (Prop_lut6_I5_O)        0.124    21.662 r  i_ariane/i_cva6/ex_stage_i/lsu_i/i_load_unit/i___49_i_1/O
                         net (fo=89, routed)          0.500    22.162    i_ariane/i_cva6/ex_stage_i/pop_ld
    SLICE_X65Y63         LUT5 (Prop_lut5_I0_O)        0.118    22.280 r  i_ariane/i_cva6/ex_stage_i/i___275/O
                         net (fo=80, routed)          0.891    23.171    i_ariane/i_cva6/ex_stage_i/lsu_i/lsu_bypass_i/E[0]
    SLICE_X58Y65         FDCE                                         r  i_ariane/i_cva6/ex_stage_i/lsu_i/lsu_bypass_i/mem_q_reg[0][vaddr][18]/CE
  -------------------------------------------------------------------    -------------------

                         (clock clk_out1_xlnx_clk_gen rise edge)
                                                     25.000    25.000 r  
    K17                                               0.000    25.000 r  clk_sys (IN)
                         net (fo=0)                   0.000    25.000    i_xlnx_clk_gen/inst/clk_in1
    K17                  IBUF (Prop_ibuf_I_O)         1.404    26.404 r  i_xlnx_clk_gen/inst/clkin1_ibufg/O
                         net (fo=1, routed)           1.162    27.566    i_xlnx_clk_gen/inst/clk_in1_xlnx_clk_gen
    MMCME2_ADV_X1Y2      MMCME2_ADV (Prop_mmcme2_adv_CLKIN1_CLKOUT0)
                                                     -7.814    19.752 r  i_xlnx_clk_gen/inst/mmcm_adv_inst/CLKOUT0
                         net (fo=1, routed)           2.012    21.764    i_xlnx_clk_gen/inst/clk_out1_xlnx_clk_gen
    BUFGCTRL_X0Y16       BUFG (Prop_bufg_I_O)         0.091    21.855 r  i_xlnx_clk_gen/inst/clkout1_buf/O
                         net (fo=14914, routed)       1.531    23.386    i_ariane/i_cva6/ex_stage_i/lsu_i/lsu_bypass_i/clk_out1
    SLICE_X58Y65         FDCE                                         r  i_ariane/i_cva6/ex_stage_i/lsu_i/lsu_bypass_i/mem_q_reg[0][vaddr][18]/C
                         clock pessimism              0.567    23.953    
                         clock uncertainty           -0.082    23.871    
    SLICE_X58Y65         FDCE (Setup_fdce_C_CE)      -0.371    23.500    i_ariane/i_cva6/ex_stage_i/lsu_i/lsu_bypass_i/mem_q_reg[0][vaddr][18]
  -------------------------------------------------------------------
                         required time                         23.500    
                         arrival time                         -23.171    
  -------------------------------------------------------------------
                         slack                                  0.329    

Slack (MET) :             0.329ns  (required time - arrival time)
  Source:                 i_ariane/i_cva6/csr_regfile_i/pmpaddr_q_reg[6][3]/C
                            (rising edge-triggered cell FDCE clocked by clk_out1_xlnx_clk_gen  {rise@0.000ns fall@12.500ns period=25.000ns})
  Destination:            i_ariane/i_cva6/ex_stage_i/lsu_i/lsu_bypass_i/mem_q_reg[0][vaddr][27]/CE
                            (rising edge-triggered cell FDCE clocked by clk_out1_xlnx_clk_gen  {rise@0.000ns fall@12.500ns period=25.000ns})
  Path Group:             clk_out1_xlnx_clk_gen
  Path Type:              Setup (Max at Slow Process Corner)
  Requirement:            25.000ns  (clk_out1_xlnx_clk_gen rise@25.000ns - clk_out1_xlnx_clk_gen rise@0.000ns)
  Data Path Delay:        24.090ns  (logic 5.996ns (24.890%)  route 18.094ns (75.110%))
  Logic Levels:           33  (CARRY4=1 LUT2=2 LUT3=4 LUT4=6 LUT5=6 LUT6=14)
  Clock Path Skew:        -0.128ns (DCD - SCD + CPR)
    Destination Clock Delay (DCD):    -1.614ns = ( 23.386 - 25.000 ) 
    Source Clock Delay      (SCD):    -0.919ns
    Clock Pessimism Removal (CPR):    0.567ns
  Clock Uncertainty:      0.082ns  ((TSJ^2 + DJ^2)^1/2) / 2 + PE
    Total System Jitter     (TSJ):    0.071ns
    Discrete Jitter          (DJ):    0.149ns
    Phase Error              (PE):    0.000ns

    Location             Delay type                Incr(ns)  Path(ns)    Netlist Resource(s)
  -------------------------------------------------------------------    -------------------
                         (clock clk_out1_xlnx_clk_gen rise edge)
                                                      0.000     0.000 r  
    K17                                               0.000     0.000 r  clk_sys (IN)
                         net (fo=0)                   0.000     0.000    i_xlnx_clk_gen/inst/clk_in1
    K17                  IBUF (Prop_ibuf_I_O)         1.475     1.475 r  i_xlnx_clk_gen/inst/clkin1_ibufg/O
                         net (fo=1, routed)           1.285     2.760    i_xlnx_clk_gen/inst/clk_in1_xlnx_clk_gen
    MMCME2_ADV_X1Y2      MMCME2_ADV (Prop_mmcme2_adv_CLKIN1_CLKOUT0)
                                                     -7.759    -4.999 r  i_xlnx_clk_gen/inst/mmcm_adv_inst/CLKOUT0
                         net (fo=1, routed)           2.206    -2.793    i_xlnx_clk_gen/inst/clk_out1_xlnx_clk_gen
    BUFGCTRL_X0Y16       BUFG (Prop_bufg_I_O)         0.101    -2.692 r  i_xlnx_clk_gen/inst/clkout1_buf/O
                         net (fo=14914, routed)       1.773    -0.919    i_ariane/i_cva6/csr_regfile_i/clk_out1
    SLICE_X96Y68         FDCE                                         r  i_ariane/i_cva6/csr_regfile_i/pmpaddr_q_reg[6][3]/C
  -------------------------------------------------------------------    -------------------
    SLICE_X96Y68         FDCE (Prop_fdce_C_Q)         0.518    -0.401 r  i_ariane/i_cva6/csr_regfile_i/pmpaddr_q_reg[6][3]/Q
                         net (fo=14, routed)          0.880     0.479    i_ariane/i_cva6/csr_regfile_i/pmpaddr_q_reg[6][31]_0[3]
    SLICE_X96Y68         LUT6 (Prop_lut6_I2_O)        0.124     0.603 r  i_ariane/i_cva6/csr_regfile_i/i___48_i_97/O
                         net (fo=3, routed)           0.313     0.916    i_ariane/i_cva6/csr_regfile_i/pmpaddr_q_reg[6][4]_0
    SLICE_X95Y69         LUT6 (Prop_lut6_I5_O)        0.124     1.040 r  i_ariane/i_cva6/csr_regfile_i/i___48_i_102/O
                         net (fo=3, routed)           0.585     1.625    i_ariane/i_cva6/csr_regfile_i/i___48_i_102_n_0
    SLICE_X95Y69         LUT3 (Prop_lut3_I2_O)        0.124     1.749 r  i_ariane/i_cva6/csr_regfile_i/i___48_i_75/O
                         net (fo=4, routed)           0.877     2.626    i_ariane/i_cva6/csr_regfile_i/i___48_i_75_n_0
    SLICE_X93Y73         LUT5 (Prop_lut5_I2_O)        0.124     2.750 r  i_ariane/i_cva6/csr_regfile_i/i___48_i_101/O
                         net (fo=3, routed)           0.428     3.177    i_ariane/i_cva6/csr_regfile_i/i___48_i_101_n_0
    SLICE_X92Y74         LUT3 (Prop_lut3_I2_O)        0.116     3.293 r  i_ariane/i_cva6/csr_regfile_i/i___48_i_71/O
                         net (fo=4, routed)           0.717     4.010    i_ariane/i_cva6/csr_regfile_i/i___48_i_71_n_0
    SLICE_X92Y75         LUT5 (Prop_lut5_I2_O)        0.354     4.364 r  i_ariane/i_cva6/csr_regfile_i/i___48_i_78/O
                         net (fo=3, routed)           0.663     5.027    i_ariane/i_cva6/csr_regfile_i/i___48_i_78_n_0
    SLICE_X92Y75         LUT3 (Prop_lut3_I2_O)        0.374     5.401 r  i_ariane/i_cva6/csr_regfile_i/i___48_i_42/O
                         net (fo=6, routed)           0.876     6.277    i_ariane/i_cva6/csr_regfile_i/i___48_i_42_n_0
    SLICE_X88Y76         LUT3 (Prop_lut3_I0_O)        0.328     6.605 r  i_ariane/i_cva6/csr_regfile_i/gen_register.d_o[100]_i_119/O
                         net (fo=1, routed)           0.000     6.605    i_ariane/i_cva6/csr_regfile_i/gen_register.d_o[100]_i_119_n_0
    SLICE_X88Y76         CARRY4 (Prop_carry4_S[3]_CO[3])
                                                      0.401     7.006 f  i_ariane/i_cva6/csr_regfile_i/lsu_i/i_pmp_data_if/i_pmp_data/gen_pmp.genblk1[6].i_pmp_entry/gen_register.d_o_reg[100]_i_36/CO[3]
                         net (fo=1, routed)           0.743     7.749    i_ariane/i_cva6/csr_regfile_i/lsu_i/i_pmp_data_if/i_pmp_data/gen_pmp.genblk1[6].i_pmp_entry/gen_register.d_o_reg[100]_i_36_n_0
    SLICE_X85Y76         LUT6 (Prop_lut6_I4_O)        0.124     7.873 f  i_ariane/i_cva6/csr_regfile_i/gen_register.d_o[100]_i_14/O
                         net (fo=4, routed)           0.830     8.704    i_ariane/i_cva6/csr_regfile_i/gen_register.d_o[100]_i_14_n_0
    SLICE_X81Y76         LUT4 (Prop_lut4_I0_O)        0.152     8.856 f  i_ariane/i_cva6/csr_regfile_i/gen_register.d_o[100]_i_21/O
                         net (fo=1, routed)           0.595     9.451    i_ariane/i_cva6/csr_regfile_i/gen_register.d_o[100]_i_21_n_0
    SLICE_X80Y73         LUT6 (Prop_lut6_I5_O)        0.332     9.783 r  i_ariane/i_cva6/csr_regfile_i/gen_register.d_o[100]_i_5/O
                         net (fo=2, routed)           0.510    10.293    i_ariane/i_cva6/csr_regfile_i/gen_register.d_o[100]_i_5_n_0
    SLICE_X81Y65         LUT5 (Prop_lut5_I4_O)        0.124    10.417 r  i_ariane/i_cva6/csr_regfile_i/gen_register.d_o[100]_i_1/O
                         net (fo=54, routed)          0.385    10.801    i_ariane/i_cva6/ex_stage_i/lsu_i/i_load_unit/gen_register.d_o[147]_i_2_0[0]
    SLICE_X80Y65         LUT6 (Prop_lut6_I4_O)        0.124    10.925 r  i_ariane/i_cva6/ex_stage_i/lsu_i/i_load_unit/gen_register.d_o[166]_i_4/O
                         net (fo=5, routed)           0.602    11.527    i_ariane/i_cva6/gen_cache_hpd.i_cache_subsystem/i_dcache/i_hpdcache/hpdcache_ctrl_i/hpdcache_memctrl_i/dcache_req_ports_ex_cache[1][kill_req]
    SLICE_X67Y64         LUT6 (Prop_lut6_I0_O)        0.124    11.651 r  i_ariane/i_cva6/gen_cache_hpd.i_cache_subsystem/i_dcache/i_hpdcache/hpdcache_ctrl_i/hpdcache_memctrl_i/tail_q[3]_i_4/O
                         net (fo=5, routed)           0.421    12.073    i_ariane/i_cva6/gen_cache_hpd.i_cache_subsystem/i_dcache/i_hpdcache/hpdcache_ctrl_i/hpdcache_memctrl_i/arb_req_gnt_q_reg[1]_0
    SLICE_X67Y64         LUT5 (Prop_lut5_I4_O)        0.124    12.197 r  i_ariane/i_cva6/gen_cache_hpd.i_cache_subsystem/i_dcache/i_hpdcache/hpdcache_ctrl_i/hpdcache_memctrl_i/valid_q[3]_i_5/O
                         net (fo=3, routed)           0.421    12.617    i_ariane/i_cva6/gen_cache_hpd.i_cache_subsystem/i_dcache/i_hpdcache/hpdcache_ctrl_i/hpdcache_rtab_i/st2_mshr_alloc_need_rsp_q_reg
    SLICE_X67Y66         LUT2 (Prop_lut2_I1_O)        0.119    12.736 f  i_ariane/i_cva6/gen_cache_hpd.i_cache_subsystem/i_dcache/i_hpdcache/hpdcache_ctrl_i/hpdcache_rtab_i/st2_dir_updt_valid_q_i_4/O
                         net (fo=19, routed)          0.687    13.423    i_ariane/i_cva6/gen_cache_hpd.i_cache_subsystem/i_dcache/i_hpdcache/hpdcache_ctrl_i/hpdcache_rtab_i/st1_req_rtab_q_reg
    SLICE_X67Y66         LUT4 (Prop_lut4_I0_O)        0.332    13.755 f  i_ariane/i_cva6/gen_cache_hpd.i_cache_subsystem/i_dcache/i_hpdcache/hpdcache_ctrl_i/hpdcache_rtab_i/mem_reg_0_i_66__0/O
                         net (fo=83, routed)          0.449    14.204    i_ariane/i_cva6/gen_cache_hpd.i_cache_subsystem/i_dcache/i_hpdcache/hpdcache_ctrl_i/hpdcache_rtab_i/st1_req_q_reg[op][4]_0
    SLICE_X65Y65         LUT2 (Prop_lut2_I0_O)        0.124    14.328 f  i_ariane/i_cva6/gen_cache_hpd.i_cache_subsystem/i_dcache/i_hpdcache/hpdcache_ctrl_i/hpdcache_rtab_i/st2_dir_updt_valid_q_i_7/O
                         net (fo=6, routed)           0.409    14.737    i_ariane/i_cva6/gen_cache_hpd.i_cache_subsystem/i_dcache/i_hpdcache/hpdcache_ctrl_i/hpdcache_memctrl_i/gen_dir_sram[1].dir_sram/ram_i/st2_dir_updt_valid_q_reg
    SLICE_X67Y65         LUT6 (Prop_lut6_I3_O)        0.124    14.861 f  i_ariane/i_cva6/gen_cache_hpd.i_cache_subsystem/i_dcache/i_hpdcache/hpdcache_ctrl_i/hpdcache_memctrl_i/gen_dir_sram[1].dir_sram/ram_i/i___52_i_5/O
                         net (fo=1, routed)           0.263    15.124    i_ariane/i_cva6/gen_cache_hpd.i_cache_subsystem/i_dcache/i_hpdcache/hpdcache_ctrl_i/hpdcache_memctrl_i/gen_dir_sram[1].dir_sram/ram_i/core_rsp_valid
    SLICE_X67Y65         LUT6 (Prop_lut6_I0_O)        0.124    15.248 f  i_ariane/i_cva6/gen_cache_hpd.i_cache_subsystem/i_dcache/i_hpdcache/hpdcache_ctrl_i/hpdcache_memctrl_i/gen_dir_sram[1].dir_sram/ram_i/i___52_i_2/O
                         net (fo=6, routed)           0.188    15.437    i_ariane/i_cva6/ex_stage_i/lsu_i/lsu_bypass_i/dcache_req_ports_cache_ex[1][data_rvalid]
    SLICE_X67Y65         LUT6 (Prop_lut6_I5_O)        0.124    15.561 f  i_ariane/i_cva6/ex_stage_i/lsu_i/lsu_bypass_i/i___435_i_1/O
                         net (fo=7, routed)           0.323    15.883    i_ariane/i_cva6/ex_stage_i/i_load_unit/req_port_o1__1
    SLICE_X67Y64         LUT6 (Prop_lut6_I0_O)        0.124    16.007 f  i_ariane/i_cva6/ex_stage_i/i___435/O
                         net (fo=84, routed)          0.694    16.702    i_ariane/i_cva6/gen_cache_hpd.i_cache_subsystem/i_dcache/i_hpdcache/core_req_arbiter_i/req_arbiter_i/dcache_req_ports_ex_cache[1][data_req]
    SLICE_X64Y63         LUT4 (Prop_lut4_I1_O)        0.124    16.826 r  i_ariane/i_cva6/gen_cache_hpd.i_cache_subsystem/i_dcache/i_hpdcache/core_req_arbiter_i/req_arbiter_i/st1_req_q[phys_indexed]_i_2/O
                         net (fo=25, routed)          0.532    17.357    i_ariane/i_cva6/gen_cache_hpd.i_cache_subsystem/i_dcache/i_hpdcache/hpdcache_ctrl_i/hpdcache_rtab_i/pop_arb_i/st1_req_q_reg[phys_indexed]_0
    SLICE_X67Y61         LUT5 (Prop_lut5_I2_O)        0.124    17.481 r  i_ariane/i_cva6/gen_cache_hpd.i_cache_subsystem/i_dcache/i_hpdcache/hpdcache_ctrl_i/hpdcache_rtab_i/pop_arb_i/st1_req_q[op][2]_i_3/O
                         net (fo=1, routed)           0.264    17.745    i_ariane/i_cva6/gen_cache_hpd.i_cache_subsystem/i_dcache/i_hpdcache/hpdcache_ctrl_i/hpdcache_rtab_i/pop_arb_i/st1_req_q[op][2]_i_3_n_0
    SLICE_X67Y61         LUT6 (Prop_lut6_I4_O)        0.124    17.869 r  i_ariane/i_cva6/gen_cache_hpd.i_cache_subsystem/i_dcache/i_hpdcache/hpdcache_ctrl_i/hpdcache_rtab_i/pop_arb_i/st1_req_q[op][2]_i_1/O
                         net (fo=18, routed)          0.900    18.769    i_ariane/i_cva6/gen_cache_hpd.i_cache_subsystem/i_dcache/i_hpdcache/hpdcache_ctrl_i/hpdcache_rtab_i/pop_arb_i/req_q_reg[0][req][op][2]
    SLICE_X66Y62         LUT6 (Prop_lut6_I1_O)        0.124    18.893 r  i_ariane/i_cva6/gen_cache_hpd.i_cache_subsystem/i_dcache/i_hpdcache/hpdcache_ctrl_i/hpdcache_rtab_i/pop_arb_i/st1_req_q[op][4]_i_10/O
                         net (fo=1, routed)           0.404    19.297    i_ariane/i_cva6/gen_cache_hpd.i_cache_subsystem/i_dcache/i_hpdcache/hpdcache_ctrl_i/hpdcache_memctrl_i/gen_dir_sram[1].dir_sram/ram_i/st1_req_valid_q_reg_4
    SLICE_X67Y63         LUT6 (Prop_lut6_I2_O)        0.124    19.421 r  i_ariane/i_cva6/gen_cache_hpd.i_cache_subsystem/i_dcache/i_hpdcache/hpdcache_ctrl_i/hpdcache_memctrl_i/gen_dir_sram[1].dir_sram/ram_i/st1_req_q[op][4]_i_5/O
                         net (fo=4, routed)           0.398    19.819    i_ariane/i_cva6/gen_cache_hpd.i_cache_subsystem/i_dcache/i_hpdcache/hpdcache_ctrl_i/hpdcache_memctrl_i/gen_dir_sram[1].dir_sram/ram_i/arb_req_gnt_q_reg[1]
    SLICE_X66Y63         LUT4 (Prop_lut4_I2_O)        0.124    19.943 r  i_ariane/i_cva6/gen_cache_hpd.i_cache_subsystem/i_dcache/i_hpdcache/hpdcache_ctrl_i/hpdcache_memctrl_i/gen_dir_sram[1].dir_sram/ram_i/i___358_i_2/O
                         net (fo=5, routed)           0.444    20.387    i_ariane/i_cva6/gen_cache_hpd.i_cache_subsystem/i_dcache/i_hpdcache/core_req_arbiter_i/req_arbiter_i/wait_q_reg_3
    SLICE_X64Y63         LUT4 (Prop_lut4_I3_O)        0.124    20.511 r  i_ariane/i_cva6/gen_cache_hpd.i_cache_subsystem/i_dcache/i_hpdcache/core_req_arbiter_i/req_arbiter_i/i___358_i_1/O
                         net (fo=9, routed)           0.480    20.991    i_ariane/i_cva6/ex_stage_i/lsu_i/lsu_bypass_i/dcache_req_ports_cache_ex[1][data_gnt]
    SLICE_X66Y64         LUT4 (Prop_lut4_I1_O)        0.124    21.115 r  i_ariane/i_cva6/ex_stage_i/lsu_i/lsu_bypass_i/i___49_i_4/O
                         net (fo=1, routed)           0.423    21.538    i_ariane/i_cva6/ex_stage_i/lsu_i/i_load_unit/pop_ld_o10_out__1
    SLICE_X65Y63         LUT6 (Prop_lut6_I5_O)        0.124    21.662 r  i_ariane/i_cva6/ex_stage_i/lsu_i/i_load_unit/i___49_i_1/O
                         net (fo=89, routed)          0.500    22.162    i_ariane/i_cva6/ex_stage_i/pop_ld
    SLICE_X65Y63         LUT5 (Prop_lut5_I0_O)        0.118    22.280 r  i_ariane/i_cva6/ex_stage_i/i___275/O
                         net (fo=80, routed)          0.891    23.171    i_ariane/i_cva6/ex_stage_i/lsu_i/lsu_bypass_i/E[0]
    SLICE_X58Y65         FDCE                                         r  i_ariane/i_cva6/ex_stage_i/lsu_i/lsu_bypass_i/mem_q_reg[0][vaddr][27]/CE
  -------------------------------------------------------------------    -------------------

                         (clock clk_out1_xlnx_clk_gen rise edge)
                                                     25.000    25.000 r  
    K17                                               0.000    25.000 r  clk_sys (IN)
                         net (fo=0)                   0.000    25.000    i_xlnx_clk_gen/inst/clk_in1
    K17                  IBUF (Prop_ibuf_I_O)         1.404    26.404 r  i_xlnx_clk_gen/inst/clkin1_ibufg/O
                         net (fo=1, routed)           1.162    27.566    i_xlnx_clk_gen/inst/clk_in1_xlnx_clk_gen
    MMCME2_ADV_X1Y2      MMCME2_ADV (Prop_mmcme2_adv_CLKIN1_CLKOUT0)
                                                     -7.814    19.752 r  i_xlnx_clk_gen/inst/mmcm_adv_inst/CLKOUT0
                         net (fo=1, routed)           2.012    21.764    i_xlnx_clk_gen/inst/clk_out1_xlnx_clk_gen
    BUFGCTRL_X0Y16       BUFG (Prop_bufg_I_O)         0.091    21.855 r  i_xlnx_clk_gen/inst/clkout1_buf/O
                         net (fo=14914, routed)       1.531    23.386    i_ariane/i_cva6/ex_stage_i/lsu_i/lsu_bypass_i/clk_out1
    SLICE_X58Y65         FDCE                                         r  i_ariane/i_cva6/ex_stage_i/lsu_i/lsu_bypass_i/mem_q_reg[0][vaddr][27]/C
                         clock pessimism              0.567    23.953    
                         clock uncertainty           -0.082    23.871    
    SLICE_X58Y65         FDCE (Setup_fdce_C_CE)      -0.371    23.500    i_ariane/i_cva6/ex_stage_i/lsu_i/lsu_bypass_i/mem_q_reg[0][vaddr][27]
  -------------------------------------------------------------------
                         required time                         23.500    
                         arrival time                         -23.171    
  -------------------------------------------------------------------
                         slack                                  0.329    

Slack (MET) :             0.329ns  (required time - arrival time)
  Source:                 i_ariane/i_cva6/csr_regfile_i/pmpaddr_q_reg[6][3]/C
                            (rising edge-triggered cell FDCE clocked by clk_out1_xlnx_clk_gen  {rise@0.000ns fall@12.500ns period=25.000ns})
  Destination:            i_ariane/i_cva6/ex_stage_i/lsu_i/lsu_bypass_i/mem_q_reg[0][vaddr][28]/CE
                            (rising edge-triggered cell FDCE clocked by clk_out1_xlnx_clk_gen  {rise@0.000ns fall@12.500ns period=25.000ns})
  Path Group:             clk_out1_xlnx_clk_gen
  Path Type:              Setup (Max at Slow Process Corner)
  Requirement:            25.000ns  (clk_out1_xlnx_clk_gen rise@25.000ns - clk_out1_xlnx_clk_gen rise@0.000ns)
  Data Path Delay:        24.090ns  (logic 5.996ns (24.890%)  route 18.094ns (75.110%))
  Logic Levels:           33  (CARRY4=1 LUT2=2 LUT3=4 LUT4=6 LUT5=6 LUT6=14)
  Clock Path Skew:        -0.128ns (DCD - SCD + CPR)
    Destination Clock Delay (DCD):    -1.614ns = ( 23.386 - 25.000 ) 
    Source Clock Delay      (SCD):    -0.919ns
    Clock Pessimism Removal (CPR):    0.567ns
  Clock Uncertainty:      0.082ns  ((TSJ^2 + DJ^2)^1/2) / 2 + PE
    Total System Jitter     (TSJ):    0.071ns
    Discrete Jitter          (DJ):    0.149ns
    Phase Error              (PE):    0.000ns

    Location             Delay type                Incr(ns)  Path(ns)    Netlist Resource(s)
  -------------------------------------------------------------------    -------------------
                         (clock clk_out1_xlnx_clk_gen rise edge)
                                                      0.000     0.000 r  
    K17                                               0.000     0.000 r  clk_sys (IN)
                         net (fo=0)                   0.000     0.000    i_xlnx_clk_gen/inst/clk_in1
    K17                  IBUF (Prop_ibuf_I_O)         1.475     1.475 r  i_xlnx_clk_gen/inst/clkin1_ibufg/O
                         net (fo=1, routed)           1.285     2.760    i_xlnx_clk_gen/inst/clk_in1_xlnx_clk_gen
    MMCME2_ADV_X1Y2      MMCME2_ADV (Prop_mmcme2_adv_CLKIN1_CLKOUT0)
                                                     -7.759    -4.999 r  i_xlnx_clk_gen/inst/mmcm_adv_inst/CLKOUT0
                         net (fo=1, routed)           2.206    -2.793    i_xlnx_clk_gen/inst/clk_out1_xlnx_clk_gen
    BUFGCTRL_X0Y16       BUFG (Prop_bufg_I_O)         0.101    -2.692 r  i_xlnx_clk_gen/inst/clkout1_buf/O
                         net (fo=14914, routed)       1.773    -0.919    i_ariane/i_cva6/csr_regfile_i/clk_out1
    SLICE_X96Y68         FDCE                                         r  i_ariane/i_cva6/csr_regfile_i/pmpaddr_q_reg[6][3]/C
  -------------------------------------------------------------------    -------------------
    SLICE_X96Y68         FDCE (Prop_fdce_C_Q)         0.518    -0.401 r  i_ariane/i_cva6/csr_regfile_i/pmpaddr_q_reg[6][3]/Q
                         net (fo=14, routed)          0.880     0.479    i_ariane/i_cva6/csr_regfile_i/pmpaddr_q_reg[6][31]_0[3]
    SLICE_X96Y68         LUT6 (Prop_lut6_I2_O)        0.124     0.603 r  i_ariane/i_cva6/csr_regfile_i/i___48_i_97/O
                         net (fo=3, routed)           0.313     0.916    i_ariane/i_cva6/csr_regfile_i/pmpaddr_q_reg[6][4]_0
    SLICE_X95Y69         LUT6 (Prop_lut6_I5_O)        0.124     1.040 r  i_ariane/i_cva6/csr_regfile_i/i___48_i_102/O
                         net (fo=3, routed)           0.585     1.625    i_ariane/i_cva6/csr_regfile_i/i___48_i_102_n_0
    SLICE_X95Y69         LUT3 (Prop_lut3_I2_O)        0.124     1.749 r  i_ariane/i_cva6/csr_regfile_i/i___48_i_75/O
                         net (fo=4, routed)           0.877     2.626    i_ariane/i_cva6/csr_regfile_i/i___48_i_75_n_0
    SLICE_X93Y73         LUT5 (Prop_lut5_I2_O)        0.124     2.750 r  i_ariane/i_cva6/csr_regfile_i/i___48_i_101/O
                         net (fo=3, routed)           0.428     3.177    i_ariane/i_cva6/csr_regfile_i/i___48_i_101_n_0
    SLICE_X92Y74         LUT3 (Prop_lut3_I2_O)        0.116     3.293 r  i_ariane/i_cva6/csr_regfile_i/i___48_i_71/O
                         net (fo=4, routed)           0.717     4.010    i_ariane/i_cva6/csr_regfile_i/i___48_i_71_n_0
    SLICE_X92Y75         LUT5 (Prop_lut5_I2_O)        0.354     4.364 r  i_ariane/i_cva6/csr_regfile_i/i___48_i_78/O
                         net (fo=3, routed)           0.663     5.027    i_ariane/i_cva6/csr_regfile_i/i___48_i_78_n_0
    SLICE_X92Y75         LUT3 (Prop_lut3_I2_O)        0.374     5.401 r  i_ariane/i_cva6/csr_regfile_i/i___48_i_42/O
                         net (fo=6, routed)           0.876     6.277    i_ariane/i_cva6/csr_regfile_i/i___48_i_42_n_0
    SLICE_X88Y76         LUT3 (Prop_lut3_I0_O)        0.328     6.605 r  i_ariane/i_cva6/csr_regfile_i/gen_register.d_o[100]_i_119/O
                         net (fo=1, routed)           0.000     6.605    i_ariane/i_cva6/csr_regfile_i/gen_register.d_o[100]_i_119_n_0
    SLICE_X88Y76         CARRY4 (Prop_carry4_S[3]_CO[3])
                                                      0.401     7.006 f  i_ariane/i_cva6/csr_regfile_i/lsu_i/i_pmp_data_if/i_pmp_data/gen_pmp.genblk1[6].i_pmp_entry/gen_register.d_o_reg[100]_i_36/CO[3]
                         net (fo=1, routed)           0.743     7.749    i_ariane/i_cva6/csr_regfile_i/lsu_i/i_pmp_data_if/i_pmp_data/gen_pmp.genblk1[6].i_pmp_entry/gen_register.d_o_reg[100]_i_36_n_0
    SLICE_X85Y76         LUT6 (Prop_lut6_I4_O)        0.124     7.873 f  i_ariane/i_cva6/csr_regfile_i/gen_register.d_o[100]_i_14/O
                         net (fo=4, routed)           0.830     8.704    i_ariane/i_cva6/csr_regfile_i/gen_register.d_o[100]_i_14_n_0
    SLICE_X81Y76         LUT4 (Prop_lut4_I0_O)        0.152     8.856 f  i_ariane/i_cva6/csr_regfile_i/gen_register.d_o[100]_i_21/O
                         net (fo=1, routed)           0.595     9.451    i_ariane/i_cva6/csr_regfile_i/gen_register.d_o[100]_i_21_n_0
    SLICE_X80Y73         LUT6 (Prop_lut6_I5_O)        0.332     9.783 r  i_ariane/i_cva6/csr_regfile_i/gen_register.d_o[100]_i_5/O
                         net (fo=2, routed)           0.510    10.293    i_ariane/i_cva6/csr_regfile_i/gen_register.d_o[100]_i_5_n_0
    SLICE_X81Y65         LUT5 (Prop_lut5_I4_O)        0.124    10.417 r  i_ariane/i_cva6/csr_regfile_i/gen_register.d_o[100]_i_1/O
                         net (fo=54, routed)          0.385    10.801    i_ariane/i_cva6/ex_stage_i/lsu_i/i_load_unit/gen_register.d_o[147]_i_2_0[0]
    SLICE_X80Y65         LUT6 (Prop_lut6_I4_O)        0.124    10.925 r  i_ariane/i_cva6/ex_stage_i/lsu_i/i_load_unit/gen_register.d_o[166]_i_4/O
                         net (fo=5, routed)           0.602    11.527    i_ariane/i_cva6/gen_cache_hpd.i_cache_subsystem/i_dcache/i_hpdcache/hpdcache_ctrl_i/hpdcache_memctrl_i/dcache_req_ports_ex_cache[1][kill_req]
    SLICE_X67Y64         LUT6 (Prop_lut6_I0_O)        0.124    11.651 r  i_ariane/i_cva6/gen_cache_hpd.i_cache_subsystem/i_dcache/i_hpdcache/hpdcache_ctrl_i/hpdcache_memctrl_i/tail_q[3]_i_4/O
                         net (fo=5, routed)           0.421    12.073    i_ariane/i_cva6/gen_cache_hpd.i_cache_subsystem/i_dcache/i_hpdcache/hpdcache_ctrl_i/hpdcache_memctrl_i/arb_req_gnt_q_reg[1]_0
    SLICE_X67Y64         LUT5 (Prop_lut5_I4_O)        0.124    12.197 r  i_ariane/i_cva6/gen_cache_hpd.i_cache_subsystem/i_dcache/i_hpdcache/hpdcache_ctrl_i/hpdcache_memctrl_i/valid_q[3]_i_5/O
                         net (fo=3, routed)           0.421    12.617    i_ariane/i_cva6/gen_cache_hpd.i_cache_subsystem/i_dcache/i_hpdcache/hpdcache_ctrl_i/hpdcache_rtab_i/st2_mshr_alloc_need_rsp_q_reg
    SLICE_X67Y66         LUT2 (Prop_lut2_I1_O)        0.119    12.736 f  i_ariane/i_cva6/gen_cache_hpd.i_cache_subsystem/i_dcache/i_hpdcache/hpdcache_ctrl_i/hpdcache_rtab_i/st2_dir_updt_valid_q_i_4/O
                         net (fo=19, routed)          0.687    13.423    i_ariane/i_cva6/gen_cache_hpd.i_cache_subsystem/i_dcache/i_hpdcache/hpdcache_ctrl_i/hpdcache_rtab_i/st1_req_rtab_q_reg
    SLICE_X67Y66         LUT4 (Prop_lut4_I0_O)        0.332    13.755 f  i_ariane/i_cva6/gen_cache_hpd.i_cache_subsystem/i_dcache/i_hpdcache/hpdcache_ctrl_i/hpdcache_rtab_i/mem_reg_0_i_66__0/O
                         net (fo=83, routed)          0.449    14.204    i_ariane/i_cva6/gen_cache_hpd.i_cache_subsystem/i_dcache/i_hpdcache/hpdcache_ctrl_i/hpdcache_rtab_i/st1_req_q_reg[op][4]_0
    SLICE_X65Y65         LUT2 (Prop_lut2_I0_O)        0.124    14.328 f  i_ariane/i_cva6/gen_cache_hpd.i_cache_subsystem/i_dcache/i_hpdcache/hpdcache_ctrl_i/hpdcache_rtab_i/st2_dir_updt_valid_q_i_7/O
                         net (fo=6, routed)           0.409    14.737    i_ariane/i_cva6/gen_cache_hpd.i_cache_subsystem/i_dcache/i_hpdcache/hpdcache_ctrl_i/hpdcache_memctrl_i/gen_dir_sram[1].dir_sram/ram_i/st2_dir_updt_valid_q_reg
    SLICE_X67Y65         LUT6 (Prop_lut6_I3_O)        0.124    14.861 f  i_ariane/i_cva6/gen_cache_hpd.i_cache_subsystem/i_dcache/i_hpdcache/hpdcache_ctrl_i/hpdcache_memctrl_i/gen_dir_sram[1].dir_sram/ram_i/i___52_i_5/O
                         net (fo=1, routed)           0.263    15.124    i_ariane/i_cva6/gen_cache_hpd.i_cache_subsystem/i_dcache/i_hpdcache/hpdcache_ctrl_i/hpdcache_memctrl_i/gen_dir_sram[1].dir_sram/ram_i/core_rsp_valid
    SLICE_X67Y65         LUT6 (Prop_lut6_I0_O)        0.124    15.248 f  i_ariane/i_cva6/gen_cache_hpd.i_cache_subsystem/i_dcache/i_hpdcache/hpdcache_ctrl_i/hpdcache_memctrl_i/gen_dir_sram[1].dir_sram/ram_i/i___52_i_2/O
                         net (fo=6, routed)           0.188    15.437    i_ariane/i_cva6/ex_stage_i/lsu_i/lsu_bypass_i/dcache_req_ports_cache_ex[1][data_rvalid]
    SLICE_X67Y65         LUT6 (Prop_lut6_I5_O)        0.124    15.561 f  i_ariane/i_cva6/ex_stage_i/lsu_i/lsu_bypass_i/i___435_i_1/O
                         net (fo=7, routed)           0.323    15.883    i_ariane/i_cva6/ex_stage_i/i_load_unit/req_port_o1__1
    SLICE_X67Y64         LUT6 (Prop_lut6_I0_O)        0.124    16.007 f  i_ariane/i_cva6/ex_stage_i/i___435/O
                         net (fo=84, routed)          0.694    16.702    i_ariane/i_cva6/gen_cache_hpd.i_cache_subsystem/i_dcache/i_hpdcache/core_req_arbiter_i/req_arbiter_i/dcache_req_ports_ex_cache[1][data_req]
    SLICE_X64Y63         LUT4 (Prop_lut4_I1_O)        0.124    16.826 r  i_ariane/i_cva6/gen_cache_hpd.i_cache_subsystem/i_dcache/i_hpdcache/core_req_arbiter_i/req_arbiter_i/st1_req_q[phys_indexed]_i_2/O
                         net (fo=25, routed)          0.532    17.357    i_ariane/i_cva6/gen_cache_hpd.i_cache_subsystem/i_dcache/i_hpdcache/hpdcache_ctrl_i/hpdcache_rtab_i/pop_arb_i/st1_req_q_reg[phys_indexed]_0
    SLICE_X67Y61         LUT5 (Prop_lut5_I2_O)        0.124    17.481 r  i_ariane/i_cva6/gen_cache_hpd.i_cache_subsystem/i_dcache/i_hpdcache/hpdcache_ctrl_i/hpdcache_rtab_i/pop_arb_i/st1_req_q[op][2]_i_3/O
                         net (fo=1, routed)           0.264    17.745    i_ariane/i_cva6/gen_cache_hpd.i_cache_subsystem/i_dcache/i_hpdcache/hpdcache_ctrl_i/hpdcache_rtab_i/pop_arb_i/st1_req_q[op][2]_i_3_n_0
    SLICE_X67Y61         LUT6 (Prop_lut6_I4_O)        0.124    17.869 r  i_ariane/i_cva6/gen_cache_hpd.i_cache_subsystem/i_dcache/i_hpdcache/hpdcache_ctrl_i/hpdcache_rtab_i/pop_arb_i/st1_req_q[op][2]_i_1/O
                         net (fo=18, routed)          0.900    18.769    i_ariane/i_cva6/gen_cache_hpd.i_cache_subsystem/i_dcache/i_hpdcache/hpdcache_ctrl_i/hpdcache_rtab_i/pop_arb_i/req_q_reg[0][req][op][2]
    SLICE_X66Y62         LUT6 (Prop_lut6_I1_O)        0.124    18.893 r  i_ariane/i_cva6/gen_cache_hpd.i_cache_subsystem/i_dcache/i_hpdcache/hpdcache_ctrl_i/hpdcache_rtab_i/pop_arb_i/st1_req_q[op][4]_i_10/O
                         net (fo=1, routed)           0.404    19.297    i_ariane/i_cva6/gen_cache_hpd.i_cache_subsystem/i_dcache/i_hpdcache/hpdcache_ctrl_i/hpdcache_memctrl_i/gen_dir_sram[1].dir_sram/ram_i/st1_req_valid_q_reg_4
    SLICE_X67Y63         LUT6 (Prop_lut6_I2_O)        0.124    19.421 r  i_ariane/i_cva6/gen_cache_hpd.i_cache_subsystem/i_dcache/i_hpdcache/hpdcache_ctrl_i/hpdcache_memctrl_i/gen_dir_sram[1].dir_sram/ram_i/st1_req_q[op][4]_i_5/O
                         net (fo=4, routed)           0.398    19.819    i_ariane/i_cva6/gen_cache_hpd.i_cache_subsystem/i_dcache/i_hpdcache/hpdcache_ctrl_i/hpdcache_memctrl_i/gen_dir_sram[1].dir_sram/ram_i/arb_req_gnt_q_reg[1]
    SLICE_X66Y63         LUT4 (Prop_lut4_I2_O)        0.124    19.943 r  i_ariane/i_cva6/gen_cache_hpd.i_cache_subsystem/i_dcache/i_hpdcache/hpdcache_ctrl_i/hpdcache_memctrl_i/gen_dir_sram[1].dir_sram/ram_i/i___358_i_2/O
                         net (fo=5, routed)           0.444    20.387    i_ariane/i_cva6/gen_cache_hpd.i_cache_subsystem/i_dcache/i_hpdcache/core_req_arbiter_i/req_arbiter_i/wait_q_reg_3
    SLICE_X64Y63         LUT4 (Prop_lut4_I3_O)        0.124    20.511 r  i_ariane/i_cva6/gen_cache_hpd.i_cache_subsystem/i_dcache/i_hpdcache/core_req_arbiter_i/req_arbiter_i/i___358_i_1/O
                         net (fo=9, routed)           0.480    20.991    i_ariane/i_cva6/ex_stage_i/lsu_i/lsu_bypass_i/dcache_req_ports_cache_ex[1][data_gnt]
    SLICE_X66Y64         LUT4 (Prop_lut4_I1_O)        0.124    21.115 r  i_ariane/i_cva6/ex_stage_i/lsu_i/lsu_bypass_i/i___49_i_4/O
                         net (fo=1, routed)           0.423    21.538    i_ariane/i_cva6/ex_stage_i/lsu_i/i_load_unit/pop_ld_o10_out__1
    SLICE_X65Y63         LUT6 (Prop_lut6_I5_O)        0.124    21.662 r  i_ariane/i_cva6/ex_stage_i/lsu_i/i_load_unit/i___49_i_1/O
                         net (fo=89, routed)          0.500    22.162    i_ariane/i_cva6/ex_stage_i/pop_ld
    SLICE_X65Y63         LUT5 (Prop_lut5_I0_O)        0.118    22.280 r  i_ariane/i_cva6/ex_stage_i/i___275/O
                         net (fo=80, routed)          0.891    23.171    i_ariane/i_cva6/ex_stage_i/lsu_i/lsu_bypass_i/E[0]
    SLICE_X58Y65         FDCE                                         r  i_ariane/i_cva6/ex_stage_i/lsu_i/lsu_bypass_i/mem_q_reg[0][vaddr][28]/CE
  -------------------------------------------------------------------    -------------------

                         (clock clk_out1_xlnx_clk_gen rise edge)
                                                     25.000    25.000 r  
    K17                                               0.000    25.000 r  clk_sys (IN)
                         net (fo=0)                   0.000    25.000    i_xlnx_clk_gen/inst/clk_in1
    K17                  IBUF (Prop_ibuf_I_O)         1.404    26.404 r  i_xlnx_clk_gen/inst/clkin1_ibufg/O
                         net (fo=1, routed)           1.162    27.566    i_xlnx_clk_gen/inst/clk_in1_xlnx_clk_gen
    MMCME2_ADV_X1Y2      MMCME2_ADV (Prop_mmcme2_adv_CLKIN1_CLKOUT0)
                                                     -7.814    19.752 r  i_xlnx_clk_gen/inst/mmcm_adv_inst/CLKOUT0
                         net (fo=1, routed)           2.012    21.764    i_xlnx_clk_gen/inst/clk_out1_xlnx_clk_gen
    BUFGCTRL_X0Y16       BUFG (Prop_bufg_I_O)         0.091    21.855 r  i_xlnx_clk_gen/inst/clkout1_buf/O
                         net (fo=14914, routed)       1.531    23.386    i_ariane/i_cva6/ex_stage_i/lsu_i/lsu_bypass_i/clk_out1
    SLICE_X58Y65         FDCE                                         r  i_ariane/i_cva6/ex_stage_i/lsu_i/lsu_bypass_i/mem_q_reg[0][vaddr][28]/C
                         clock pessimism              0.567    23.953    
                         clock uncertainty           -0.082    23.871    
    SLICE_X58Y65         FDCE (Setup_fdce_C_CE)      -0.371    23.500    i_ariane/i_cva6/ex_stage_i/lsu_i/lsu_bypass_i/mem_q_reg[0][vaddr][28]
  -------------------------------------------------------------------
                         required time                         23.500    
                         arrival time                         -23.171    
  -------------------------------------------------------------------
                         slack                                  0.329    

Slack (MET) :             0.345ns  (required time - arrival time)
  Source:                 i_ariane/i_cva6/csr_regfile_i/pmpaddr_q_reg[6][3]/C
                            (rising edge-triggered cell FDCE clocked by clk_out1_xlnx_clk_gen  {rise@0.000ns fall@12.500ns period=25.000ns})
  Destination:            i_ariane/i_cva6/ex_stage_i/lsu_i/lsu_bypass_i/mem_q_reg[1][vaddr][15]/D
                            (rising edge-triggered cell FDCE clocked by clk_out1_xlnx_clk_gen  {rise@0.000ns fall@12.500ns period=25.000ns})
  Path Group:             clk_out1_xlnx_clk_gen
  Path Type:              Setup (Max at Slow Process Corner)
  Requirement:            25.000ns  (clk_out1_xlnx_clk_gen rise@25.000ns - clk_out1_xlnx_clk_gen rise@0.000ns)
  Data Path Delay:        24.177ns  (logic 5.996ns (24.800%)  route 18.181ns (75.200%))
  Logic Levels:           33  (CARRY4=1 LUT2=2 LUT3=4 LUT4=7 LUT5=5 LUT6=14)
  Clock Path Skew:        -0.126ns (DCD - SCD + CPR)
    Destination Clock Delay (DCD):    -1.612ns = ( 23.388 - 25.000 ) 
    Source Clock Delay      (SCD):    -0.919ns
    Clock Pessimism Removal (CPR):    0.567ns
  Clock Uncertainty:      0.082ns  ((TSJ^2 + DJ^2)^1/2) / 2 + PE
    Total System Jitter     (TSJ):    0.071ns
    Discrete Jitter          (DJ):    0.149ns
    Phase Error              (PE):    0.000ns

    Location             Delay type                Incr(ns)  Path(ns)    Netlist Resource(s)
  -------------------------------------------------------------------    -------------------
                         (clock clk_out1_xlnx_clk_gen rise edge)
                                                      0.000     0.000 r  
    K17                                               0.000     0.000 r  clk_sys (IN)
                         net (fo=0)                   0.000     0.000    i_xlnx_clk_gen/inst/clk_in1
    K17                  IBUF (Prop_ibuf_I_O)         1.475     1.475 r  i_xlnx_clk_gen/inst/clkin1_ibufg/O
                         net (fo=1, routed)           1.285     2.760    i_xlnx_clk_gen/inst/clk_in1_xlnx_clk_gen
    MMCME2_ADV_X1Y2      MMCME2_ADV (Prop_mmcme2_adv_CLKIN1_CLKOUT0)
                                                     -7.759    -4.999 r  i_xlnx_clk_gen/inst/mmcm_adv_inst/CLKOUT0
                         net (fo=1, routed)           2.206    -2.793    i_xlnx_clk_gen/inst/clk_out1_xlnx_clk_gen
    BUFGCTRL_X0Y16       BUFG (Prop_bufg_I_O)         0.101    -2.692 r  i_xlnx_clk_gen/inst/clkout1_buf/O
                         net (fo=14914, routed)       1.773    -0.919    i_ariane/i_cva6/csr_regfile_i/clk_out1
    SLICE_X96Y68         FDCE                                         r  i_ariane/i_cva6/csr_regfile_i/pmpaddr_q_reg[6][3]/C
  -------------------------------------------------------------------    -------------------
    SLICE_X96Y68         FDCE (Prop_fdce_C_Q)         0.518    -0.401 r  i_ariane/i_cva6/csr_regfile_i/pmpaddr_q_reg[6][3]/Q
                         net (fo=14, routed)          0.880     0.479    i_ariane/i_cva6/csr_regfile_i/pmpaddr_q_reg[6][31]_0[3]
    SLICE_X96Y68         LUT6 (Prop_lut6_I2_O)        0.124     0.603 r  i_ariane/i_cva6/csr_regfile_i/i___48_i_97/O
                         net (fo=3, routed)           0.313     0.916    i_ariane/i_cva6/csr_regfile_i/pmpaddr_q_reg[6][4]_0
    SLICE_X95Y69         LUT6 (Prop_lut6_I5_O)        0.124     1.040 r  i_ariane/i_cva6/csr_regfile_i/i___48_i_102/O
                         net (fo=3, routed)           0.585     1.625    i_ariane/i_cva6/csr_regfile_i/i___48_i_102_n_0
    SLICE_X95Y69         LUT3 (Prop_lut3_I2_O)        0.124     1.749 r  i_ariane/i_cva6/csr_regfile_i/i___48_i_75/O
                         net (fo=4, routed)           0.877     2.626    i_ariane/i_cva6/csr_regfile_i/i___48_i_75_n_0
    SLICE_X93Y73         LUT5 (Prop_lut5_I2_O)        0.124     2.750 r  i_ariane/i_cva6/csr_regfile_i/i___48_i_101/O
                         net (fo=3, routed)           0.428     3.177    i_ariane/i_cva6/csr_regfile_i/i___48_i_101_n_0
    SLICE_X92Y74         LUT3 (Prop_lut3_I2_O)        0.116     3.293 r  i_ariane/i_cva6/csr_regfile_i/i___48_i_71/O
                         net (fo=4, routed)           0.717     4.010    i_ariane/i_cva6/csr_regfile_i/i___48_i_71_n_0
    SLICE_X92Y75         LUT5 (Prop_lut5_I2_O)        0.354     4.364 r  i_ariane/i_cva6/csr_regfile_i/i___48_i_78/O
                         net (fo=3, routed)           0.663     5.027    i_ariane/i_cva6/csr_regfile_i/i___48_i_78_n_0
    SLICE_X92Y75         LUT3 (Prop_lut3_I2_O)        0.374     5.401 r  i_ariane/i_cva6/csr_regfile_i/i___48_i_42/O
                         net (fo=6, routed)           0.876     6.277    i_ariane/i_cva6/csr_regfile_i/i___48_i_42_n_0
    SLICE_X88Y76         LUT3 (Prop_lut3_I0_O)        0.328     6.605 r  i_ariane/i_cva6/csr_regfile_i/gen_register.d_o[100]_i_119/O
                         net (fo=1, routed)           0.000     6.605    i_ariane/i_cva6/csr_regfile_i/gen_register.d_o[100]_i_119_n_0
    SLICE_X88Y76         CARRY4 (Prop_carry4_S[3]_CO[3])
                                                      0.401     7.006 r  i_ariane/i_cva6/csr_regfile_i/lsu_i/i_pmp_data_if/i_pmp_data/gen_pmp.genblk1[6].i_pmp_entry/gen_register.d_o_reg[100]_i_36/CO[3]
                         net (fo=1, routed)           0.743     7.749    i_ariane/i_cva6/csr_regfile_i/lsu_i/i_pmp_data_if/i_pmp_data/gen_pmp.genblk1[6].i_pmp_entry/gen_register.d_o_reg[100]_i_36_n_0
    SLICE_X85Y76         LUT6 (Prop_lut6_I4_O)        0.124     7.873 r  i_ariane/i_cva6/csr_regfile_i/gen_register.d_o[100]_i_14/O
                         net (fo=4, routed)           0.830     8.704    i_ariane/i_cva6/csr_regfile_i/gen_register.d_o[100]_i_14_n_0
    SLICE_X81Y76         LUT4 (Prop_lut4_I0_O)        0.152     8.856 r  i_ariane/i_cva6/csr_regfile_i/gen_register.d_o[100]_i_21/O
                         net (fo=1, routed)           0.595     9.451    i_ariane/i_cva6/csr_regfile_i/gen_register.d_o[100]_i_21_n_0
    SLICE_X80Y73         LUT6 (Prop_lut6_I5_O)        0.332     9.783 f  i_ariane/i_cva6/csr_regfile_i/gen_register.d_o[100]_i_5/O
                         net (fo=2, routed)           0.510    10.293    i_ariane/i_cva6/csr_regfile_i/gen_register.d_o[100]_i_5_n_0
    SLICE_X81Y65         LUT5 (Prop_lut5_I4_O)        0.124    10.417 f  i_ariane/i_cva6/csr_regfile_i/gen_register.d_o[100]_i_1/O
                         net (fo=54, routed)          0.385    10.801    i_ariane/i_cva6/ex_stage_i/lsu_i/i_load_unit/gen_register.d_o[147]_i_2_0[0]
    SLICE_X80Y65         LUT6 (Prop_lut6_I4_O)        0.124    10.925 f  i_ariane/i_cva6/ex_stage_i/lsu_i/i_load_unit/gen_register.d_o[166]_i_4/O
                         net (fo=5, routed)           0.602    11.527    i_ariane/i_cva6/gen_cache_hpd.i_cache_subsystem/i_dcache/i_hpdcache/hpdcache_ctrl_i/hpdcache_memctrl_i/dcache_req_ports_ex_cache[1][kill_req]
    SLICE_X67Y64         LUT6 (Prop_lut6_I0_O)        0.124    11.651 f  i_ariane/i_cva6/gen_cache_hpd.i_cache_subsystem/i_dcache/i_hpdcache/hpdcache_ctrl_i/hpdcache_memctrl_i/tail_q[3]_i_4/O
                         net (fo=5, routed)           0.421    12.073    i_ariane/i_cva6/gen_cache_hpd.i_cache_subsystem/i_dcache/i_hpdcache/hpdcache_ctrl_i/hpdcache_memctrl_i/arb_req_gnt_q_reg[1]_0
    SLICE_X67Y64         LUT5 (Prop_lut5_I4_O)        0.124    12.197 f  i_ariane/i_cva6/gen_cache_hpd.i_cache_subsystem/i_dcache/i_hpdcache/hpdcache_ctrl_i/hpdcache_memctrl_i/valid_q[3]_i_5/O
                         net (fo=3, routed)           0.421    12.617    i_ariane/i_cva6/gen_cache_hpd.i_cache_subsystem/i_dcache/i_hpdcache/hpdcache_ctrl_i/hpdcache_rtab_i/st2_mshr_alloc_need_rsp_q_reg
    SLICE_X67Y66         LUT2 (Prop_lut2_I1_O)        0.119    12.736 r  i_ariane/i_cva6/gen_cache_hpd.i_cache_subsystem/i_dcache/i_hpdcache/hpdcache_ctrl_i/hpdcache_rtab_i/st2_dir_updt_valid_q_i_4/O
                         net (fo=19, routed)          0.687    13.423    i_ariane/i_cva6/gen_cache_hpd.i_cache_subsystem/i_dcache/i_hpdcache/hpdcache_ctrl_i/hpdcache_rtab_i/st1_req_rtab_q_reg
    SLICE_X67Y66         LUT4 (Prop_lut4_I0_O)        0.332    13.755 r  i_ariane/i_cva6/gen_cache_hpd.i_cache_subsystem/i_dcache/i_hpdcache/hpdcache_ctrl_i/hpdcache_rtab_i/mem_reg_0_i_66__0/O
                         net (fo=83, routed)          0.449    14.204    i_ariane/i_cva6/gen_cache_hpd.i_cache_subsystem/i_dcache/i_hpdcache/hpdcache_ctrl_i/hpdcache_rtab_i/st1_req_q_reg[op][4]_0
    SLICE_X65Y65         LUT2 (Prop_lut2_I0_O)        0.124    14.328 r  i_ariane/i_cva6/gen_cache_hpd.i_cache_subsystem/i_dcache/i_hpdcache/hpdcache_ctrl_i/hpdcache_rtab_i/st2_dir_updt_valid_q_i_7/O
                         net (fo=6, routed)           0.409    14.737    i_ariane/i_cva6/gen_cache_hpd.i_cache_subsystem/i_dcache/i_hpdcache/hpdcache_ctrl_i/hpdcache_memctrl_i/gen_dir_sram[1].dir_sram/ram_i/st2_dir_updt_valid_q_reg
    SLICE_X67Y65         LUT6 (Prop_lut6_I3_O)        0.124    14.861 r  i_ariane/i_cva6/gen_cache_hpd.i_cache_subsystem/i_dcache/i_hpdcache/hpdcache_ctrl_i/hpdcache_memctrl_i/gen_dir_sram[1].dir_sram/ram_i/i___52_i_5/O
                         net (fo=1, routed)           0.263    15.124    i_ariane/i_cva6/gen_cache_hpd.i_cache_subsystem/i_dcache/i_hpdcache/hpdcache_ctrl_i/hpdcache_memctrl_i/gen_dir_sram[1].dir_sram/ram_i/core_rsp_valid
    SLICE_X67Y65         LUT6 (Prop_lut6_I0_O)        0.124    15.248 r  i_ariane/i_cva6/gen_cache_hpd.i_cache_subsystem/i_dcache/i_hpdcache/hpdcache_ctrl_i/hpdcache_memctrl_i/gen_dir_sram[1].dir_sram/ram_i/i___52_i_2/O
                         net (fo=6, routed)           0.188    15.437    i_ariane/i_cva6/ex_stage_i/lsu_i/lsu_bypass_i/dcache_req_ports_cache_ex[1][data_rvalid]
    SLICE_X67Y65         LUT6 (Prop_lut6_I5_O)        0.124    15.561 r  i_ariane/i_cva6/ex_stage_i/lsu_i/lsu_bypass_i/i___435_i_1/O
                         net (fo=7, routed)           0.323    15.883    i_ariane/i_cva6/ex_stage_i/i_load_unit/req_port_o1__1
    SLICE_X67Y64         LUT6 (Prop_lut6_I0_O)        0.124    16.007 r  i_ariane/i_cva6/ex_stage_i/i___435/O
                         net (fo=84, routed)          0.694    16.702    i_ariane/i_cva6/gen_cache_hpd.i_cache_subsystem/i_dcache/i_hpdcache/core_req_arbiter_i/req_arbiter_i/dcache_req_ports_ex_cache[1][data_req]
    SLICE_X64Y63         LUT4 (Prop_lut4_I1_O)        0.124    16.826 f  i_ariane/i_cva6/gen_cache_hpd.i_cache_subsystem/i_dcache/i_hpdcache/core_req_arbiter_i/req_arbiter_i/st1_req_q[phys_indexed]_i_2/O
                         net (fo=25, routed)          0.532    17.357    i_ariane/i_cva6/gen_cache_hpd.i_cache_subsystem/i_dcache/i_hpdcache/hpdcache_ctrl_i/hpdcache_rtab_i/pop_arb_i/st1_req_q_reg[phys_indexed]_0
    SLICE_X67Y61         LUT5 (Prop_lut5_I2_O)        0.124    17.481 f  i_ariane/i_cva6/gen_cache_hpd.i_cache_subsystem/i_dcache/i_hpdcache/hpdcache_ctrl_i/hpdcache_rtab_i/pop_arb_i/st1_req_q[op][2]_i_3/O
                         net (fo=1, routed)           0.264    17.745    i_ariane/i_cva6/gen_cache_hpd.i_cache_subsystem/i_dcache/i_hpdcache/hpdcache_ctrl_i/hpdcache_rtab_i/pop_arb_i/st1_req_q[op][2]_i_3_n_0
    SLICE_X67Y61         LUT6 (Prop_lut6_I4_O)        0.124    17.869 f  i_ariane/i_cva6/gen_cache_hpd.i_cache_subsystem/i_dcache/i_hpdcache/hpdcache_ctrl_i/hpdcache_rtab_i/pop_arb_i/st1_req_q[op][2]_i_1/O
                         net (fo=18, routed)          0.900    18.769    i_ariane/i_cva6/gen_cache_hpd.i_cache_subsystem/i_dcache/i_hpdcache/hpdcache_ctrl_i/hpdcache_rtab_i/pop_arb_i/req_q_reg[0][req][op][2]
    SLICE_X66Y62         LUT6 (Prop_lut6_I1_O)        0.124    18.893 f  i_ariane/i_cva6/gen_cache_hpd.i_cache_subsystem/i_dcache/i_hpdcache/hpdcache_ctrl_i/hpdcache_rtab_i/pop_arb_i/st1_req_q[op][4]_i_10/O
                         net (fo=1, routed)           0.404    19.297    i_ariane/i_cva6/gen_cache_hpd.i_cache_subsystem/i_dcache/i_hpdcache/hpdcache_ctrl_i/hpdcache_memctrl_i/gen_dir_sram[1].dir_sram/ram_i/st1_req_valid_q_reg_4
    SLICE_X67Y63         LUT6 (Prop_lut6_I2_O)        0.124    19.421 f  i_ariane/i_cva6/gen_cache_hpd.i_cache_subsystem/i_dcache/i_hpdcache/hpdcache_ctrl_i/hpdcache_memctrl_i/gen_dir_sram[1].dir_sram/ram_i/st1_req_q[op][4]_i_5/O
                         net (fo=4, routed)           0.398    19.819    i_ariane/i_cva6/gen_cache_hpd.i_cache_subsystem/i_dcache/i_hpdcache/hpdcache_ctrl_i/hpdcache_memctrl_i/gen_dir_sram[1].dir_sram/ram_i/arb_req_gnt_q_reg[1]
    SLICE_X66Y63         LUT4 (Prop_lut4_I2_O)        0.124    19.943 f  i_ariane/i_cva6/gen_cache_hpd.i_cache_subsystem/i_dcache/i_hpdcache/hpdcache_ctrl_i/hpdcache_memctrl_i/gen_dir_sram[1].dir_sram/ram_i/i___358_i_2/O
                         net (fo=5, routed)           0.444    20.387    i_ariane/i_cva6/gen_cache_hpd.i_cache_subsystem/i_dcache/i_hpdcache/core_req_arbiter_i/req_arbiter_i/wait_q_reg_3
    SLICE_X64Y63         LUT4 (Prop_lut4_I3_O)        0.124    20.511 f  i_ariane/i_cva6/gen_cache_hpd.i_cache_subsystem/i_dcache/i_hpdcache/core_req_arbiter_i/req_arbiter_i/i___358_i_1/O
                         net (fo=9, routed)           0.480    20.991    i_ariane/i_cva6/ex_stage_i/lsu_i/lsu_bypass_i/dcache_req_ports_cache_ex[1][data_gnt]
    SLICE_X66Y64         LUT4 (Prop_lut4_I1_O)        0.124    21.115 f  i_ariane/i_cva6/ex_stage_i/lsu_i/lsu_bypass_i/i___49_i_4/O
                         net (fo=1, routed)           0.423    21.538    i_ariane/i_cva6/ex_stage_i/lsu_i/i_load_unit/pop_ld_o10_out__1
    SLICE_X65Y63         LUT6 (Prop_lut6_I5_O)        0.124    21.662 f  i_ariane/i_cva6/ex_stage_i/lsu_i/i_load_unit/i___49_i_1/O
                         net (fo=89, routed)          0.977    22.639    i_ariane/i_cva6/ex_stage_i/pop_ld
    SLICE_X60Y67         LUT4 (Prop_lut4_I0_O)        0.118    22.757 r  i_ariane/i_cva6/ex_stage_i/i___293/O
                         net (fo=2, routed)           0.501    23.258    i_ariane/i_cva6/ex_stage_i/lsu_i/lsu_bypass_i/mem_q_reg[0][vaddr][31]_0[15]
    SLICE_X60Y66         FDCE                                         r  i_ariane/i_cva6/ex_stage_i/lsu_i/lsu_bypass_i/mem_q_reg[1][vaddr][15]/D
  -------------------------------------------------------------------    -------------------

                         (clock clk_out1_xlnx_clk_gen rise edge)
                                                     25.000    25.000 r  
    K17                                               0.000    25.000 r  clk_sys (IN)
                         net (fo=0)                   0.000    25.000    i_xlnx_clk_gen/inst/clk_in1
    K17                  IBUF (Prop_ibuf_I_O)         1.404    26.404 r  i_xlnx_clk_gen/inst/clkin1_ibufg/O
                         net (fo=1, routed)           1.162    27.566    i_xlnx_clk_gen/inst/clk_in1_xlnx_clk_gen
    MMCME2_ADV_X1Y2      MMCME2_ADV (Prop_mmcme2_adv_CLKIN1_CLKOUT0)
                                                     -7.814    19.752 r  i_xlnx_clk_gen/inst/mmcm_adv_inst/CLKOUT0
                         net (fo=1, routed)           2.012    21.764    i_xlnx_clk_gen/inst/clk_out1_xlnx_clk_gen
    BUFGCTRL_X0Y16       BUFG (Prop_bufg_I_O)         0.091    21.855 r  i_xlnx_clk_gen/inst/clkout1_buf/O
                         net (fo=14914, routed)       1.533    23.388    i_ariane/i_cva6/ex_stage_i/lsu_i/lsu_bypass_i/clk_out1
    SLICE_X60Y66         FDCE                                         r  i_ariane/i_cva6/ex_stage_i/lsu_i/lsu_bypass_i/mem_q_reg[1][vaddr][15]/C
                         clock pessimism              0.567    23.955    
                         clock uncertainty           -0.082    23.873    
    SLICE_X60Y66         FDCE (Setup_fdce_C_D)       -0.269    23.604    i_ariane/i_cva6/ex_stage_i/lsu_i/lsu_bypass_i/mem_q_reg[1][vaddr][15]
  -------------------------------------------------------------------
                         required time                         23.604    
                         arrival time                         -23.258    
  -------------------------------------------------------------------
                         slack                                  0.345    





Min Delay Paths
--------------------------------------------------------------------------------------
Slack (MET) :             0.049ns  (arrival time - required time)
  Source:                 i_axi_dwidth_converter_dm_slave/inst/gen_downsizer.gen_simple_downsizer.axi_downsizer_inst/USE_READ.read_addr_inst/S_AXI_ASIZE_Q_reg[0]/C
                            (rising edge-triggered cell FDRE clocked by clk_out1_xlnx_clk_gen  {rise@0.000ns fall@12.500ns period=25.000ns})
  Destination:            i_axi_dwidth_converter_dm_slave/inst/gen_downsizer.gen_simple_downsizer.axi_downsizer_inst/USE_READ.read_addr_inst/cmd_queue/inst/fifo_gen_inst/inst_fifo_gen/gconvfifo.rf/grf.rf/gntv_or_sync_fifo.mem/gdm.dm_gen.dm/RAM_reg_0_31_0_5/RAMA/I
                            (rising edge-triggered cell RAMD32 clocked by clk_out1_xlnx_clk_gen  {rise@0.000ns fall@12.500ns period=25.000ns})
  Path Group:             clk_out1_xlnx_clk_gen
  Path Type:              Hold (Min at Fast Process Corner)
  Requirement:            0.000ns  (clk_out1_xlnx_clk_gen rise@0.000ns - clk_out1_xlnx_clk_gen rise@0.000ns)
  Data Path Delay:        0.209ns  (logic 0.141ns (67.433%)  route 0.068ns (32.567%))
  Logic Levels:           0  
  Clock Path Skew:        0.013ns (DCD - SCD - CPR)
    Destination Clock Delay (DCD):    -0.838ns
    Source Clock Delay      (SCD):    -0.600ns
    Clock Pessimism Removal (CPR):    -0.252ns

    Location             Delay type                Incr(ns)  Path(ns)    Netlist Resource(s)
  -------------------------------------------------------------------    -------------------
                         (clock clk_out1_xlnx_clk_gen rise edge)
                                                      0.000     0.000 r  
    K17                                               0.000     0.000 r  clk_sys (IN)
                         net (fo=0)                   0.000     0.000    i_xlnx_clk_gen/inst/clk_in1
    K17                  IBUF (Prop_ibuf_I_O)         0.243     0.243 r  i_xlnx_clk_gen/inst/clkin1_ibufg/O
                         net (fo=1, routed)           0.440     0.683    i_xlnx_clk_gen/inst/clk_in1_xlnx_clk_gen
    MMCME2_ADV_X1Y2      MMCME2_ADV (Prop_mmcme2_adv_CLKIN1_CLKOUT0)
                                                     -2.613    -1.930 r  i_xlnx_clk_gen/inst/mmcm_adv_inst/CLKOUT0
                         net (fo=1, routed)           0.696    -1.233    i_xlnx_clk_gen/inst/clk_out1_xlnx_clk_gen
    BUFGCTRL_X0Y16       BUFG (Prop_bufg_I_O)         0.026    -1.207 r  i_xlnx_clk_gen/inst/clkout1_buf/O
                         net (fo=14914, routed)       0.608    -0.600    i_axi_dwidth_converter_dm_slave/inst/gen_downsizer.gen_simple_downsizer.axi_downsizer_inst/USE_READ.read_addr_inst/CLK
    SLICE_X93Y13         FDRE                                         r  i_axi_dwidth_converter_dm_slave/inst/gen_downsizer.gen_simple_downsizer.axi_downsizer_inst/USE_READ.read_addr_inst/S_AXI_ASIZE_Q_reg[0]/C
  -------------------------------------------------------------------    -------------------
    SLICE_X93Y13         FDRE (Prop_fdre_C_Q)         0.141    -0.459 r  i_axi_dwidth_converter_dm_slave/inst/gen_downsizer.gen_simple_downsizer.axi_downsizer_inst/USE_READ.read_addr_inst/S_AXI_ASIZE_Q_reg[0]/Q
                         net (fo=2, routed)           0.068    -0.391    i_axi_dwidth_converter_dm_slave/inst/gen_downsizer.gen_simple_downsizer.axi_downsizer_inst/USE_READ.read_addr_inst/cmd_queue/inst/fifo_gen_inst/inst_fifo_gen/gconvfifo.rf/grf.rf/gntv_or_sync_fifo.mem/gdm.dm_gen.dm/RAM_reg_0_31_0_5/DIA0
    SLICE_X92Y13         RAMD32                                       r  i_axi_dwidth_converter_dm_slave/inst/gen_downsizer.gen_simple_downsizer.axi_downsizer_inst/USE_READ.read_addr_inst/cmd_queue/inst/fifo_gen_inst/inst_fifo_gen/gconvfifo.rf/grf.rf/gntv_or_sync_fifo.mem/gdm.dm_gen.dm/RAM_reg_0_31_0_5/RAMA/I
  -------------------------------------------------------------------    -------------------

                         (clock clk_out1_xlnx_clk_gen rise edge)
                                                      0.000     0.000 r  
    K17                                               0.000     0.000 r  clk_sys (IN)
                         net (fo=0)                   0.000     0.000    i_xlnx_clk_gen/inst/clk_in1
    K17                  IBUF (Prop_ibuf_I_O)         0.431     0.431 r  i_xlnx_clk_gen/inst/clkin1_ibufg/O
                         net (fo=1, routed)           0.480     0.911    i_xlnx_clk_gen/inst/clk_in1_xlnx_clk_gen
    MMCME2_ADV_X1Y2      MMCME2_ADV (Prop_mmcme2_adv_CLKIN1_CLKOUT0)
                                                     -3.407    -2.496 r  i_xlnx_clk_gen/inst/mmcm_adv_inst/CLKOUT0
                         net (fo=1, routed)           0.752    -1.744    i_xlnx_clk_gen/inst/clk_out1_xlnx_clk_gen
    BUFGCTRL_X0Y16       BUFG (Prop_bufg_I_O)         0.029    -1.715 r  i_xlnx_clk_gen/inst/clkout1_buf/O
                         net (fo=14914, routed)       0.877    -0.838    i_axi_dwidth_converter_dm_slave/inst/gen_downsizer.gen_simple_downsizer.axi_downsizer_inst/USE_READ.read_addr_inst/cmd_queue/inst/fifo_gen_inst/inst_fifo_gen/gconvfifo.rf/grf.rf/gntv_or_sync_fifo.mem/gdm.dm_gen.dm/RAM_reg_0_31_0_5/WCLK
    SLICE_X92Y13         RAMD32                                       r  i_axi_dwidth_converter_dm_slave/inst/gen_downsizer.gen_simple_downsizer.axi_downsizer_inst/USE_READ.read_addr_inst/cmd_queue/inst/fifo_gen_inst/inst_fifo_gen/gconvfifo.rf/grf.rf/gntv_or_sync_fifo.mem/gdm.dm_gen.dm/RAM_reg_0_31_0_5/RAMA/CLK
                         clock pessimism              0.252    -0.587    
    SLICE_X92Y13         RAMD32 (Hold_ramd32_CLK_I)
                                                      0.147    -0.440    i_axi_dwidth_converter_dm_slave/inst/gen_downsizer.gen_simple_downsizer.axi_downsizer_inst/USE_READ.read_addr_inst/cmd_queue/inst/fifo_gen_inst/inst_fifo_gen/gconvfifo.rf/grf.rf/gntv_or_sync_fifo.mem/gdm.dm_gen.dm/RAM_reg_0_31_0_5/RAMA
  -------------------------------------------------------------------
                         required time                          0.440    
                         arrival time                          -0.391    
  -------------------------------------------------------------------
                         slack                                  0.049    

Slack (MET) :             0.056ns  (arrival time - required time)
  Source:                 i_ariane/i_cva6/gen_cache_hpd.i_cache_subsystem/i_dcache/i_hpdcache/hpdcache_ctrl_i/st2_mshr_alloc_addr_q_reg[29]/C
                            (rising edge-triggered cell FDRE clocked by clk_out1_xlnx_clk_gen  {rise@0.000ns fall@12.500ns period=25.000ns})
  Destination:            i_ariane/i_cva6/gen_cache_hpd.i_cache_subsystem/i_dcache/i_hpdcache/hpdcache_miss_handler_i/hpdcache_mshr_i/gen_mshr_wbyteenable.gen_mshr_regbank.mshr_mem/mem_reg[28]/D
                            (rising edge-triggered cell FDRE clocked by clk_out1_xlnx_clk_gen  {rise@0.000ns fall@12.500ns period=25.000ns})
  Path Group:             clk_out1_xlnx_clk_gen
  Path Type:              Hold (Min at Fast Process Corner)
  Requirement:            0.000ns  (clk_out1_xlnx_clk_gen rise@0.000ns - clk_out1_xlnx_clk_gen rise@0.000ns)
  Data Path Delay:        0.342ns  (logic 0.148ns (43.321%)  route 0.194ns (56.679%))
  Logic Levels:           0  
  Clock Path Skew:        0.263ns (DCD - SCD - CPR)
    Destination Clock Delay (DCD):    -0.861ns
    Source Clock Delay      (SCD):    -0.617ns
    Clock Pessimism Removal (CPR):    -0.508ns

    Location             Delay type                Incr(ns)  Path(ns)    Netlist Resource(s)
  -------------------------------------------------------------------    -------------------
                         (clock clk_out1_xlnx_clk_gen rise edge)
                                                      0.000     0.000 r  
    K17                                               0.000     0.000 r  clk_sys (IN)
                         net (fo=0)                   0.000     0.000    i_xlnx_clk_gen/inst/clk_in1
    K17                  IBUF (Prop_ibuf_I_O)         0.243     0.243 r  i_xlnx_clk_gen/inst/clkin1_ibufg/O
                         net (fo=1, routed)           0.440     0.683    i_xlnx_clk_gen/inst/clk_in1_xlnx_clk_gen
    MMCME2_ADV_X1Y2      MMCME2_ADV (Prop_mmcme2_adv_CLKIN1_CLKOUT0)
                                                     -2.613    -1.930 r  i_xlnx_clk_gen/inst/mmcm_adv_inst/CLKOUT0
                         net (fo=1, routed)           0.696    -1.233    i_xlnx_clk_gen/inst/clk_out1_xlnx_clk_gen
    BUFGCTRL_X0Y16       BUFG (Prop_bufg_I_O)         0.026    -1.207 r  i_xlnx_clk_gen/inst/clkout1_buf/O
                         net (fo=14914, routed)       0.591    -0.617    i_ariane/i_cva6/gen_cache_hpd.i_cache_subsystem/i_dcache/i_hpdcache/hpdcache_ctrl_i/clk_out1
    SLICE_X86Y47         FDRE                                         r  i_ariane/i_cva6/gen_cache_hpd.i_cache_subsystem/i_dcache/i_hpdcache/hpdcache_ctrl_i/st2_mshr_alloc_addr_q_reg[29]/C
  -------------------------------------------------------------------    -------------------
    SLICE_X86Y47         FDRE (Prop_fdre_C_Q)         0.148    -0.469 r  i_ariane/i_cva6/gen_cache_hpd.i_cache_subsystem/i_dcache/i_hpdcache/hpdcache_ctrl_i/st2_mshr_alloc_addr_q_reg[29]/Q
                         net (fo=2, routed)           0.194    -0.275    i_ariane/i_cva6/gen_cache_hpd.i_cache_subsystem/i_dcache/i_hpdcache/hpdcache_miss_handler_i/hpdcache_mshr_i/gen_mshr_wbyteenable.gen_mshr_regbank.mshr_mem/D[24]
    SLICE_X87Y50         FDRE                                         r  i_ariane/i_cva6/gen_cache_hpd.i_cache_subsystem/i_dcache/i_hpdcache/hpdcache_miss_handler_i/hpdcache_mshr_i/gen_mshr_wbyteenable.gen_mshr_regbank.mshr_mem/mem_reg[28]/D
  -------------------------------------------------------------------    -------------------

                         (clock clk_out1_xlnx_clk_gen rise edge)
                                                      0.000     0.000 r  
    K17                                               0.000     0.000 r  clk_sys (IN)
                         net (fo=0)                   0.000     0.000    i_xlnx_clk_gen/inst/clk_in1
    K17                  IBUF (Prop_ibuf_I_O)         0.431     0.431 r  i_xlnx_clk_gen/inst/clkin1_ibufg/O
                         net (fo=1, routed)           0.480     0.911    i_xlnx_clk_gen/inst/clk_in1_xlnx_clk_gen
    MMCME2_ADV_X1Y2      MMCME2_ADV (Prop_mmcme2_adv_CLKIN1_CLKOUT0)
                                                     -3.407    -2.496 r  i_xlnx_clk_gen/inst/mmcm_adv_inst/CLKOUT0
                         net (fo=1, routed)           0.752    -1.744    i_xlnx_clk_gen/inst/clk_out1_xlnx_clk_gen
    BUFGCTRL_X0Y16       BUFG (Prop_bufg_I_O)         0.029    -1.715 r  i_xlnx_clk_gen/inst/clkout1_buf/O
                         net (fo=14914, routed)       0.854    -0.861    i_ariane/i_cva6/gen_cache_hpd.i_cache_subsystem/i_dcache/i_hpdcache/hpdcache_miss_handler_i/hpdcache_mshr_i/gen_mshr_wbyteenable.gen_mshr_regbank.mshr_mem/clk_out1
    SLICE_X87Y50         FDRE                                         r  i_ariane/i_cva6/gen_cache_hpd.i_cache_subsystem/i_dcache/i_hpdcache/hpdcache_miss_handler_i/hpdcache_mshr_i/gen_mshr_wbyteenable.gen_mshr_regbank.mshr_mem/mem_reg[28]/C
                         clock pessimism              0.508    -0.353    
    SLICE_X87Y50         FDRE (Hold_fdre_C_D)         0.022    -0.331    i_ariane/i_cva6/gen_cache_hpd.i_cache_subsystem/i_dcache/i_hpdcache/hpdcache_miss_handler_i/hpdcache_mshr_i/gen_mshr_wbyteenable.gen_mshr_regbank.mshr_mem/mem_reg[28]
  -------------------------------------------------------------------
                         required time                          0.331    
                         arrival time                          -0.275    
  -------------------------------------------------------------------
                         slack                                  0.056    

Slack (MET) :             0.059ns  (arrival time - required time)
  Source:                 i_ariane/i_cva6/gen_cache_hpd.i_cache_subsystem/i_dcache/i_hpdcache/hpdcache_uc_i/req_data_q_reg[0][6]/C
                            (rising edge-triggered cell FDRE clocked by clk_out1_xlnx_clk_gen  {rise@0.000ns fall@12.500ns period=25.000ns})
  Destination:            i_axi_xbar/i_xbar/gen_slv_port_demux[0].i_axi_demux/gen_demux.i_w_spill_reg/spill_register_flushable_i/gen_spill_reg.a_data_q_reg[data][38]/D
                            (rising edge-triggered cell FDCE clocked by clk_out1_xlnx_clk_gen  {rise@0.000ns fall@12.500ns period=25.000ns})
  Path Group:             clk_out1_xlnx_clk_gen
  Path Type:              Hold (Min at Fast Process Corner)
  Requirement:            0.000ns  (clk_out1_xlnx_clk_gen rise@0.000ns - clk_out1_xlnx_clk_gen rise@0.000ns)
  Data Path Delay:        0.427ns  (logic 0.186ns (43.533%)  route 0.241ns (56.467%))
  Logic Levels:           1  (LUT6=1)
  Clock Path Skew:        0.276ns (DCD - SCD - CPR)
    Destination Clock Delay (DCD):    -0.861ns
    Source Clock Delay      (SCD):    -0.630ns
    Clock Pessimism Removal (CPR):    -0.508ns

    Location             Delay type                Incr(ns)  Path(ns)    Netlist Resource(s)
  -------------------------------------------------------------------    -------------------
                         (clock clk_out1_xlnx_clk_gen rise edge)
                                                      0.000     0.000 r  
    K17                                               0.000     0.000 r  clk_sys (IN)
                         net (fo=0)                   0.000     0.000    i_xlnx_clk_gen/inst/clk_in1
    K17                  IBUF (Prop_ibuf_I_O)         0.243     0.243 r  i_xlnx_clk_gen/inst/clkin1_ibufg/O
                         net (fo=1, routed)           0.440     0.683    i_xlnx_clk_gen/inst/clk_in1_xlnx_clk_gen
    MMCME2_ADV_X1Y2      MMCME2_ADV (Prop_mmcme2_adv_CLKIN1_CLKOUT0)
                                                     -2.613    -1.930 r  i_xlnx_clk_gen/inst/mmcm_adv_inst/CLKOUT0
                         net (fo=1, routed)           0.696    -1.233    i_xlnx_clk_gen/inst/clk_out1_xlnx_clk_gen
    BUFGCTRL_X0Y16       BUFG (Prop_bufg_I_O)         0.026    -1.207 r  i_xlnx_clk_gen/inst/clkout1_buf/O
                         net (fo=14914, routed)       0.578    -0.630    i_ariane/i_cva6/gen_cache_hpd.i_cache_subsystem/i_dcache/i_hpdcache/hpdcache_uc_i/clk_out1
    SLICE_X57Y50         FDRE                                         r  i_ariane/i_cva6/gen_cache_hpd.i_cache_subsystem/i_dcache/i_hpdcache/hpdcache_uc_i/req_data_q_reg[0][6]/C
  -------------------------------------------------------------------    -------------------
    SLICE_X57Y50         FDRE (Prop_fdre_C_Q)         0.141    -0.489 r  i_ariane/i_cva6/gen_cache_hpd.i_cache_subsystem/i_dcache/i_hpdcache/hpdcache_uc_i/req_data_q_reg[0][6]/Q
                         net (fo=2, routed)           0.241    -0.247    i_ariane/i_cva6/gen_cache_hpd.i_cache_subsystem/i_dcache/i_hpdcache/gen_wbuf.hpdcache_wbuf_i/send_data_ptr_fifo_i/gen_spill_reg.a_data_q_reg[data][63]_3[6]
    SLICE_X64Y48         LUT6 (Prop_lut6_I4_O)        0.045    -0.202 r  i_ariane/i_cva6/gen_cache_hpd.i_cache_subsystem/i_dcache/i_hpdcache/gen_wbuf.hpdcache_wbuf_i/send_data_ptr_fifo_i/gen_spill_reg.a_data_q[data][38]_i_1__5/O
                         net (fo=1, routed)           0.000    -0.202    i_axi_xbar/i_xbar/gen_slv_port_demux[0].i_axi_demux/gen_demux.i_w_spill_reg/spill_register_flushable_i/gen_spill_reg.a_data_q_reg[data][63]_0[6]
    SLICE_X64Y48         FDCE                                         r  i_axi_xbar/i_xbar/gen_slv_port_demux[0].i_axi_demux/gen_demux.i_w_spill_reg/spill_register_flushable_i/gen_spill_reg.a_data_q_reg[data][38]/D
  -------------------------------------------------------------------    -------------------

                         (clock clk_out1_xlnx_clk_gen rise edge)
                                                      0.000     0.000 r  
    K17                                               0.000     0.000 r  clk_sys (IN)
                         net (fo=0)                   0.000     0.000    i_xlnx_clk_gen/inst/clk_in1
    K17                  IBUF (Prop_ibuf_I_O)         0.431     0.431 r  i_xlnx_clk_gen/inst/clkin1_ibufg/O
                         net (fo=1, routed)           0.480     0.911    i_xlnx_clk_gen/inst/clk_in1_xlnx_clk_gen
    MMCME2_ADV_X1Y2      MMCME2_ADV (Prop_mmcme2_adv_CLKIN1_CLKOUT0)
                                                     -3.407    -2.496 r  i_xlnx_clk_gen/inst/mmcm_adv_inst/CLKOUT0
                         net (fo=1, routed)           0.752    -1.744    i_xlnx_clk_gen/inst/clk_out1_xlnx_clk_gen
    BUFGCTRL_X0Y16       BUFG (Prop_bufg_I_O)         0.029    -1.715 r  i_xlnx_clk_gen/inst/clkout1_buf/O
                         net (fo=14914, routed)       0.854    -0.861    i_axi_xbar/i_xbar/gen_slv_port_demux[0].i_axi_demux/gen_demux.i_w_spill_reg/spill_register_flushable_i/clk_out1
    SLICE_X64Y48         FDCE                                         r  i_axi_xbar/i_xbar/gen_slv_port_demux[0].i_axi_demux/gen_demux.i_w_spill_reg/spill_register_flushable_i/gen_spill_reg.a_data_q_reg[data][38]/C
                         clock pessimism              0.508    -0.353    
    SLICE_X64Y48         FDCE (Hold_fdce_C_D)         0.092    -0.261    i_axi_xbar/i_xbar/gen_slv_port_demux[0].i_axi_demux/gen_demux.i_w_spill_reg/spill_register_flushable_i/gen_spill_reg.a_data_q_reg[data][38]
  -------------------------------------------------------------------
                         required time                          0.261    
                         arrival time                          -0.202    
  -------------------------------------------------------------------
                         slack                                  0.059    

Slack (MET) :             0.063ns  (arrival time - required time)
  Source:                 i_axi_xbar/i_xbar/gen_mst_port_mux[7].i_axi_mux/gen_mux.i_r_spill_reg/spill_register_flushable_i/gen_spill_reg.a_data_q_reg[data][38]/C
                            (rising edge-triggered cell FDCE clocked by clk_out1_xlnx_clk_gen  {rise@0.000ns fall@12.500ns period=25.000ns})
  Destination:            i_axi_xbar/i_xbar/gen_mst_port_mux[7].i_axi_mux/gen_mux.i_r_spill_reg/spill_register_flushable_i/gen_spill_reg.b_data_q_reg[data][38]/D
                            (rising edge-triggered cell FDCE clocked by clk_out1_xlnx_clk_gen  {rise@0.000ns fall@12.500ns period=25.000ns})
  Path Group:             clk_out1_xlnx_clk_gen
  Path Type:              Hold (Min at Fast Process Corner)
  Requirement:            0.000ns  (clk_out1_xlnx_clk_gen rise@0.000ns - clk_out1_xlnx_clk_gen rise@0.000ns)
  Data Path Delay:        0.389ns  (logic 0.141ns (36.259%)  route 0.248ns (63.741%))
  Logic Levels:           0  
  Clock Path Skew:        0.253ns (DCD - SCD - CPR)
    Destination Clock Delay (DCD):    -0.899ns
    Source Clock Delay      (SCD):    -0.650ns
    Clock Pessimism Removal (CPR):    -0.503ns

    Location             Delay type                Incr(ns)  Path(ns)    Netlist Resource(s)
  -------------------------------------------------------------------    -------------------
                         (clock clk_out1_xlnx_clk_gen rise edge)
                                                      0.000     0.000 r  
    K17                                               0.000     0.000 r  clk_sys (IN)
                         net (fo=0)                   0.000     0.000    i_xlnx_clk_gen/inst/clk_in1
    K17                  IBUF (Prop_ibuf_I_O)         0.243     0.243 r  i_xlnx_clk_gen/inst/clkin1_ibufg/O
                         net (fo=1, routed)           0.440     0.683    i_xlnx_clk_gen/inst/clk_in1_xlnx_clk_gen
    MMCME2_ADV_X1Y2      MMCME2_ADV (Prop_mmcme2_adv_CLKIN1_CLKOUT0)
                                                     -2.613    -1.930 r  i_xlnx_clk_gen/inst/mmcm_adv_inst/CLKOUT0
                         net (fo=1, routed)           0.696    -1.233    i_xlnx_clk_gen/inst/clk_out1_xlnx_clk_gen
    BUFGCTRL_X0Y16       BUFG (Prop_bufg_I_O)         0.026    -1.207 r  i_xlnx_clk_gen/inst/clkout1_buf/O
                         net (fo=14914, routed)       0.558    -0.650    i_axi_xbar/i_xbar/gen_mst_port_mux[7].i_axi_mux/gen_mux.i_r_spill_reg/spill_register_flushable_i/clk_out1
    SLICE_X48Y12         FDCE                                         r  i_axi_xbar/i_xbar/gen_mst_port_mux[7].i_axi_mux/gen_mux.i_r_spill_reg/spill_register_flushable_i/gen_spill_reg.a_data_q_reg[data][38]/C
  -------------------------------------------------------------------    -------------------
    SLICE_X48Y12         FDCE (Prop_fdce_C_Q)         0.141    -0.509 r  i_axi_xbar/i_xbar/gen_mst_port_mux[7].i_axi_mux/gen_mux.i_r_spill_reg/spill_register_flushable_i/gen_spill_reg.a_data_q_reg[data][38]/Q
                         net (fo=2, routed)           0.248    -0.261    i_axi_xbar/i_xbar/gen_mst_port_mux[7].i_axi_mux/gen_mux.i_r_spill_reg/spill_register_flushable_i/gen_spill_reg.a_data_q_reg[data_n_0_][38]
    SLICE_X51Y18         FDCE                                         r  i_axi_xbar/i_xbar/gen_mst_port_mux[7].i_axi_mux/gen_mux.i_r_spill_reg/spill_register_flushable_i/gen_spill_reg.b_data_q_reg[data][38]/D
  -------------------------------------------------------------------    -------------------

                         (clock clk_out1_xlnx_clk_gen rise edge)
                                                      0.000     0.000 r  
    K17                                               0.000     0.000 r  clk_sys (IN)
                         net (fo=0)                   0.000     0.000    i_xlnx_clk_gen/inst/clk_in1
    K17                  IBUF (Prop_ibuf_I_O)         0.431     0.431 r  i_xlnx_clk_gen/inst/clkin1_ibufg/O
                         net (fo=1, routed)           0.480     0.911    i_xlnx_clk_gen/inst/clk_in1_xlnx_clk_gen
    MMCME2_ADV_X1Y2      MMCME2_ADV (Prop_mmcme2_adv_CLKIN1_CLKOUT0)
                                                     -3.407    -2.496 r  i_xlnx_clk_gen/inst/mmcm_adv_inst/CLKOUT0
                         net (fo=1, routed)           0.752    -1.744    i_xlnx_clk_gen/inst/clk_out1_xlnx_clk_gen
    BUFGCTRL_X0Y16       BUFG (Prop_bufg_I_O)         0.029    -1.715 r  i_xlnx_clk_gen/inst/clkout1_buf/O
                         net (fo=14914, routed)       0.816    -0.899    i_axi_xbar/i_xbar/gen_mst_port_mux[7].i_axi_mux/gen_mux.i_r_spill_reg/spill_register_flushable_i/clk_out1
    SLICE_X51Y18         FDCE                                         r  i_axi_xbar/i_xbar/gen_mst_port_mux[7].i_axi_mux/gen_mux.i_r_spill_reg/spill_register_flushable_i/gen_spill_reg.b_data_q_reg[data][38]/C
                         clock pessimism              0.503    -0.396    
    SLICE_X51Y18         FDCE (Hold_fdce_C_D)         0.072    -0.324    i_axi_xbar/i_xbar/gen_mst_port_mux[7].i_axi_mux/gen_mux.i_r_spill_reg/spill_register_flushable_i/gen_spill_reg.b_data_q_reg[data][38]
  -------------------------------------------------------------------
                         required time                          0.324    
                         arrival time                          -0.261    
  -------------------------------------------------------------------
                         slack                                  0.063    

Slack (MET) :             0.070ns  (arrival time - required time)
  Source:                 i_axi_xbar/i_xbar/gen_mst_port_mux[7].i_axi_mux/gen_mux.i_r_spill_reg/spill_register_flushable_i/gen_spill_reg.a_data_q_reg[data][53]/C
                            (rising edge-triggered cell FDCE clocked by clk_out1_xlnx_clk_gen  {rise@0.000ns fall@12.500ns period=25.000ns})
  Destination:            i_axi_xbar/i_xbar/gen_mst_port_mux[7].i_axi_mux/gen_mux.i_r_spill_reg/spill_register_flushable_i/gen_spill_reg.b_data_q_reg[data][53]/D
                            (rising edge-triggered cell FDCE clocked by clk_out1_xlnx_clk_gen  {rise@0.000ns fall@12.500ns period=25.000ns})
  Path Group:             clk_out1_xlnx_clk_gen
  Path Type:              Hold (Min at Fast Process Corner)
  Requirement:            0.000ns  (clk_out1_xlnx_clk_gen rise@0.000ns - clk_out1_xlnx_clk_gen rise@0.000ns)
  Data Path Delay:        0.376ns  (logic 0.141ns (37.524%)  route 0.235ns (62.476%))
  Logic Levels:           0  
  Clock Path Skew:        0.258ns (DCD - SCD - CPR)
    Destination Clock Delay (DCD):    -0.895ns
    Source Clock Delay      (SCD):    -0.651ns
    Clock Pessimism Removal (CPR):    -0.503ns

    Location             Delay type                Incr(ns)  Path(ns)    Netlist Resource(s)
  -------------------------------------------------------------------    -------------------
                         (clock clk_out1_xlnx_clk_gen rise edge)
                                                      0.000     0.000 r  
    K17                                               0.000     0.000 r  clk_sys (IN)
                         net (fo=0)                   0.000     0.000    i_xlnx_clk_gen/inst/clk_in1
    K17                  IBUF (Prop_ibuf_I_O)         0.243     0.243 r  i_xlnx_clk_gen/inst/clkin1_ibufg/O
                         net (fo=1, routed)           0.440     0.683    i_xlnx_clk_gen/inst/clk_in1_xlnx_clk_gen
    MMCME2_ADV_X1Y2      MMCME2_ADV (Prop_mmcme2_adv_CLKIN1_CLKOUT0)
                                                     -2.613    -1.930 r  i_xlnx_clk_gen/inst/mmcm_adv_inst/CLKOUT0
                         net (fo=1, routed)           0.696    -1.233    i_xlnx_clk_gen/inst/clk_out1_xlnx_clk_gen
    BUFGCTRL_X0Y16       BUFG (Prop_bufg_I_O)         0.026    -1.207 r  i_xlnx_clk_gen/inst/clkout1_buf/O
                         net (fo=14914, routed)       0.557    -0.651    i_axi_xbar/i_xbar/gen_mst_port_mux[7].i_axi_mux/gen_mux.i_r_spill_reg/spill_register_flushable_i/clk_out1
    SLICE_X48Y14         FDCE                                         r  i_axi_xbar/i_xbar/gen_mst_port_mux[7].i_axi_mux/gen_mux.i_r_spill_reg/spill_register_flushable_i/gen_spill_reg.a_data_q_reg[data][53]/C
  -------------------------------------------------------------------    -------------------
    SLICE_X48Y14         FDCE (Prop_fdce_C_Q)         0.141    -0.510 r  i_axi_xbar/i_xbar/gen_mst_port_mux[7].i_axi_mux/gen_mux.i_r_spill_reg/spill_register_flushable_i/gen_spill_reg.a_data_q_reg[data][53]/Q
                         net (fo=2, routed)           0.235    -0.275    i_axi_xbar/i_xbar/gen_mst_port_mux[7].i_axi_mux/gen_mux.i_r_spill_reg/spill_register_flushable_i/gen_spill_reg.a_data_q_reg[data_n_0_][53]
    SLICE_X52Y14         FDCE                                         r  i_axi_xbar/i_xbar/gen_mst_port_mux[7].i_axi_mux/gen_mux.i_r_spill_reg/spill_register_flushable_i/gen_spill_reg.b_data_q_reg[data][53]/D
  -------------------------------------------------------------------    -------------------

                         (clock clk_out1_xlnx_clk_gen rise edge)
                                                      0.000     0.000 r  
    K17                                               0.000     0.000 r  clk_sys (IN)
                         net (fo=0)                   0.000     0.000    i_xlnx_clk_gen/inst/clk_in1
    K17                  IBUF (Prop_ibuf_I_O)         0.431     0.431 r  i_xlnx_clk_gen/inst/clkin1_ibufg/O
                         net (fo=1, routed)           0.480     0.911    i_xlnx_clk_gen/inst/clk_in1_xlnx_clk_gen
    MMCME2_ADV_X1Y2      MMCME2_ADV (Prop_mmcme2_adv_CLKIN1_CLKOUT0)
                                                     -3.407    -2.496 r  i_xlnx_clk_gen/inst/mmcm_adv_inst/CLKOUT0
                         net (fo=1, routed)           0.752    -1.744    i_xlnx_clk_gen/inst/clk_out1_xlnx_clk_gen
    BUFGCTRL_X0Y16       BUFG (Prop_bufg_I_O)         0.029    -1.715 r  i_xlnx_clk_gen/inst/clkout1_buf/O
                         net (fo=14914, routed)       0.820    -0.895    i_axi_xbar/i_xbar/gen_mst_port_mux[7].i_axi_mux/gen_mux.i_r_spill_reg/spill_register_flushable_i/clk_out1
    SLICE_X52Y14         FDCE                                         r  i_axi_xbar/i_xbar/gen_mst_port_mux[7].i_axi_mux/gen_mux.i_r_spill_reg/spill_register_flushable_i/gen_spill_reg.b_data_q_reg[data][53]/C
                         clock pessimism              0.503    -0.392    
    SLICE_X52Y14         FDCE (Hold_fdce_C_D)         0.047    -0.345    i_axi_xbar/i_xbar/gen_mst_port_mux[7].i_axi_mux/gen_mux.i_r_spill_reg/spill_register_flushable_i/gen_spill_reg.b_data_q_reg[data][53]
  -------------------------------------------------------------------
                         required time                          0.345    
                         arrival time                          -0.275    
  -------------------------------------------------------------------
                         slack                                  0.070    

Slack (MET) :             0.071ns  (arrival time - required time)
  Source:                 i_ariane/i_cva6/gen_cache_hpd.i_cache_subsystem/i_dcache/i_hpdcache/hpdcache_ctrl_i/st2_mshr_alloc_addr_q_reg[30]/C
                            (rising edge-triggered cell FDRE clocked by clk_out1_xlnx_clk_gen  {rise@0.000ns fall@12.500ns period=25.000ns})
  Destination:            i_ariane/i_cva6/gen_cache_hpd.i_cache_subsystem/i_dcache/i_hpdcache/hpdcache_miss_handler_i/hpdcache_mshr_i/gen_mshr_wbyteenable.gen_mshr_regbank.mshr_mem/mem_reg[29]/D
                            (rising edge-triggered cell FDRE clocked by clk_out1_xlnx_clk_gen  {rise@0.000ns fall@12.500ns period=25.000ns})
  Path Group:             clk_out1_xlnx_clk_gen
  Path Type:              Hold (Min at Fast Process Corner)
  Requirement:            0.000ns  (clk_out1_xlnx_clk_gen rise@0.000ns - clk_out1_xlnx_clk_gen rise@0.000ns)
  Data Path Delay:        0.344ns  (logic 0.148ns (42.969%)  route 0.196ns (57.031%))
  Logic Levels:           0  
  Clock Path Skew:        0.263ns (DCD - SCD - CPR)
    Destination Clock Delay (DCD):    -0.861ns
    Source Clock Delay      (SCD):    -0.617ns
    Clock Pessimism Removal (CPR):    -0.508ns

    Location             Delay type                Incr(ns)  Path(ns)    Netlist Resource(s)
  -------------------------------------------------------------------    -------------------
                         (clock clk_out1_xlnx_clk_gen rise edge)
                                                      0.000     0.000 r  
    K17                                               0.000     0.000 r  clk_sys (IN)
                         net (fo=0)                   0.000     0.000    i_xlnx_clk_gen/inst/clk_in1
    K17                  IBUF (Prop_ibuf_I_O)         0.243     0.243 r  i_xlnx_clk_gen/inst/clkin1_ibufg/O
                         net (fo=1, routed)           0.440     0.683    i_xlnx_clk_gen/inst/clk_in1_xlnx_clk_gen
    MMCME2_ADV_X1Y2      MMCME2_ADV (Prop_mmcme2_adv_CLKIN1_CLKOUT0)
                                                     -2.613    -1.930 r  i_xlnx_clk_gen/inst/mmcm_adv_inst/CLKOUT0
                         net (fo=1, routed)           0.696    -1.233    i_xlnx_clk_gen/inst/clk_out1_xlnx_clk_gen
    BUFGCTRL_X0Y16       BUFG (Prop_bufg_I_O)         0.026    -1.207 r  i_xlnx_clk_gen/inst/clkout1_buf/O
                         net (fo=14914, routed)       0.591    -0.617    i_ariane/i_cva6/gen_cache_hpd.i_cache_subsystem/i_dcache/i_hpdcache/hpdcache_ctrl_i/clk_out1
    SLICE_X86Y48         FDRE                                         r  i_ariane/i_cva6/gen_cache_hpd.i_cache_subsystem/i_dcache/i_hpdcache/hpdcache_ctrl_i/st2_mshr_alloc_addr_q_reg[30]/C
  -------------------------------------------------------------------    -------------------
    SLICE_X86Y48         FDRE (Prop_fdre_C_Q)         0.148    -0.469 r  i_ariane/i_cva6/gen_cache_hpd.i_cache_subsystem/i_dcache/i_hpdcache/hpdcache_ctrl_i/st2_mshr_alloc_addr_q_reg[30]/Q
                         net (fo=2, routed)           0.196    -0.272    i_ariane/i_cva6/gen_cache_hpd.i_cache_subsystem/i_dcache/i_hpdcache/hpdcache_miss_handler_i/hpdcache_mshr_i/gen_mshr_wbyteenable.gen_mshr_regbank.mshr_mem/D[25]
    SLICE_X86Y51         FDRE                                         r  i_ariane/i_cva6/gen_cache_hpd.i_cache_subsystem/i_dcache/i_hpdcache/hpdcache_miss_handler_i/hpdcache_mshr_i/gen_mshr_wbyteenable.gen_mshr_regbank.mshr_mem/mem_reg[29]/D
  -------------------------------------------------------------------    -------------------

                         (clock clk_out1_xlnx_clk_gen rise edge)
                                                      0.000     0.000 r  
    K17                                               0.000     0.000 r  clk_sys (IN)
                         net (fo=0)                   0.000     0.000    i_xlnx_clk_gen/inst/clk_in1
    K17                  IBUF (Prop_ibuf_I_O)         0.431     0.431 r  i_xlnx_clk_gen/inst/clkin1_ibufg/O
                         net (fo=1, routed)           0.480     0.911    i_xlnx_clk_gen/inst/clk_in1_xlnx_clk_gen
    MMCME2_ADV_X1Y2      MMCME2_ADV (Prop_mmcme2_adv_CLKIN1_CLKOUT0)
                                                     -3.407    -2.496 r  i_xlnx_clk_gen/inst/mmcm_adv_inst/CLKOUT0
                         net (fo=1, routed)           0.752    -1.744    i_xlnx_clk_gen/inst/clk_out1_xlnx_clk_gen
    BUFGCTRL_X0Y16       BUFG (Prop_bufg_I_O)         0.029    -1.715 r  i_xlnx_clk_gen/inst/clkout1_buf/O
                         net (fo=14914, routed)       0.854    -0.861    i_ariane/i_cva6/gen_cache_hpd.i_cache_subsystem/i_dcache/i_hpdcache/hpdcache_miss_handler_i/hpdcache_mshr_i/gen_mshr_wbyteenable.gen_mshr_regbank.mshr_mem/clk_out1
    SLICE_X86Y51         FDRE                                         r  i_ariane/i_cva6/gen_cache_hpd.i_cache_subsystem/i_dcache/i_hpdcache/hpdcache_miss_handler_i/hpdcache_mshr_i/gen_mshr_wbyteenable.gen_mshr_regbank.mshr_mem/mem_reg[29]/C
                         clock pessimism              0.508    -0.353    
    SLICE_X86Y51         FDRE (Hold_fdre_C_D)         0.010    -0.343    i_ariane/i_cva6/gen_cache_hpd.i_cache_subsystem/i_dcache/i_hpdcache/hpdcache_miss_handler_i/hpdcache_mshr_i/gen_mshr_wbyteenable.gen_mshr_regbank.mshr_mem/mem_reg[29]
  -------------------------------------------------------------------
                         required time                          0.343    
                         arrival time                          -0.272    
  -------------------------------------------------------------------
                         slack                                  0.071    

Slack (MET) :             0.071ns  (arrival time - required time)
  Source:                 i_axi_xbar/i_xbar/gen_mst_port_mux[7].i_axi_mux/gen_mux.i_r_spill_reg/spill_register_flushable_i/gen_spill_reg.a_data_q_reg[data][52]/C
                            (rising edge-triggered cell FDCE clocked by clk_out1_xlnx_clk_gen  {rise@0.000ns fall@12.500ns period=25.000ns})
  Destination:            i_axi_xbar/i_xbar/gen_mst_port_mux[7].i_axi_mux/gen_mux.i_r_spill_reg/spill_register_flushable_i/gen_spill_reg.b_data_q_reg[data][52]/D
                            (rising edge-triggered cell FDCE clocked by clk_out1_xlnx_clk_gen  {rise@0.000ns fall@12.500ns period=25.000ns})
  Path Group:             clk_out1_xlnx_clk_gen
  Path Type:              Hold (Min at Fast Process Corner)
  Requirement:            0.000ns  (clk_out1_xlnx_clk_gen rise@0.000ns - clk_out1_xlnx_clk_gen rise@0.000ns)
  Data Path Delay:        0.382ns  (logic 0.141ns (36.867%)  route 0.241ns (63.133%))
  Logic Levels:           0  
  Clock Path Skew:        0.259ns (DCD - SCD - CPR)
    Destination Clock Delay (DCD):    -0.894ns
    Source Clock Delay      (SCD):    -0.651ns
    Clock Pessimism Removal (CPR):    -0.503ns

    Location             Delay type                Incr(ns)  Path(ns)    Netlist Resource(s)
  -------------------------------------------------------------------    -------------------
                         (clock clk_out1_xlnx_clk_gen rise edge)
                                                      0.000     0.000 r  
    K17                                               0.000     0.000 r  clk_sys (IN)
                         net (fo=0)                   0.000     0.000    i_xlnx_clk_gen/inst/clk_in1
    K17                  IBUF (Prop_ibuf_I_O)         0.243     0.243 r  i_xlnx_clk_gen/inst/clkin1_ibufg/O
                         net (fo=1, routed)           0.440     0.683    i_xlnx_clk_gen/inst/clk_in1_xlnx_clk_gen
    MMCME2_ADV_X1Y2      MMCME2_ADV (Prop_mmcme2_adv_CLKIN1_CLKOUT0)
                                                     -2.613    -1.930 r  i_xlnx_clk_gen/inst/mmcm_adv_inst/CLKOUT0
                         net (fo=1, routed)           0.696    -1.233    i_xlnx_clk_gen/inst/clk_out1_xlnx_clk_gen
    BUFGCTRL_X0Y16       BUFG (Prop_bufg_I_O)         0.026    -1.207 r  i_xlnx_clk_gen/inst/clkout1_buf/O
                         net (fo=14914, routed)       0.557    -0.651    i_axi_xbar/i_xbar/gen_mst_port_mux[7].i_axi_mux/gen_mux.i_r_spill_reg/spill_register_flushable_i/clk_out1
    SLICE_X49Y13         FDCE                                         r  i_axi_xbar/i_xbar/gen_mst_port_mux[7].i_axi_mux/gen_mux.i_r_spill_reg/spill_register_flushable_i/gen_spill_reg.a_data_q_reg[data][52]/C
  -------------------------------------------------------------------    -------------------
    SLICE_X49Y13         FDCE (Prop_fdce_C_Q)         0.141    -0.510 r  i_axi_xbar/i_xbar/gen_mst_port_mux[7].i_axi_mux/gen_mux.i_r_spill_reg/spill_register_flushable_i/gen_spill_reg.a_data_q_reg[data][52]/Q
                         net (fo=2, routed)           0.241    -0.268    i_axi_xbar/i_xbar/gen_mst_port_mux[7].i_axi_mux/gen_mux.i_r_spill_reg/spill_register_flushable_i/gen_spill_reg.a_data_q_reg[data_n_0_][52]
    SLICE_X50Y12         FDCE                                         r  i_axi_xbar/i_xbar/gen_mst_port_mux[7].i_axi_mux/gen_mux.i_r_spill_reg/spill_register_flushable_i/gen_spill_reg.b_data_q_reg[data][52]/D
  -------------------------------------------------------------------    -------------------

                         (clock clk_out1_xlnx_clk_gen rise edge)
                                                      0.000     0.000 r  
    K17                                               0.000     0.000 r  clk_sys (IN)
                         net (fo=0)                   0.000     0.000    i_xlnx_clk_gen/inst/clk_in1
    K17                  IBUF (Prop_ibuf_I_O)         0.431     0.431 r  i_xlnx_clk_gen/inst/clkin1_ibufg/O
                         net (fo=1, routed)           0.480     0.911    i_xlnx_clk_gen/inst/clk_in1_xlnx_clk_gen
    MMCME2_ADV_X1Y2      MMCME2_ADV (Prop_mmcme2_adv_CLKIN1_CLKOUT0)
                                                     -3.407    -2.496 r  i_xlnx_clk_gen/inst/mmcm_adv_inst/CLKOUT0
                         net (fo=1, routed)           0.752    -1.744    i_xlnx_clk_gen/inst/clk_out1_xlnx_clk_gen
    BUFGCTRL_X0Y16       BUFG (Prop_bufg_I_O)         0.029    -1.715 r  i_xlnx_clk_gen/inst/clkout1_buf/O
                         net (fo=14914, routed)       0.821    -0.894    i_axi_xbar/i_xbar/gen_mst_port_mux[7].i_axi_mux/gen_mux.i_r_spill_reg/spill_register_flushable_i/clk_out1
    SLICE_X50Y12         FDCE                                         r  i_axi_xbar/i_xbar/gen_mst_port_mux[7].i_axi_mux/gen_mux.i_r_spill_reg/spill_register_flushable_i/gen_spill_reg.b_data_q_reg[data][52]/C
                         clock pessimism              0.503    -0.391    
    SLICE_X50Y12         FDCE (Hold_fdce_C_D)         0.052    -0.339    i_axi_xbar/i_xbar/gen_mst_port_mux[7].i_axi_mux/gen_mux.i_r_spill_reg/spill_register_flushable_i/gen_spill_reg.b_data_q_reg[data][52]
  -------------------------------------------------------------------
                         required time                          0.339    
                         arrival time                          -0.268    
  -------------------------------------------------------------------
                         slack                                  0.071    

Slack (MET) :             0.072ns  (arrival time - required time)
  Source:                 i_axi_xbar/i_xbar/gen_mst_port_mux[7].i_axi_mux/gen_mux.i_r_spill_reg/spill_register_flushable_i/gen_spill_reg.a_data_q_reg[data][36]/C
                            (rising edge-triggered cell FDCE clocked by clk_out1_xlnx_clk_gen  {rise@0.000ns fall@12.500ns period=25.000ns})
  Destination:            i_axi_xbar/i_xbar/gen_mst_port_mux[7].i_axi_mux/gen_mux.i_r_spill_reg/spill_register_flushable_i/gen_spill_reg.b_data_q_reg[data][36]/D
                            (rising edge-triggered cell FDCE clocked by clk_out1_xlnx_clk_gen  {rise@0.000ns fall@12.500ns period=25.000ns})
  Path Group:             clk_out1_xlnx_clk_gen
  Path Type:              Hold (Min at Fast Process Corner)
  Requirement:            0.000ns  (clk_out1_xlnx_clk_gen rise@0.000ns - clk_out1_xlnx_clk_gen rise@0.000ns)
  Data Path Delay:        0.390ns  (logic 0.141ns (36.149%)  route 0.249ns (63.851%))
  Logic Levels:           0  
  Clock Path Skew:        0.252ns (DCD - SCD - CPR)
    Destination Clock Delay (DCD):    -0.899ns
    Source Clock Delay      (SCD):    -0.649ns
    Clock Pessimism Removal (CPR):    -0.503ns

    Location             Delay type                Incr(ns)  Path(ns)    Netlist Resource(s)
  -------------------------------------------------------------------    -------------------
                         (clock clk_out1_xlnx_clk_gen rise edge)
                                                      0.000     0.000 r  
    K17                                               0.000     0.000 r  clk_sys (IN)
                         net (fo=0)                   0.000     0.000    i_xlnx_clk_gen/inst/clk_in1
    K17                  IBUF (Prop_ibuf_I_O)         0.243     0.243 r  i_xlnx_clk_gen/inst/clkin1_ibufg/O
                         net (fo=1, routed)           0.440     0.683    i_xlnx_clk_gen/inst/clk_in1_xlnx_clk_gen
    MMCME2_ADV_X1Y2      MMCME2_ADV (Prop_mmcme2_adv_CLKIN1_CLKOUT0)
                                                     -2.613    -1.930 r  i_xlnx_clk_gen/inst/mmcm_adv_inst/CLKOUT0
                         net (fo=1, routed)           0.696    -1.233    i_xlnx_clk_gen/inst/clk_out1_xlnx_clk_gen
    BUFGCTRL_X0Y16       BUFG (Prop_bufg_I_O)         0.026    -1.207 r  i_xlnx_clk_gen/inst/clkout1_buf/O
                         net (fo=14914, routed)       0.559    -0.649    i_axi_xbar/i_xbar/gen_mst_port_mux[7].i_axi_mux/gen_mux.i_r_spill_reg/spill_register_flushable_i/clk_out1
    SLICE_X49Y11         FDCE                                         r  i_axi_xbar/i_xbar/gen_mst_port_mux[7].i_axi_mux/gen_mux.i_r_spill_reg/spill_register_flushable_i/gen_spill_reg.a_data_q_reg[data][36]/C
  -------------------------------------------------------------------    -------------------
    SLICE_X49Y11         FDCE (Prop_fdce_C_Q)         0.141    -0.508 r  i_axi_xbar/i_xbar/gen_mst_port_mux[7].i_axi_mux/gen_mux.i_r_spill_reg/spill_register_flushable_i/gen_spill_reg.a_data_q_reg[data][36]/Q
                         net (fo=2, routed)           0.249    -0.259    i_axi_xbar/i_xbar/gen_mst_port_mux[7].i_axi_mux/gen_mux.i_r_spill_reg/spill_register_flushable_i/gen_spill_reg.a_data_q_reg[data_n_0_][36]
    SLICE_X51Y18         FDCE                                         r  i_axi_xbar/i_xbar/gen_mst_port_mux[7].i_axi_mux/gen_mux.i_r_spill_reg/spill_register_flushable_i/gen_spill_reg.b_data_q_reg[data][36]/D
  -------------------------------------------------------------------    -------------------

                         (clock clk_out1_xlnx_clk_gen rise edge)
                                                      0.000     0.000 r  
    K17                                               0.000     0.000 r  clk_sys (IN)
                         net (fo=0)                   0.000     0.000    i_xlnx_clk_gen/inst/clk_in1
    K17                  IBUF (Prop_ibuf_I_O)         0.431     0.431 r  i_xlnx_clk_gen/inst/clkin1_ibufg/O
                         net (fo=1, routed)           0.480     0.911    i_xlnx_clk_gen/inst/clk_in1_xlnx_clk_gen
    MMCME2_ADV_X1Y2      MMCME2_ADV (Prop_mmcme2_adv_CLKIN1_CLKOUT0)
                                                     -3.407    -2.496 r  i_xlnx_clk_gen/inst/mmcm_adv_inst/CLKOUT0
                         net (fo=1, routed)           0.752    -1.744    i_xlnx_clk_gen/inst/clk_out1_xlnx_clk_gen
    BUFGCTRL_X0Y16       BUFG (Prop_bufg_I_O)         0.029    -1.715 r  i_xlnx_clk_gen/inst/clkout1_buf/O
                         net (fo=14914, routed)       0.816    -0.899    i_axi_xbar/i_xbar/gen_mst_port_mux[7].i_axi_mux/gen_mux.i_r_spill_reg/spill_register_flushable_i/clk_out1
    SLICE_X51Y18         FDCE                                         r  i_axi_xbar/i_xbar/gen_mst_port_mux[7].i_axi_mux/gen_mux.i_r_spill_reg/spill_register_flushable_i/gen_spill_reg.b_data_q_reg[data][36]/C
                         clock pessimism              0.503    -0.396    
    SLICE_X51Y18         FDCE (Hold_fdce_C_D)         0.066    -0.330    i_axi_xbar/i_xbar/gen_mst_port_mux[7].i_axi_mux/gen_mux.i_r_spill_reg/spill_register_flushable_i/gen_spill_reg.b_data_q_reg[data][36]
  -------------------------------------------------------------------
                         required time                          0.330    
                         arrival time                          -0.259    
  -------------------------------------------------------------------
                         slack                                  0.072    

Slack (MET) :             0.074ns  (arrival time - required time)
  Source:                 i_ariane/i_cva6/gen_cache_hpd.i_cache_subsystem/i_dcache/i_hpdcache/hpdcache_ctrl_i/st2_mshr_alloc_addr_q_reg[25]/C
                            (rising edge-triggered cell FDRE clocked by clk_out1_xlnx_clk_gen  {rise@0.000ns fall@12.500ns period=25.000ns})
  Destination:            i_ariane/i_cva6/gen_cache_hpd.i_cache_subsystem/i_dcache/i_hpdcache/hpdcache_miss_handler_i/hpdcache_mshr_i/gen_mshr_wbyteenable.gen_mshr_regbank.mshr_mem/mem_reg[24]/D
                            (rising edge-triggered cell FDRE clocked by clk_out1_xlnx_clk_gen  {rise@0.000ns fall@12.500ns period=25.000ns})
  Path Group:             clk_out1_xlnx_clk_gen
  Path Type:              Hold (Min at Fast Process Corner)
  Requirement:            0.000ns  (clk_out1_xlnx_clk_gen rise@0.000ns - clk_out1_xlnx_clk_gen rise@0.000ns)
  Data Path Delay:        0.399ns  (logic 0.141ns (35.303%)  route 0.258ns (64.697%))
  Logic Levels:           0  
  Clock Path Skew:        0.262ns (DCD - SCD - CPR)
    Destination Clock Delay (DCD):    -0.862ns
    Source Clock Delay      (SCD):    -0.617ns
    Clock Pessimism Removal (CPR):    -0.508ns

    Location             Delay type                Incr(ns)  Path(ns)    Netlist Resource(s)
  -------------------------------------------------------------------    -------------------
                         (clock clk_out1_xlnx_clk_gen rise edge)
                                                      0.000     0.000 r  
    K17                                               0.000     0.000 r  clk_sys (IN)
                         net (fo=0)                   0.000     0.000    i_xlnx_clk_gen/inst/clk_in1
    K17                  IBUF (Prop_ibuf_I_O)         0.243     0.243 r  i_xlnx_clk_gen/inst/clkin1_ibufg/O
                         net (fo=1, routed)           0.440     0.683    i_xlnx_clk_gen/inst/clk_in1_xlnx_clk_gen
    MMCME2_ADV_X1Y2      MMCME2_ADV (Prop_mmcme2_adv_CLKIN1_CLKOUT0)
                                                     -2.613    -1.930 r  i_xlnx_clk_gen/inst/mmcm_adv_inst/CLKOUT0
                         net (fo=1, routed)           0.696    -1.233    i_xlnx_clk_gen/inst/clk_out1_xlnx_clk_gen
    BUFGCTRL_X0Y16       BUFG (Prop_bufg_I_O)         0.026    -1.207 r  i_xlnx_clk_gen/inst/clkout1_buf/O
                         net (fo=14914, routed)       0.591    -0.617    i_ariane/i_cva6/gen_cache_hpd.i_cache_subsystem/i_dcache/i_hpdcache/hpdcache_ctrl_i/clk_out1
    SLICE_X88Y47         FDRE                                         r  i_ariane/i_cva6/gen_cache_hpd.i_cache_subsystem/i_dcache/i_hpdcache/hpdcache_ctrl_i/st2_mshr_alloc_addr_q_reg[25]/C
  -------------------------------------------------------------------    -------------------
    SLICE_X88Y47         FDRE (Prop_fdre_C_Q)         0.141    -0.476 r  i_ariane/i_cva6/gen_cache_hpd.i_cache_subsystem/i_dcache/i_hpdcache/hpdcache_ctrl_i/st2_mshr_alloc_addr_q_reg[25]/Q
                         net (fo=2, routed)           0.258    -0.217    i_ariane/i_cva6/gen_cache_hpd.i_cache_subsystem/i_dcache/i_hpdcache/hpdcache_miss_handler_i/hpdcache_mshr_i/gen_mshr_wbyteenable.gen_mshr_regbank.mshr_mem/D[20]
    SLICE_X86Y55         FDRE                                         r  i_ariane/i_cva6/gen_cache_hpd.i_cache_subsystem/i_dcache/i_hpdcache/hpdcache_miss_handler_i/hpdcache_mshr_i/gen_mshr_wbyteenable.gen_mshr_regbank.mshr_mem/mem_reg[24]/D
  -------------------------------------------------------------------    -------------------

                         (clock clk_out1_xlnx_clk_gen rise edge)
                                                      0.000     0.000 r  
    K17                                               0.000     0.000 r  clk_sys (IN)
                         net (fo=0)                   0.000     0.000    i_xlnx_clk_gen/inst/clk_in1
    K17                  IBUF (Prop_ibuf_I_O)         0.431     0.431 r  i_xlnx_clk_gen/inst/clkin1_ibufg/O
                         net (fo=1, routed)           0.480     0.911    i_xlnx_clk_gen/inst/clk_in1_xlnx_clk_gen
    MMCME2_ADV_X1Y2      MMCME2_ADV (Prop_mmcme2_adv_CLKIN1_CLKOUT0)
                                                     -3.407    -2.496 r  i_xlnx_clk_gen/inst/mmcm_adv_inst/CLKOUT0
                         net (fo=1, routed)           0.752    -1.744    i_xlnx_clk_gen/inst/clk_out1_xlnx_clk_gen
    BUFGCTRL_X0Y16       BUFG (Prop_bufg_I_O)         0.029    -1.715 r  i_xlnx_clk_gen/inst/clkout1_buf/O
                         net (fo=14914, routed)       0.853    -0.862    i_ariane/i_cva6/gen_cache_hpd.i_cache_subsystem/i_dcache/i_hpdcache/hpdcache_miss_handler_i/hpdcache_mshr_i/gen_mshr_wbyteenable.gen_mshr_regbank.mshr_mem/clk_out1
    SLICE_X86Y55         FDRE                                         r  i_ariane/i_cva6/gen_cache_hpd.i_cache_subsystem/i_dcache/i_hpdcache/hpdcache_miss_handler_i/hpdcache_mshr_i/gen_mshr_wbyteenable.gen_mshr_regbank.mshr_mem/mem_reg[24]/C
                         clock pessimism              0.508    -0.354    
    SLICE_X86Y55         FDRE (Hold_fdre_C_D)         0.063    -0.291    i_ariane/i_cva6/gen_cache_hpd.i_cache_subsystem/i_dcache/i_hpdcache/hpdcache_miss_handler_i/hpdcache_mshr_i/gen_mshr_wbyteenable.gen_mshr_regbank.mshr_mem/mem_reg[24]
  -------------------------------------------------------------------
                         required time                          0.291    
                         arrival time                          -0.217    
  -------------------------------------------------------------------
                         slack                                  0.074    

Slack (MET) :             0.074ns  (arrival time - required time)
  Source:                 i_axi_xbar/i_xbar/gen_slv_port_demux[0].i_axi_demux/gen_demux.i_w_spill_reg/spill_register_flushable_i/gen_spill_reg.a_data_q_reg[data][47]/C
                            (rising edge-triggered cell FDCE clocked by clk_out1_xlnx_clk_gen  {rise@0.000ns fall@12.500ns period=25.000ns})
  Destination:            i_axi_xbar/i_xbar/gen_slv_port_demux[0].i_axi_demux/gen_demux.i_w_spill_reg/spill_register_flushable_i/gen_spill_reg.b_data_q_reg[data][47]/D
                            (rising edge-triggered cell FDCE clocked by clk_out1_xlnx_clk_gen  {rise@0.000ns fall@12.500ns period=25.000ns})
  Path Group:             clk_out1_xlnx_clk_gen
  Path Type:              Hold (Min at Fast Process Corner)
  Requirement:            0.000ns  (clk_out1_xlnx_clk_gen rise@0.000ns - clk_out1_xlnx_clk_gen rise@0.000ns)
  Data Path Delay:        0.418ns  (logic 0.141ns (33.699%)  route 0.277ns (66.301%))
  Logic Levels:           0  
  Clock Path Skew:        0.274ns (DCD - SCD - CPR)
    Destination Clock Delay (DCD):    -0.864ns
    Source Clock Delay      (SCD):    -0.631ns
    Clock Pessimism Removal (CPR):    -0.508ns

    Location             Delay type                Incr(ns)  Path(ns)    Netlist Resource(s)
  -------------------------------------------------------------------    -------------------
                         (clock clk_out1_xlnx_clk_gen rise edge)
                                                      0.000     0.000 r  
    K17                                               0.000     0.000 r  clk_sys (IN)
                         net (fo=0)                   0.000     0.000    i_xlnx_clk_gen/inst/clk_in1
    K17                  IBUF (Prop_ibuf_I_O)         0.243     0.243 r  i_xlnx_clk_gen/inst/clkin1_ibufg/O
                         net (fo=1, routed)           0.440     0.683    i_xlnx_clk_gen/inst/clk_in1_xlnx_clk_gen
    MMCME2_ADV_X1Y2      MMCME2_ADV (Prop_mmcme2_adv_CLKIN1_CLKOUT0)
                                                     -2.613    -1.930 r  i_xlnx_clk_gen/inst/mmcm_adv_inst/CLKOUT0
                         net (fo=1, routed)           0.696    -1.233    i_xlnx_clk_gen/inst/clk_out1_xlnx_clk_gen
    BUFGCTRL_X0Y16       BUFG (Prop_bufg_I_O)         0.026    -1.207 r  i_xlnx_clk_gen/inst/clkout1_buf/O
                         net (fo=14914, routed)       0.577    -0.631    i_axi_xbar/i_xbar/gen_slv_port_demux[0].i_axi_demux/gen_demux.i_w_spill_reg/spill_register_flushable_i/clk_out1
    SLICE_X55Y51         FDCE                                         r  i_axi_xbar/i_xbar/gen_slv_port_demux[0].i_axi_demux/gen_demux.i_w_spill_reg/spill_register_flushable_i/gen_spill_reg.a_data_q_reg[data][47]/C
  -------------------------------------------------------------------    -------------------
    SLICE_X55Y51         FDCE (Prop_fdce_C_Q)         0.141    -0.490 r  i_axi_xbar/i_xbar/gen_slv_port_demux[0].i_axi_demux/gen_demux.i_w_spill_reg/spill_register_flushable_i/gen_spill_reg.a_data_q_reg[data][47]/Q
                         net (fo=2, routed)           0.277    -0.212    i_axi_xbar/i_xbar/gen_slv_port_demux[0].i_axi_demux/gen_demux.i_w_spill_reg/spill_register_flushable_i/gen_spill_reg.a_data_q_reg[data][47]
    SLICE_X57Y40         FDCE                                         r  i_axi_xbar/i_xbar/gen_slv_port_demux[0].i_axi_demux/gen_demux.i_w_spill_reg/spill_register_flushable_i/gen_spill_reg.b_data_q_reg[data][47]/D
  -------------------------------------------------------------------    -------------------

                         (clock clk_out1_xlnx_clk_gen rise edge)
                                                      0.000     0.000 r  
    K17                                               0.000     0.000 r  clk_sys (IN)
                         net (fo=0)                   0.000     0.000    i_xlnx_clk_gen/inst/clk_in1
    K17                  IBUF (Prop_ibuf_I_O)         0.431     0.431 r  i_xlnx_clk_gen/inst/clkin1_ibufg/O
                         net (fo=1, routed)           0.480     0.911    i_xlnx_clk_gen/inst/clk_in1_xlnx_clk_gen
    MMCME2_ADV_X1Y2      MMCME2_ADV (Prop_mmcme2_adv_CLKIN1_CLKOUT0)
                                                     -3.407    -2.496 r  i_xlnx_clk_gen/inst/mmcm_adv_inst/CLKOUT0
                         net (fo=1, routed)           0.752    -1.744    i_xlnx_clk_gen/inst/clk_out1_xlnx_clk_gen
    BUFGCTRL_X0Y16       BUFG (Prop_bufg_I_O)         0.029    -1.715 r  i_xlnx_clk_gen/inst/clkout1_buf/O
                         net (fo=14914, routed)       0.851    -0.864    i_axi_xbar/i_xbar/gen_slv_port_demux[0].i_axi_demux/gen_demux.i_w_spill_reg/spill_register_flushable_i/clk_out1
    SLICE_X57Y40         FDCE                                         r  i_axi_xbar/i_xbar/gen_slv_port_demux[0].i_axi_demux/gen_demux.i_w_spill_reg/spill_register_flushable_i/gen_spill_reg.b_data_q_reg[data][47]/C
                         clock pessimism              0.508    -0.356    
    SLICE_X57Y40         FDCE (Hold_fdce_C_D)         0.070    -0.286    i_axi_xbar/i_xbar/gen_slv_port_demux[0].i_axi_demux/gen_demux.i_w_spill_reg/spill_register_flushable_i/gen_spill_reg.b_data_q_reg[data][47]
  -------------------------------------------------------------------
                         required time                          0.286    
                         arrival time                          -0.212    
  -------------------------------------------------------------------
                         slack                                  0.074    





Pulse Width Checks
--------------------------------------------------------------------------------------
Clock Name:         clk_out1_xlnx_clk_gen
Waveform(ns):       { 0.000 12.500 }
Period(ns):         25.000
Sources:            { i_xlnx_clk_gen/inst/mmcm_adv_inst/CLKOUT0 }

Check Type        Corner  Lib Pin             Reference Pin  Required(ns)  Actual(ns)  Slack(ns)  Location         Pin
Min Period        n/a     RAMB36E1/CLKARDCLK  n/a            2.944         25.000      22.056     RAMB36_X2Y7      i_ariane/i_cva6/gen_cache_hpd.i_cache_subsystem/i_cva6_icache/gen_sram[0].data_sram/data_sram/gen_cut[0].i_tc_sram_wrapper/i_ram/Mem_DP_reg/CLKARDCLK
Min Period        n/a     RAMB36E1/CLKBWRCLK  n/a            2.944         25.000      22.056     RAMB36_X2Y7      i_ariane/i_cva6/gen_cache_hpd.i_cache_subsystem/i_cva6_icache/gen_sram[0].data_sram/data_sram/gen_cut[0].i_tc_sram_wrapper/i_ram/Mem_DP_reg/CLKBWRCLK
Min Period        n/a     RAMB36E1/CLKARDCLK  n/a            2.944         25.000      22.056     RAMB36_X2Y8      i_ariane/i_cva6/gen_cache_hpd.i_cache_subsystem/i_cva6_icache/gen_sram[0].data_sram/data_sram/gen_cut[1].i_tc_sram_wrapper/i_ram/Mem_DP_reg/CLKARDCLK
Min Period        n/a     RAMB36E1/CLKBWRCLK  n/a            2.944         25.000      22.056     RAMB36_X2Y8      i_ariane/i_cva6/gen_cache_hpd.i_cache_subsystem/i_cva6_icache/gen_sram[0].data_sram/data_sram/gen_cut[1].i_tc_sram_wrapper/i_ram/Mem_DP_reg/CLKBWRCLK
Min Period        n/a     RAMB36E1/CLKARDCLK  n/a            2.944         25.000      22.056     RAMB36_X1Y9      i_ariane/i_cva6/gen_cache_hpd.i_cache_subsystem/i_cva6_icache/gen_sram[0].tag_sram/data_sram/gen_cut[0].i_tc_sram_wrapper/i_ram/Mem_DP_reg/CLKARDCLK
Min Period        n/a     RAMB36E1/CLKBWRCLK  n/a            2.944         25.000      22.056     RAMB36_X1Y9      i_ariane/i_cva6/gen_cache_hpd.i_cache_subsystem/i_cva6_icache/gen_sram[0].tag_sram/data_sram/gen_cut[0].i_tc_sram_wrapper/i_ram/Mem_DP_reg/CLKBWRCLK
Min Period        n/a     RAMB36E1/CLKARDCLK  n/a            2.944         25.000      22.056     RAMB36_X3Y9      i_ariane/i_cva6/gen_cache_hpd.i_cache_subsystem/i_cva6_icache/gen_sram[1].data_sram/data_sram/gen_cut[0].i_tc_sram_wrapper/i_ram/Mem_DP_reg/CLKARDCLK
Min Period        n/a     RAMB36E1/CLKBWRCLK  n/a            2.944         25.000      22.056     RAMB36_X3Y9      i_ariane/i_cva6/gen_cache_hpd.i_cache_subsystem/i_cva6_icache/gen_sram[1].data_sram/data_sram/gen_cut[0].i_tc_sram_wrapper/i_ram/Mem_DP_reg/CLKBWRCLK
Min Period        n/a     RAMB36E1/CLKARDCLK  n/a            2.944         25.000      22.056     RAMB36_X2Y9      i_ariane/i_cva6/gen_cache_hpd.i_cache_subsystem/i_cva6_icache/gen_sram[1].data_sram/data_sram/gen_cut[1].i_tc_sram_wrapper/i_ram/Mem_DP_reg/CLKARDCLK
Min Period        n/a     RAMB36E1/CLKBWRCLK  n/a            2.944         25.000      22.056     RAMB36_X2Y9      i_ariane/i_cva6/gen_cache_hpd.i_cache_subsystem/i_cva6_icache/gen_sram[1].data_sram/data_sram/gen_cut[1].i_tc_sram_wrapper/i_ram/Mem_DP_reg/CLKBWRCLK
Max Period        n/a     MMCME2_ADV/CLKOUT0  n/a            213.360       25.000      188.360    MMCME2_ADV_X1Y2  i_xlnx_clk_gen/inst/mmcm_adv_inst/CLKOUT0
Low Pulse Width   Slow    RAMD64E/CLK         n/a            1.250         12.500      11.250     SLICE_X46Y56     bht_gen.i_bht/gen_fpga_bht.gen_bht_ram[0].i_bht_ram/mem_reg_r1_0_63_0_2/RAMA/CLK
Low Pulse Width   Fast    RAMD64E/CLK         n/a            1.250         12.500      11.250     SLICE_X46Y56     bht_gen.i_bht/gen_fpga_bht.gen_bht_ram[0].i_bht_ram/mem_reg_r1_0_63_0_2/RAMA/CLK
Low Pulse Width   Slow    RAMD64E/CLK         n/a            1.250         12.500      11.250     SLICE_X46Y56     bht_gen.i_bht/gen_fpga_bht.gen_bht_ram[0].i_bht_ram/mem_reg_r1_0_63_0_2/RAMB/CLK
Low Pulse Width   Fast    RAMD64E/CLK         n/a            1.250         12.500      11.250     SLICE_X46Y56     bht_gen.i_bht/gen_fpga_bht.gen_bht_ram[0].i_bht_ram/mem_reg_r1_0_63_0_2/RAMB/CLK
Low Pulse Width   Slow    RAMD64E/CLK         n/a            1.250         12.500      11.250     SLICE_X46Y56     bht_gen.i_bht/gen_fpga_bht.gen_bht_ram[0].i_bht_ram/mem_reg_r1_0_63_0_2/RAMC/CLK
Low Pulse Width   Fast    RAMD64E/CLK         n/a            1.250         12.500      11.250     SLICE_X46Y56     bht_gen.i_bht/gen_fpga_bht.gen_bht_ram[0].i_bht_ram/mem_reg_r1_0_63_0_2/RAMC/CLK
Low Pulse Width   Slow    RAMD64E/CLK         n/a            1.250         12.500      11.250     SLICE_X46Y56     bht_gen.i_bht/gen_fpga_bht.gen_bht_ram[0].i_bht_ram/mem_reg_r1_0_63_0_2/RAMD/CLK
Low Pulse Width   Fast    RAMD64E/CLK         n/a            1.250         12.500      11.250     SLICE_X46Y56     bht_gen.i_bht/gen_fpga_bht.gen_bht_ram[0].i_bht_ram/mem_reg_r1_0_63_0_2/RAMD/CLK
Low Pulse Width   Slow    RAMD64E/CLK         n/a            1.250         12.500      11.250     SLICE_X46Y57     bht_gen.i_bht/gen_fpga_bht.gen_bht_ram[0].i_bht_ram/mem_reg_r1_64_127_0_2/RAMA/CLK
Low Pulse Width   Fast    RAMD64E/CLK         n/a            1.250         12.500      11.250     SLICE_X46Y57     bht_gen.i_bht/gen_fpga_bht.gen_bht_ram[0].i_bht_ram/mem_reg_r1_64_127_0_2/RAMA/CLK
High Pulse Width  Slow    RAMD64E/CLK         n/a            1.250         12.500      11.250     SLICE_X46Y56     bht_gen.i_bht/gen_fpga_bht.gen_bht_ram[0].i_bht_ram/mem_reg_r1_0_63_0_2/RAMA/CLK
High Pulse Width  Fast    RAMD64E/CLK         n/a            1.250         12.500      11.250     SLICE_X46Y56     bht_gen.i_bht/gen_fpga_bht.gen_bht_ram[0].i_bht_ram/mem_reg_r1_0_63_0_2/RAMA/CLK
High Pulse Width  Slow    RAMD64E/CLK         n/a            1.250         12.500      11.250     SLICE_X46Y56     bht_gen.i_bht/gen_fpga_bht.gen_bht_ram[0].i_bht_ram/mem_reg_r1_0_63_0_2/RAMB/CLK
High Pulse Width  Fast    RAMD64E/CLK         n/a            1.250         12.500      11.250     SLICE_X46Y56     bht_gen.i_bht/gen_fpga_bht.gen_bht_ram[0].i_bht_ram/mem_reg_r1_0_63_0_2/RAMB/CLK
High Pulse Width  Slow    RAMD64E/CLK         n/a            1.250         12.500      11.250     SLICE_X46Y56     bht_gen.i_bht/gen_fpga_bht.gen_bht_ram[0].i_bht_ram/mem_reg_r1_0_63_0_2/RAMC/CLK
High Pulse Width  Fast    RAMD64E/CLK         n/a            1.250         12.500      11.250     SLICE_X46Y56     bht_gen.i_bht/gen_fpga_bht.gen_bht_ram[0].i_bht_ram/mem_reg_r1_0_63_0_2/RAMC/CLK
High Pulse Width  Slow    RAMD64E/CLK         n/a            1.250         12.500      11.250     SLICE_X46Y56     bht_gen.i_bht/gen_fpga_bht.gen_bht_ram[0].i_bht_ram/mem_reg_r1_0_63_0_2/RAMD/CLK
High Pulse Width  Fast    RAMD64E/CLK         n/a            1.250         12.500      11.250     SLICE_X46Y56     bht_gen.i_bht/gen_fpga_bht.gen_bht_ram[0].i_bht_ram/mem_reg_r1_0_63_0_2/RAMD/CLK
High Pulse Width  Slow    RAMD64E/CLK         n/a            1.250         12.500      11.250     SLICE_X46Y57     bht_gen.i_bht/gen_fpga_bht.gen_bht_ram[0].i_bht_ram/mem_reg_r1_64_127_0_2/RAMA/CLK
High Pulse Width  Fast    RAMD64E/CLK         n/a            1.250         12.500      11.250     SLICE_X46Y57     bht_gen.i_bht/gen_fpga_bht.gen_bht_ram[0].i_bht_ram/mem_reg_r1_64_127_0_2/RAMA/CLK



---------------------------------------------------------------------------------------------------
From Clock:  clkfbout_xlnx_clk_gen
  To Clock:  clkfbout_xlnx_clk_gen

Setup :           NA  Failing Endpoints,  Worst Slack           NA  ,  Total Violation           NA
Hold  :           NA  Failing Endpoints,  Worst Slack           NA  ,  Total Violation           NA
PW    :            0  Failing Endpoints,  Worst Slack        5.845ns,  Total Violation        0.000ns
---------------------------------------------------------------------------------------------------


Pulse Width Checks
--------------------------------------------------------------------------------------
Clock Name:         clkfbout_xlnx_clk_gen
Waveform(ns):       { 0.000 4.000 }
Period(ns):         8.000
Sources:            { i_xlnx_clk_gen/inst/mmcm_adv_inst/CLKFBOUT }

Check Type  Corner  Lib Pin              Reference Pin  Required(ns)  Actual(ns)  Slack(ns)  Location         Pin
Min Period  n/a     BUFG/I               n/a            2.155         8.000       5.845      BUFGCTRL_X0Y17   i_xlnx_clk_gen/inst/clkf_buf/I
Min Period  n/a     MMCME2_ADV/CLKFBOUT  n/a            1.249         8.000       6.751      MMCME2_ADV_X1Y2  i_xlnx_clk_gen/inst/mmcm_adv_inst/CLKFBOUT
Min Period  n/a     MMCME2_ADV/CLKFBIN   n/a            1.249         8.000       6.751      MMCME2_ADV_X1Y2  i_xlnx_clk_gen/inst/mmcm_adv_inst/CLKFBIN
Max Period  n/a     MMCME2_ADV/CLKFBIN   n/a            100.000       8.000       92.000     MMCME2_ADV_X1Y2  i_xlnx_clk_gen/inst/mmcm_adv_inst/CLKFBIN
Max Period  n/a     MMCME2_ADV/CLKFBOUT  n/a            213.360       8.000       205.360    MMCME2_ADV_X1Y2  i_xlnx_clk_gen/inst/mmcm_adv_inst/CLKFBOUT



---------------------------------------------------------------------------------------------------
From Clock:  tck
  To Clock:  tck

Setup :            0  Failing Endpoints,  Worst Slack        1.033ns,  Total Violation        0.000ns
Hold  :            0  Failing Endpoints,  Worst Slack        0.117ns,  Total Violation        0.000ns
PW    :            0  Failing Endpoints,  Worst Slack       49.500ns,  Total Violation        0.000ns
---------------------------------------------------------------------------------------------------


Max Delay Paths
--------------------------------------------------------------------------------------
Slack (MET) :             1.033ns  (required time - arrival time)
  Source:                 i_dmi_jtag/i_dmi_jtag_tap/td_o_reg/C
                            (falling edge-triggered cell FDCE clocked by tck  {rise@0.000ns fall@50.000ns period=100.000ns})
  Destination:            tdo
                            (output port clocked by tck  {rise@0.000ns fall@50.000ns period=100.000ns})
  Path Group:             tck
  Path Type:              Max at Slow Process Corner
  Requirement:            20.000ns  (MaxDelay Path 20.000ns)
  Data Path Delay:        6.426ns  (logic 4.015ns (62.489%)  route 2.410ns (37.511%))
  Logic Levels:           1  (OBUF=1)
  Output Delay:           5.000ns
  Clock Path Skew:        -7.039ns (DCD - SCD + CPR)
    Destination Clock Delay (DCD):    0.000ns
    Source Clock Delay      (SCD):    7.039ns
    Clock Pessimism Removal (CPR):    0.000ns
  Clock Uncertainty:      0.501ns  ((TSJ^2 + TIJ^2)^1/2 + DJ) / 2 + PE
    Total System Jitter     (TSJ):    0.071ns
    Total Input Jitter      (TIJ):    1.000ns
    Discrete Jitter          (DJ):    0.000ns
    Phase Error              (PE):    0.000ns
  Timing Exception:       MaxDelay Path 20.000ns

    Location             Delay type                Incr(ns)  Path(ns)    Netlist Resource(s)
  -------------------------------------------------------------------    -------------------
                         (clock tck fall edge)        0.000     0.000 f  
    H15                                               0.000     0.000 f  tck (IN)
                         net (fo=0)                   0.000     0.000    tck
    H15                  IBUF (Prop_ibuf_I_O)         1.500     1.500 f  tck_IBUF_inst/O
                         net (fo=1, routed)           3.659     5.159    tck_IBUF
    BUFGCTRL_X0Y0        BUFG (Prop_bufg_I_O)         0.101     5.260 f  tck_IBUF_BUFG_inst/O
                         net (fo=258, routed)         1.779     7.039    i_dmi_jtag/i_dmi_jtag_tap/tck_ni
    SLICE_X105Y82        FDCE                                         r  i_dmi_jtag/i_dmi_jtag_tap/td_o_reg/C  (IS_INVERTED)
  -------------------------------------------------------------------    -------------------
    SLICE_X105Y82        FDCE (Prop_fdce_C_Q)         0.459     7.498 r  i_dmi_jtag/i_dmi_jtag_tap/td_o_reg/Q
                         net (fo=1, routed)           2.410     9.909    tdo_OBUF
    J15                  OBUF (Prop_obuf_I_O)         3.556    13.465 r  tdo_OBUF_inst/O
                         net (fo=0)                   0.000    13.465    tdo
    J15                                                               r  tdo (OUT)
  -------------------------------------------------------------------    -------------------

                         max delay                   20.000    20.000    
                         clock pessimism              0.000    20.000    
                         clock uncertainty           -0.501    19.499    
                         output delay                -5.000    14.499    
  -------------------------------------------------------------------
                         required time                         14.499    
                         arrival time                         -13.465    
  -------------------------------------------------------------------
                         slack                                  1.033    

Slack (MET) :             15.038ns  (required time - arrival time)
  Source:                 tdi
                            (input port clocked by tck  {rise@0.000ns fall@50.000ns period=100.000ns})
  Destination:            i_dmi_jtag/i_dmi_jtag_tap/idcode_q_reg[31]/D
                            (rising edge-triggered cell FDCE clocked by tck  {rise@0.000ns fall@50.000ns period=100.000ns})
  Path Group:             tck
  Path Type:              Setup (Max at Fast Process Corner)
  Requirement:            20.000ns  (MaxDelay Path 20.000ns)
  Data Path Delay:        1.890ns  (logic 0.510ns (27.008%)  route 1.379ns (72.992%))
  Logic Levels:           2  (IBUF=1 LUT6=1)
  Input Delay:            5.000ns
  Clock Path Skew:        2.415ns (DCD - SCD + CPR)
    Destination Clock Delay (DCD):    2.415ns
    Source Clock Delay      (SCD):    0.000ns
    Clock Pessimism Removal (CPR):    0.000ns
  Clock Uncertainty:      0.501ns  ((TSJ^2 + TIJ^2)^1/2 + DJ) / 2 + PE
    Total System Jitter     (TSJ):    0.071ns
    Total Input Jitter      (TIJ):    1.000ns
    Discrete Jitter          (DJ):    0.000ns
    Phase Error              (PE):    0.000ns
  Timing Exception:       MaxDelay Path 20.000ns

    Location             Delay type                Incr(ns)  Path(ns)    Netlist Resource(s)
  -------------------------------------------------------------------    -------------------
                         (clock tck fall edge)        0.000     0.000 f  
                         input delay                  5.000     5.000    
    W16                                               0.000     5.000 r  tdi (IN)
                         net (fo=0)                   0.000     5.000    tdi
    W16                  IBUF (Prop_ibuf_I_O)         0.454     5.454 r  tdi_IBUF_inst/O
                         net (fo=5, routed)           1.379     6.834    i_dmi_jtag/i_dmi_jtag_tap/tdi_IBUF
    SLICE_X103Y83        LUT6 (Prop_lut6_I5_O)        0.056     6.890 r  i_dmi_jtag/i_dmi_jtag_tap/idcode_q[31]_i_2/O
                         net (fo=1, routed)           0.000     6.890    i_dmi_jtag/i_dmi_jtag_tap/idcode_d[31]
    SLICE_X103Y83        FDCE                                         r  i_dmi_jtag/i_dmi_jtag_tap/idcode_q_reg[31]/D
  -------------------------------------------------------------------    -------------------

                         max delay                   20.000    20.000    
    H15                                               0.000    20.000 r  tck (IN)
                         net (fo=0)                   0.000    20.000    tck
    H15                  IBUF (Prop_ibuf_I_O)         0.268    20.268 r  tck_IBUF_inst/O
                         net (fo=1, routed)           1.516    21.784    tck_IBUF
    BUFGCTRL_X0Y0        BUFG (Prop_bufg_I_O)         0.026    21.810 r  tck_IBUF_BUFG_inst/O
                         net (fo=258, routed)         0.605    22.415    i_dmi_jtag/i_dmi_jtag_tap/CLK
    SLICE_X103Y83        FDCE                                         r  i_dmi_jtag/i_dmi_jtag_tap/idcode_q_reg[31]/C
                         clock pessimism              0.000    22.415    
                         clock uncertainty           -0.501    21.914    
    SLICE_X103Y83        FDCE (Setup_fdce_C_D)        0.014    21.928    i_dmi_jtag/i_dmi_jtag_tap/idcode_q_reg[31]
  -------------------------------------------------------------------
                         required time                         21.928    
                         arrival time                          -6.890    
  -------------------------------------------------------------------
                         slack                                 15.038    

Slack (MET) :             15.079ns  (required time - arrival time)
  Source:                 tdi
                            (input port clocked by tck  {rise@0.000ns fall@50.000ns period=100.000ns})
  Destination:            i_dmi_jtag/i_dmi_jtag_tap/dtmcs_q_reg[zero1][31]/D
                            (rising edge-triggered cell FDCE clocked by tck  {rise@0.000ns fall@50.000ns period=100.000ns})
  Path Group:             tck
  Path Type:              Setup (Max at Fast Process Corner)
  Requirement:            20.000ns  (MaxDelay Path 20.000ns)
  Data Path Delay:        1.738ns  (logic 0.507ns (29.200%)  route 1.230ns (70.801%))
  Logic Levels:           2  (IBUF=1 LUT2=1)
  Input Delay:            5.000ns
  Clock Path Skew:        2.414ns (DCD - SCD + CPR)
    Destination Clock Delay (DCD):    2.414ns
    Source Clock Delay      (SCD):    0.000ns
    Clock Pessimism Removal (CPR):    0.000ns
  Clock Uncertainty:      0.501ns  ((TSJ^2 + TIJ^2)^1/2 + DJ) / 2 + PE
    Total System Jitter     (TSJ):    0.071ns
    Total Input Jitter      (TIJ):    1.000ns
    Discrete Jitter          (DJ):    0.000ns
    Phase Error              (PE):    0.000ns
  Timing Exception:       MaxDelay Path 20.000ns

    Location             Delay type                Incr(ns)  Path(ns)    Netlist Resource(s)
  -------------------------------------------------------------------    -------------------
                         (clock tck fall edge)        0.000     0.000 f  
                         input delay                  5.000     5.000    
    W16                                               0.000     5.000 r  tdi (IN)
                         net (fo=0)                   0.000     5.000    tdi
    W16                  IBUF (Prop_ibuf_I_O)         0.454     5.454 r  tdi_IBUF_inst/O
                         net (fo=5, routed)           0.797     6.251    i_dmi_jtag/i_dmi_jtag_tap/tdi_IBUF
    SLICE_X102Y67        LUT2 (Prop_lut2_I0_O)        0.053     6.304 r  i_dmi_jtag/i_dmi_jtag_tap/dtmcs_q[zero1][31]_i_1/O
                         net (fo=1, routed)           0.434     6.738    i_dmi_jtag/i_dmi_jtag_tap/dtmcs_d[zero1][31]
    SLICE_X103Y82        FDCE                                         r  i_dmi_jtag/i_dmi_jtag_tap/dtmcs_q_reg[zero1][31]/D
  -------------------------------------------------------------------    -------------------

                         max delay                   20.000    20.000    
    H15                                               0.000    20.000 r  tck (IN)
                         net (fo=0)                   0.000    20.000    tck
    H15                  IBUF (Prop_ibuf_I_O)         0.268    20.268 r  tck_IBUF_inst/O
                         net (fo=1, routed)           1.516    21.784    tck_IBUF
    BUFGCTRL_X0Y0        BUFG (Prop_bufg_I_O)         0.026    21.810 r  tck_IBUF_BUFG_inst/O
                         net (fo=258, routed)         0.604    22.414    i_dmi_jtag/i_dmi_jtag_tap/CLK
    SLICE_X103Y82        FDCE                                         r  i_dmi_jtag/i_dmi_jtag_tap/dtmcs_q_reg[zero1][31]/C
                         clock pessimism              0.000    22.414    
                         clock uncertainty           -0.501    21.913    
    SLICE_X103Y82        FDCE (Setup_fdce_C_D)       -0.096    21.817    i_dmi_jtag/i_dmi_jtag_tap/dtmcs_q_reg[zero1][31]
  -------------------------------------------------------------------
                         required time                         21.817    
                         arrival time                          -6.738    
  -------------------------------------------------------------------
                         slack                                 15.079    

Slack (MET) :             15.108ns  (required time - arrival time)
  Source:                 tdi
                            (input port clocked by tck  {rise@0.000ns fall@50.000ns period=100.000ns})
  Destination:            i_dmi_jtag/i_dmi_jtag_tap/bypass_q_reg/D
                            (rising edge-triggered cell FDCE clocked by tck  {rise@0.000ns fall@50.000ns period=100.000ns})
  Path Group:             tck
  Path Type:              Setup (Max at Fast Process Corner)
  Requirement:            20.000ns  (MaxDelay Path 20.000ns)
  Data Path Delay:        1.839ns  (logic 0.510ns (27.758%)  route 1.328ns (72.242%))
  Logic Levels:           2  (IBUF=1 LUT6=1)
  Input Delay:            5.000ns
  Clock Path Skew:        2.414ns (DCD - SCD + CPR)
    Destination Clock Delay (DCD):    2.414ns
    Source Clock Delay      (SCD):    0.000ns
    Clock Pessimism Removal (CPR):    0.000ns
  Clock Uncertainty:      0.501ns  ((TSJ^2 + TIJ^2)^1/2 + DJ) / 2 + PE
    Total System Jitter     (TSJ):    0.071ns
    Total Input Jitter      (TIJ):    1.000ns
    Discrete Jitter          (DJ):    0.000ns
    Phase Error              (PE):    0.000ns
  Timing Exception:       MaxDelay Path 20.000ns

    Location             Delay type                Incr(ns)  Path(ns)    Netlist Resource(s)
  -------------------------------------------------------------------    -------------------
                         (clock tck fall edge)        0.000     0.000 f  
                         input delay                  5.000     5.000    
    W16                                               0.000     5.000 r  tdi (IN)
                         net (fo=0)                   0.000     5.000    tdi
    W16                  IBUF (Prop_ibuf_I_O)         0.454     5.454 r  tdi_IBUF_inst/O
                         net (fo=5, routed)           1.328     6.783    i_dmi_jtag/i_dmi_jtag_tap/tdi_IBUF
    SLICE_X102Y82        LUT6 (Prop_lut6_I0_O)        0.056     6.839 r  i_dmi_jtag/i_dmi_jtag_tap/bypass_q_i_1/O
                         net (fo=1, routed)           0.000     6.839    i_dmi_jtag/i_dmi_jtag_tap/bypass_q_i_1_n_0
    SLICE_X102Y82        FDCE                                         r  i_dmi_jtag/i_dmi_jtag_tap/bypass_q_reg/D
  -------------------------------------------------------------------    -------------------

                         max delay                   20.000    20.000    
    H15                                               0.000    20.000 r  tck (IN)
                         net (fo=0)                   0.000    20.000    tck
    H15                  IBUF (Prop_ibuf_I_O)         0.268    20.268 r  tck_IBUF_inst/O
                         net (fo=1, routed)           1.516    21.784    tck_IBUF
    BUFGCTRL_X0Y0        BUFG (Prop_bufg_I_O)         0.026    21.810 r  tck_IBUF_BUFG_inst/O
                         net (fo=258, routed)         0.604    22.414    i_dmi_jtag/i_dmi_jtag_tap/CLK
    SLICE_X102Y82        FDCE                                         r  i_dmi_jtag/i_dmi_jtag_tap/bypass_q_reg/C
                         clock pessimism              0.000    22.414    
                         clock uncertainty           -0.501    21.913    
    SLICE_X102Y82        FDCE (Setup_fdce_C_D)        0.034    21.947    i_dmi_jtag/i_dmi_jtag_tap/bypass_q_reg
  -------------------------------------------------------------------
                         required time                         21.947    
                         arrival time                          -6.839    
  -------------------------------------------------------------------
                         slack                                 15.108    

Slack (MET) :             15.344ns  (required time - arrival time)
  Source:                 tdi
                            (input port clocked by tck  {rise@0.000ns fall@50.000ns period=100.000ns})
  Destination:            i_dmi_jtag/i_dmi_jtag_tap/jtag_ir_shift_q_reg[4]/D
                            (rising edge-triggered cell FDCE clocked by tck  {rise@0.000ns fall@50.000ns period=100.000ns})
  Path Group:             tck
  Path Type:              Setup (Max at Fast Process Corner)
  Requirement:            20.000ns  (MaxDelay Path 20.000ns)
  Data Path Delay:        1.604ns  (logic 0.506ns (31.571%)  route 1.098ns (68.429%))
  Logic Levels:           2  (IBUF=1 LUT3=1)
  Input Delay:            5.000ns
  Clock Path Skew:        2.413ns (DCD - SCD + CPR)
    Destination Clock Delay (DCD):    2.413ns
    Source Clock Delay      (SCD):    0.000ns
    Clock Pessimism Removal (CPR):    0.000ns
  Clock Uncertainty:      0.501ns  ((TSJ^2 + TIJ^2)^1/2 + DJ) / 2 + PE
    Total System Jitter     (TSJ):    0.071ns
    Total Input Jitter      (TIJ):    1.000ns
    Discrete Jitter          (DJ):    0.000ns
    Phase Error              (PE):    0.000ns
  Timing Exception:       MaxDelay Path 20.000ns

    Location             Delay type                Incr(ns)  Path(ns)    Netlist Resource(s)
  -------------------------------------------------------------------    -------------------
                         (clock tck fall edge)        0.000     0.000 f  
                         input delay                  5.000     5.000    
    W16                                               0.000     5.000 r  tdi (IN)
                         net (fo=0)                   0.000     5.000    tdi
    W16                  IBUF (Prop_ibuf_I_O)         0.454     5.454 r  tdi_IBUF_inst/O
                         net (fo=5, routed)           1.098     6.552    i_dmi_jtag/i_dmi_jtag_tap/tdi_IBUF
    SLICE_X103Y81        LUT3 (Prop_lut3_I2_O)        0.052     6.604 r  i_dmi_jtag/i_dmi_jtag_tap/jtag_ir_shift_q[4]_i_2/O
                         net (fo=1, routed)           0.000     6.604    i_dmi_jtag/i_dmi_jtag_tap/jtag_ir_shift_d[4]
    SLICE_X103Y81        FDCE                                         r  i_dmi_jtag/i_dmi_jtag_tap/jtag_ir_shift_q_reg[4]/D
  -------------------------------------------------------------------    -------------------

                         max delay                   20.000    20.000    
    H15                                               0.000    20.000 r  tck (IN)
                         net (fo=0)                   0.000    20.000    tck
    H15                  IBUF (Prop_ibuf_I_O)         0.268    20.268 r  tck_IBUF_inst/O
                         net (fo=1, routed)           1.516    21.784    tck_IBUF
    BUFGCTRL_X0Y0        BUFG (Prop_bufg_I_O)         0.026    21.810 r  tck_IBUF_BUFG_inst/O
                         net (fo=258, routed)         0.603    22.413    i_dmi_jtag/i_dmi_jtag_tap/CLK
    SLICE_X103Y81        FDCE                                         r  i_dmi_jtag/i_dmi_jtag_tap/jtag_ir_shift_q_reg[4]/C
                         clock pessimism              0.000    22.413    
                         clock uncertainty           -0.501    21.912    
    SLICE_X103Y81        FDCE (Setup_fdce_C_D)        0.036    21.948    i_dmi_jtag/i_dmi_jtag_tap/jtag_ir_shift_q_reg[4]
  -------------------------------------------------------------------
                         required time                         21.948    
                         arrival time                          -6.604    
  -------------------------------------------------------------------
                         slack                                 15.344    

Slack (MET) :             15.389ns  (required time - arrival time)
  Source:                 tms
                            (input port clocked by tck  {rise@0.000ns fall@50.000ns period=100.000ns})
  Destination:            i_dmi_jtag/i_dmi_jtag_tap/FSM_onehot_tap_state_q_reg[0]/D
                            (rising edge-triggered cell FDPE clocked by tck  {rise@0.000ns fall@50.000ns period=100.000ns})
  Path Group:             tck
  Path Type:              Setup (Max at Fast Process Corner)
  Requirement:            20.000ns  (MaxDelay Path 20.000ns)
  Data Path Delay:        1.555ns  (logic 0.558ns (35.882%)  route 0.997ns (64.117%))
  Logic Levels:           2  (IBUF=1 LUT5=1)
  Input Delay:            5.000ns
  Clock Path Skew:        2.412ns (DCD - SCD + CPR)
    Destination Clock Delay (DCD):    2.412ns
    Source Clock Delay      (SCD):    0.000ns
    Clock Pessimism Removal (CPR):    0.000ns
  Clock Uncertainty:      0.501ns  ((TSJ^2 + TIJ^2)^1/2 + DJ) / 2 + PE
    Total System Jitter     (TSJ):    0.071ns
    Total Input Jitter      (TIJ):    1.000ns
    Discrete Jitter          (DJ):    0.000ns
    Phase Error              (PE):    0.000ns
  Timing Exception:       MaxDelay Path 20.000ns

    Location             Delay type                Incr(ns)  Path(ns)    Netlist Resource(s)
  -------------------------------------------------------------------    -------------------
                         (clock tck fall edge)        0.000     0.000 f  
                         input delay                  5.000     5.000    
    V12                                               0.000     5.000 f  tms (IN)
                         net (fo=0)                   0.000     5.000    tms
    V12                  IBUF (Prop_ibuf_I_O)         0.502     5.502 f  tms_IBUF_inst/O
                         net (fo=16, routed)          0.997     6.499    i_dmi_jtag/i_dmi_jtag_tap/tms_IBUF
    SLICE_X104Y80        LUT5 (Prop_lut5_I1_O)        0.056     6.555 r  i_dmi_jtag/i_dmi_jtag_tap/FSM_onehot_tap_state_q[0]_i_1/O
                         net (fo=1, routed)           0.000     6.555    i_dmi_jtag/i_dmi_jtag_tap/FSM_onehot_tap_state_q[0]_i_1_n_0
    SLICE_X104Y80        FDPE                                         r  i_dmi_jtag/i_dmi_jtag_tap/FSM_onehot_tap_state_q_reg[0]/D
  -------------------------------------------------------------------    -------------------

                         max delay                   20.000    20.000    
    H15                                               0.000    20.000 r  tck (IN)
                         net (fo=0)                   0.000    20.000    tck
    H15                  IBUF (Prop_ibuf_I_O)         0.268    20.268 r  tck_IBUF_inst/O
                         net (fo=1, routed)           1.516    21.784    tck_IBUF
    BUFGCTRL_X0Y0        BUFG (Prop_bufg_I_O)         0.026    21.810 r  tck_IBUF_BUFG_inst/O
                         net (fo=258, routed)         0.602    22.412    i_dmi_jtag/i_dmi_jtag_tap/CLK
    SLICE_X104Y80        FDPE                                         r  i_dmi_jtag/i_dmi_jtag_tap/FSM_onehot_tap_state_q_reg[0]/C
                         clock pessimism              0.000    22.412    
                         clock uncertainty           -0.501    21.911    
    SLICE_X104Y80        FDPE (Setup_fdpe_C_D)        0.034    21.945    i_dmi_jtag/i_dmi_jtag_tap/FSM_onehot_tap_state_q_reg[0]
  -------------------------------------------------------------------
                         required time                         21.945    
                         arrival time                          -6.555    
  -------------------------------------------------------------------
                         slack                                 15.389    

Slack (MET) :             15.398ns  (required time - arrival time)
  Source:                 tms
                            (input port clocked by tck  {rise@0.000ns fall@50.000ns period=100.000ns})
  Destination:            i_dmi_jtag/i_dmi_jtag_tap/FSM_onehot_tap_state_q_reg[7]/D
                            (rising edge-triggered cell FDCE clocked by tck  {rise@0.000ns fall@50.000ns period=100.000ns})
  Path Group:             tck
  Path Type:              Setup (Max at Fast Process Corner)
  Requirement:            20.000ns  (MaxDelay Path 20.000ns)
  Data Path Delay:        1.527ns  (logic 0.558ns (36.542%)  route 0.969ns (63.458%))
  Logic Levels:           2  (IBUF=1 LUT3=1)
  Input Delay:            5.000ns
  Clock Path Skew:        2.413ns (DCD - SCD + CPR)
    Destination Clock Delay (DCD):    2.413ns
    Source Clock Delay      (SCD):    0.000ns
    Clock Pessimism Removal (CPR):    0.000ns
  Clock Uncertainty:      0.501ns  ((TSJ^2 + TIJ^2)^1/2 + DJ) / 2 + PE
    Total System Jitter     (TSJ):    0.071ns
    Total Input Jitter      (TIJ):    1.000ns
    Discrete Jitter          (DJ):    0.000ns
    Phase Error              (PE):    0.000ns
  Timing Exception:       MaxDelay Path 20.000ns

    Location             Delay type                Incr(ns)  Path(ns)    Netlist Resource(s)
  -------------------------------------------------------------------    -------------------
                         (clock tck fall edge)        0.000     0.000 f  
                         input delay                  5.000     5.000    
    V12                                               0.000     5.000 f  tms (IN)
                         net (fo=0)                   0.000     5.000    tms
    V12                  IBUF (Prop_ibuf_I_O)         0.502     5.502 f  tms_IBUF_inst/O
                         net (fo=16, routed)          0.969     6.471    i_dmi_jtag/i_dmi_jtag_tap/tms_IBUF
    SLICE_X105Y81        LUT3 (Prop_lut3_I1_O)        0.056     6.527 r  i_dmi_jtag/i_dmi_jtag_tap/FSM_onehot_tap_state_q[7]_i_1/O
                         net (fo=1, routed)           0.000     6.527    i_dmi_jtag/i_dmi_jtag_tap/FSM_onehot_tap_state_q[7]_i_1_n_0
    SLICE_X105Y81        FDCE                                         r  i_dmi_jtag/i_dmi_jtag_tap/FSM_onehot_tap_state_q_reg[7]/D
  -------------------------------------------------------------------    -------------------

                         max delay                   20.000    20.000    
    H15                                               0.000    20.000 r  tck (IN)
                         net (fo=0)                   0.000    20.000    tck
    H15                  IBUF (Prop_ibuf_I_O)         0.268    20.268 r  tck_IBUF_inst/O
                         net (fo=1, routed)           1.516    21.784    tck_IBUF
    BUFGCTRL_X0Y0        BUFG (Prop_bufg_I_O)         0.026    21.810 r  tck_IBUF_BUFG_inst/O
                         net (fo=258, routed)         0.603    22.413    i_dmi_jtag/i_dmi_jtag_tap/CLK
    SLICE_X105Y81        FDCE                                         r  i_dmi_jtag/i_dmi_jtag_tap/FSM_onehot_tap_state_q_reg[7]/C
                         clock pessimism              0.000    22.413    
                         clock uncertainty           -0.501    21.912    
    SLICE_X105Y81        FDCE (Setup_fdce_C_D)        0.014    21.926    i_dmi_jtag/i_dmi_jtag_tap/FSM_onehot_tap_state_q_reg[7]
  -------------------------------------------------------------------
                         required time                         21.926    
                         arrival time                          -6.527    
  -------------------------------------------------------------------
                         slack                                 15.398    

Slack (MET) :             15.415ns  (required time - arrival time)
  Source:                 tms
                            (input port clocked by tck  {rise@0.000ns fall@50.000ns period=100.000ns})
  Destination:            i_dmi_jtag/i_dmi_jtag_tap/FSM_onehot_tap_state_q_reg[13]/D
                            (rising edge-triggered cell FDCE clocked by tck  {rise@0.000ns fall@50.000ns period=100.000ns})
  Path Group:             tck
  Path Type:              Setup (Max at Fast Process Corner)
  Requirement:            20.000ns  (MaxDelay Path 20.000ns)
  Data Path Delay:        1.531ns  (logic 0.558ns (36.446%)  route 0.973ns (63.554%))
  Logic Levels:           2  (IBUF=1 LUT3=1)
  Input Delay:            5.000ns
  Clock Path Skew:        2.413ns (DCD - SCD + CPR)
    Destination Clock Delay (DCD):    2.413ns
    Source Clock Delay      (SCD):    0.000ns
    Clock Pessimism Removal (CPR):    0.000ns
  Clock Uncertainty:      0.501ns  ((TSJ^2 + TIJ^2)^1/2 + DJ) / 2 + PE
    Total System Jitter     (TSJ):    0.071ns
    Total Input Jitter      (TIJ):    1.000ns
    Discrete Jitter          (DJ):    0.000ns
    Phase Error              (PE):    0.000ns
  Timing Exception:       MaxDelay Path 20.000ns

    Location             Delay type                Incr(ns)  Path(ns)    Netlist Resource(s)
  -------------------------------------------------------------------    -------------------
                         (clock tck fall edge)        0.000     0.000 f  
                         input delay                  5.000     5.000    
    V12                                               0.000     5.000 f  tms (IN)
                         net (fo=0)                   0.000     5.000    tms
    V12                  IBUF (Prop_ibuf_I_O)         0.502     5.502 f  tms_IBUF_inst/O
                         net (fo=16, routed)          0.973     6.475    i_dmi_jtag/i_dmi_jtag_tap/tms_IBUF
    SLICE_X104Y81        LUT3 (Prop_lut3_I1_O)        0.056     6.531 r  i_dmi_jtag/i_dmi_jtag_tap/FSM_onehot_tap_state_q[13]_i_1/O
                         net (fo=1, routed)           0.000     6.531    i_dmi_jtag/i_dmi_jtag_tap/FSM_onehot_tap_state_q[13]_i_1_n_0
    SLICE_X104Y81        FDCE                                         r  i_dmi_jtag/i_dmi_jtag_tap/FSM_onehot_tap_state_q_reg[13]/D
  -------------------------------------------------------------------    -------------------

                         max delay                   20.000    20.000    
    H15                                               0.000    20.000 r  tck (IN)
                         net (fo=0)                   0.000    20.000    tck
    H15                  IBUF (Prop_ibuf_I_O)         0.268    20.268 r  tck_IBUF_inst/O
                         net (fo=1, routed)           1.516    21.784    tck_IBUF
    BUFGCTRL_X0Y0        BUFG (Prop_bufg_I_O)         0.026    21.810 r  tck_IBUF_BUFG_inst/O
                         net (fo=258, routed)         0.603    22.413    i_dmi_jtag/i_dmi_jtag_tap/CLK
    SLICE_X104Y81        FDCE                                         r  i_dmi_jtag/i_dmi_jtag_tap/FSM_onehot_tap_state_q_reg[13]/C
                         clock pessimism              0.000    22.413    
                         clock uncertainty           -0.501    21.912    
    SLICE_X104Y81        FDCE (Setup_fdce_C_D)        0.035    21.947    i_dmi_jtag/i_dmi_jtag_tap/FSM_onehot_tap_state_q_reg[13]
  -------------------------------------------------------------------
                         required time                         21.947    
                         arrival time                          -6.531    
  -------------------------------------------------------------------
                         slack                                 15.415    

Slack (MET) :             15.421ns  (required time - arrival time)
  Source:                 tms
                            (input port clocked by tck  {rise@0.000ns fall@50.000ns period=100.000ns})
  Destination:            i_dmi_jtag/i_dmi_jtag_tap/FSM_onehot_tap_state_q_reg[9]/D
                            (rising edge-triggered cell FDCE clocked by tck  {rise@0.000ns fall@50.000ns period=100.000ns})
  Path Group:             tck
  Path Type:              Setup (Max at Fast Process Corner)
  Requirement:            20.000ns  (MaxDelay Path 20.000ns)
  Data Path Delay:        1.526ns  (logic 0.557ns (36.500%)  route 0.969ns (63.500%))
  Logic Levels:           2  (IBUF=1 LUT3=1)
  Input Delay:            5.000ns
  Clock Path Skew:        2.413ns (DCD - SCD + CPR)
    Destination Clock Delay (DCD):    2.413ns
    Source Clock Delay      (SCD):    0.000ns
    Clock Pessimism Removal (CPR):    0.000ns
  Clock Uncertainty:      0.501ns  ((TSJ^2 + TIJ^2)^1/2 + DJ) / 2 + PE
    Total System Jitter     (TSJ):    0.071ns
    Total Input Jitter      (TIJ):    1.000ns
    Discrete Jitter          (DJ):    0.000ns
    Phase Error              (PE):    0.000ns
  Timing Exception:       MaxDelay Path 20.000ns

    Location             Delay type                Incr(ns)  Path(ns)    Netlist Resource(s)
  -------------------------------------------------------------------    -------------------
                         (clock tck fall edge)        0.000     0.000 f  
                         input delay                  5.000     5.000    
    V12                                               0.000     5.000 r  tms (IN)
                         net (fo=0)                   0.000     5.000    tms
    V12                  IBUF (Prop_ibuf_I_O)         0.502     5.502 r  tms_IBUF_inst/O
                         net (fo=16, routed)          0.969     6.471    i_dmi_jtag/i_dmi_jtag_tap/tms_IBUF
    SLICE_X105Y81        LUT3 (Prop_lut3_I1_O)        0.055     6.526 r  i_dmi_jtag/i_dmi_jtag_tap/FSM_onehot_tap_state_q[9]_i_1/O
                         net (fo=1, routed)           0.000     6.526    i_dmi_jtag/i_dmi_jtag_tap/FSM_onehot_tap_state_q[9]_i_1_n_0
    SLICE_X105Y81        FDCE                                         r  i_dmi_jtag/i_dmi_jtag_tap/FSM_onehot_tap_state_q_reg[9]/D
  -------------------------------------------------------------------    -------------------

                         max delay                   20.000    20.000    
    H15                                               0.000    20.000 r  tck (IN)
                         net (fo=0)                   0.000    20.000    tck
    H15                  IBUF (Prop_ibuf_I_O)         0.268    20.268 r  tck_IBUF_inst/O
                         net (fo=1, routed)           1.516    21.784    tck_IBUF
    BUFGCTRL_X0Y0        BUFG (Prop_bufg_I_O)         0.026    21.810 r  tck_IBUF_BUFG_inst/O
                         net (fo=258, routed)         0.603    22.413    i_dmi_jtag/i_dmi_jtag_tap/CLK
    SLICE_X105Y81        FDCE                                         r  i_dmi_jtag/i_dmi_jtag_tap/FSM_onehot_tap_state_q_reg[9]/C
                         clock pessimism              0.000    22.413    
                         clock uncertainty           -0.501    21.912    
    SLICE_X105Y81        FDCE (Setup_fdce_C_D)        0.036    21.948    i_dmi_jtag/i_dmi_jtag_tap/FSM_onehot_tap_state_q_reg[9]
  -------------------------------------------------------------------
                         required time                         21.948    
                         arrival time                          -6.526    
  -------------------------------------------------------------------
                         slack                                 15.421    

Slack (MET) :             15.426ns  (required time - arrival time)
  Source:                 tms
                            (input port clocked by tck  {rise@0.000ns fall@50.000ns period=100.000ns})
  Destination:            i_dmi_jtag/i_dmi_jtag_tap/FSM_onehot_tap_state_q_reg[10]/D
                            (rising edge-triggered cell FDCE clocked by tck  {rise@0.000ns fall@50.000ns period=100.000ns})
  Path Group:             tck
  Path Type:              Setup (Max at Fast Process Corner)
  Requirement:            20.000ns  (MaxDelay Path 20.000ns)
  Data Path Delay:        1.519ns  (logic 0.558ns (36.733%)  route 0.961ns (63.267%))
  Logic Levels:           2  (IBUF=1 LUT2=1)
  Input Delay:            5.000ns
  Clock Path Skew:        2.413ns (DCD - SCD + CPR)
    Destination Clock Delay (DCD):    2.413ns
    Source Clock Delay      (SCD):    0.000ns
    Clock Pessimism Removal (CPR):    0.000ns
  Clock Uncertainty:      0.501ns  ((TSJ^2 + TIJ^2)^1/2 + DJ) / 2 + PE
    Total System Jitter     (TSJ):    0.071ns
    Total Input Jitter      (TIJ):    1.000ns
    Discrete Jitter          (DJ):    0.000ns
    Phase Error              (PE):    0.000ns
  Timing Exception:       MaxDelay Path 20.000ns

    Location             Delay type                Incr(ns)  Path(ns)    Netlist Resource(s)
  -------------------------------------------------------------------    -------------------
                         (clock tck fall edge)        0.000     0.000 f  
                         input delay                  5.000     5.000    
    V12                                               0.000     5.000 f  tms (IN)
                         net (fo=0)                   0.000     5.000    tms
    V12                  IBUF (Prop_ibuf_I_O)         0.502     5.502 f  tms_IBUF_inst/O
                         net (fo=16, routed)          0.961     6.463    i_dmi_jtag/i_dmi_jtag_tap/tms_IBUF
    SLICE_X104Y81        LUT2 (Prop_lut2_I1_O)        0.056     6.519 r  i_dmi_jtag/i_dmi_jtag_tap/FSM_onehot_tap_state_q[10]_i_1/O
                         net (fo=1, routed)           0.000     6.519    i_dmi_jtag/i_dmi_jtag_tap/FSM_onehot_tap_state_q[10]_i_1_n_0
    SLICE_X104Y81        FDCE                                         r  i_dmi_jtag/i_dmi_jtag_tap/FSM_onehot_tap_state_q_reg[10]/D
  -------------------------------------------------------------------    -------------------

                         max delay                   20.000    20.000    
    H15                                               0.000    20.000 r  tck (IN)
                         net (fo=0)                   0.000    20.000    tck
    H15                  IBUF (Prop_ibuf_I_O)         0.268    20.268 r  tck_IBUF_inst/O
                         net (fo=1, routed)           1.516    21.784    tck_IBUF
    BUFGCTRL_X0Y0        BUFG (Prop_bufg_I_O)         0.026    21.810 r  tck_IBUF_BUFG_inst/O
                         net (fo=258, routed)         0.603    22.413    i_dmi_jtag/i_dmi_jtag_tap/CLK
    SLICE_X104Y81        FDCE                                         r  i_dmi_jtag/i_dmi_jtag_tap/FSM_onehot_tap_state_q_reg[10]/C
                         clock pessimism              0.000    22.413    
                         clock uncertainty           -0.501    21.912    
    SLICE_X104Y81        FDCE (Setup_fdce_C_D)        0.034    21.946    i_dmi_jtag/i_dmi_jtag_tap/FSM_onehot_tap_state_q_reg[10]
  -------------------------------------------------------------------
                         required time                         21.946    
                         arrival time                          -6.519    
  -------------------------------------------------------------------
                         slack                                 15.426    





Min Delay Paths
--------------------------------------------------------------------------------------
Slack (MET) :             0.117ns  (arrival time - required time)
  Source:                 i_dmi_jtag/dr_q_reg[29]/C
                            (rising edge-triggered cell FDCE clocked by tck  {rise@0.000ns fall@50.000ns period=100.000ns})
  Destination:            i_dmi_jtag/data_q_reg[27]/D
                            (rising edge-triggered cell FDCE clocked by tck  {rise@0.000ns fall@50.000ns period=100.000ns})
  Path Group:             tck
  Path Type:              Hold (Min at Fast Process Corner)
  Requirement:            0.000ns  (tck rise@0.000ns - tck rise@0.000ns)
  Data Path Delay:        0.251ns  (logic 0.186ns (74.103%)  route 0.065ns (25.897%))
  Logic Levels:           1  (LUT4=1)
  Clock Path Skew:        0.013ns (DCD - SCD - CPR)
    Destination Clock Delay (DCD):    3.127ns
    Source Clock Delay      (SCD):    2.421ns
    Clock Pessimism Removal (CPR):    0.693ns

    Location             Delay type                Incr(ns)  Path(ns)    Netlist Resource(s)
  -------------------------------------------------------------------    -------------------
                         (clock tck rise edge)        0.000     0.000 r  
    H15                                               0.000     0.000 r  tck (IN)
                         net (fo=0)                   0.000     0.000    tck
    H15                  IBUF (Prop_ibuf_I_O)         0.268     0.268 r  tck_IBUF_inst/O
                         net (fo=1, routed)           1.516     1.784    tck_IBUF
    BUFGCTRL_X0Y0        BUFG (Prop_bufg_I_O)         0.026     1.810 r  tck_IBUF_BUFG_inst/O
                         net (fo=258, routed)         0.611     2.421    i_dmi_jtag/CLK
    SLICE_X99Y7          FDCE                                         r  i_dmi_jtag/dr_q_reg[29]/C
  -------------------------------------------------------------------    -------------------
    SLICE_X99Y7          FDCE (Prop_fdce_C_Q)         0.141     2.562 r  i_dmi_jtag/dr_q_reg[29]/Q
                         net (fo=2, routed)           0.065     2.627    i_dmi_jtag/i_dmi_cdc/i_cdc_resp/i_dst/data_q_reg[31][29]
    SLICE_X98Y7          LUT4 (Prop_lut4_I3_O)        0.045     2.672 r  i_dmi_jtag/i_dmi_cdc/i_cdc_resp/i_dst/data_q[27]_i_1/O
                         net (fo=1, routed)           0.000     2.672    i_dmi_jtag/i_dmi_cdc_n_248
    SLICE_X98Y7          FDCE                                         r  i_dmi_jtag/data_q_reg[27]/D
  -------------------------------------------------------------------    -------------------

                         (clock tck rise edge)        0.000     0.000 r  
    H15                                               0.000     0.000 r  tck (IN)
                         net (fo=0)                   0.000     0.000    tck
    H15                  IBUF (Prop_ibuf_I_O)         0.456     0.456 r  tck_IBUF_inst/O
                         net (fo=1, routed)           1.762     2.218    tck_IBUF
    BUFGCTRL_X0Y0        BUFG (Prop_bufg_I_O)         0.029     2.247 r  tck_IBUF_BUFG_inst/O
                         net (fo=258, routed)         0.880     3.127    i_dmi_jtag/CLK
    SLICE_X98Y7          FDCE                                         r  i_dmi_jtag/data_q_reg[27]/C
                         clock pessimism             -0.693     2.434    
    SLICE_X98Y7          FDCE (Hold_fdce_C_D)         0.121     2.555    i_dmi_jtag/data_q_reg[27]
  -------------------------------------------------------------------
                         required time                         -2.555    
                         arrival time                           2.672    
  -------------------------------------------------------------------
                         slack                                  0.117    

Slack (MET) :             0.118ns  (arrival time - required time)
  Source:                 i_dmi_jtag/data_q_reg[9]/C
                            (rising edge-triggered cell FDCE clocked by tck  {rise@0.000ns fall@50.000ns period=100.000ns})
  Destination:            i_dmi_jtag/dr_q_reg[11]/D
                            (rising edge-triggered cell FDCE clocked by tck  {rise@0.000ns fall@50.000ns period=100.000ns})
  Path Group:             tck
  Path Type:              Hold (Min at Fast Process Corner)
  Requirement:            0.000ns  (tck rise@0.000ns - tck rise@0.000ns)
  Data Path Delay:        0.252ns  (logic 0.186ns (73.740%)  route 0.066ns (26.260%))
  Logic Levels:           1  (LUT4=1)
  Clock Path Skew:        0.013ns (DCD - SCD - CPR)
    Destination Clock Delay (DCD):    3.129ns
    Source Clock Delay      (SCD):    2.422ns
    Clock Pessimism Removal (CPR):    0.694ns

    Location             Delay type                Incr(ns)  Path(ns)    Netlist Resource(s)
  -------------------------------------------------------------------    -------------------
                         (clock tck rise edge)        0.000     0.000 r  
    H15                                               0.000     0.000 r  tck (IN)
                         net (fo=0)                   0.000     0.000    tck
    H15                  IBUF (Prop_ibuf_I_O)         0.268     0.268 r  tck_IBUF_inst/O
                         net (fo=1, routed)           1.516     1.784    tck_IBUF
    BUFGCTRL_X0Y0        BUFG (Prop_bufg_I_O)         0.026     1.810 r  tck_IBUF_BUFG_inst/O
                         net (fo=258, routed)         0.612     2.422    i_dmi_jtag/CLK
    SLICE_X103Y3         FDCE                                         r  i_dmi_jtag/data_q_reg[9]/C
  -------------------------------------------------------------------    -------------------
    SLICE_X103Y3         FDCE (Prop_fdce_C_Q)         0.141     2.563 r  i_dmi_jtag/data_q_reg[9]/Q
                         net (fo=2, routed)           0.066     2.629    i_dmi_jtag/i_dmi_jtag_tap/dr_q_reg[33][9]
    SLICE_X102Y3         LUT4 (Prop_lut4_I3_O)        0.045     2.674 r  i_dmi_jtag/i_dmi_jtag_tap/dr_q[11]_i_1/O
                         net (fo=1, routed)           0.000     2.674    i_dmi_jtag/dr_d[11]
    SLICE_X102Y3         FDCE                                         r  i_dmi_jtag/dr_q_reg[11]/D
  -------------------------------------------------------------------    -------------------

                         (clock tck rise edge)        0.000     0.000 r  
    H15                                               0.000     0.000 r  tck (IN)
                         net (fo=0)                   0.000     0.000    tck
    H15                  IBUF (Prop_ibuf_I_O)         0.456     0.456 r  tck_IBUF_inst/O
                         net (fo=1, routed)           1.762     2.218    tck_IBUF
    BUFGCTRL_X0Y0        BUFG (Prop_bufg_I_O)         0.029     2.247 r  tck_IBUF_BUFG_inst/O
                         net (fo=258, routed)         0.882     3.129    i_dmi_jtag/CLK
    SLICE_X102Y3         FDCE                                         r  i_dmi_jtag/dr_q_reg[11]/C
                         clock pessimism             -0.694     2.435    
    SLICE_X102Y3         FDCE (Hold_fdce_C_D)         0.121     2.556    i_dmi_jtag/dr_q_reg[11]
  -------------------------------------------------------------------
                         required time                         -2.556    
                         arrival time                           2.674    
  -------------------------------------------------------------------
                         slack                                  0.118    

Slack (MET) :             0.121ns  (arrival time - required time)
  Source:                 i_dmi_jtag/dr_q_reg[19]/C
                            (rising edge-triggered cell FDCE clocked by tck  {rise@0.000ns fall@50.000ns period=100.000ns})
  Destination:            i_dmi_jtag/dr_q_reg[18]/D
                            (rising edge-triggered cell FDCE clocked by tck  {rise@0.000ns fall@50.000ns period=100.000ns})
  Path Group:             tck
  Path Type:              Hold (Min at Fast Process Corner)
  Requirement:            0.000ns  (tck rise@0.000ns - tck rise@0.000ns)
  Data Path Delay:        0.254ns  (logic 0.186ns (73.160%)  route 0.068ns (26.840%))
  Logic Levels:           1  (LUT4=1)
  Clock Path Skew:        0.013ns (DCD - SCD - CPR)
    Destination Clock Delay (DCD):    3.129ns
    Source Clock Delay      (SCD):    2.423ns
    Clock Pessimism Removal (CPR):    0.693ns

    Location             Delay type                Incr(ns)  Path(ns)    Netlist Resource(s)
  -------------------------------------------------------------------    -------------------
                         (clock tck rise edge)        0.000     0.000 r  
    H15                                               0.000     0.000 r  tck (IN)
                         net (fo=0)                   0.000     0.000    tck
    H15                  IBUF (Prop_ibuf_I_O)         0.268     0.268 r  tck_IBUF_inst/O
                         net (fo=1, routed)           1.516     1.784    tck_IBUF
    BUFGCTRL_X0Y0        BUFG (Prop_bufg_I_O)         0.026     1.810 r  tck_IBUF_BUFG_inst/O
                         net (fo=258, routed)         0.613     2.423    i_dmi_jtag/CLK
    SLICE_X99Y1          FDCE                                         r  i_dmi_jtag/dr_q_reg[19]/C
  -------------------------------------------------------------------    -------------------
    SLICE_X99Y1          FDCE (Prop_fdce_C_Q)         0.141     2.564 r  i_dmi_jtag/dr_q_reg[19]/Q
                         net (fo=2, routed)           0.068     2.632    i_dmi_jtag/i_dmi_jtag_tap/Q[19]
    SLICE_X98Y1          LUT4 (Prop_lut4_I0_O)        0.045     2.677 r  i_dmi_jtag/i_dmi_jtag_tap/dr_q[18]_i_1/O
                         net (fo=1, routed)           0.000     2.677    i_dmi_jtag/dr_d[18]
    SLICE_X98Y1          FDCE                                         r  i_dmi_jtag/dr_q_reg[18]/D
  -------------------------------------------------------------------    -------------------

                         (clock tck rise edge)        0.000     0.000 r  
    H15                                               0.000     0.000 r  tck (IN)
                         net (fo=0)                   0.000     0.000    tck
    H15                  IBUF (Prop_ibuf_I_O)         0.456     0.456 r  tck_IBUF_inst/O
                         net (fo=1, routed)           1.762     2.218    tck_IBUF
    BUFGCTRL_X0Y0        BUFG (Prop_bufg_I_O)         0.029     2.247 r  tck_IBUF_BUFG_inst/O
                         net (fo=258, routed)         0.882     3.129    i_dmi_jtag/CLK
    SLICE_X98Y1          FDCE                                         r  i_dmi_jtag/dr_q_reg[18]/C
                         clock pessimism             -0.693     2.436    
    SLICE_X98Y1          FDCE (Hold_fdce_C_D)         0.120     2.556    i_dmi_jtag/dr_q_reg[18]
  -------------------------------------------------------------------
                         required time                         -2.556    
                         arrival time                           2.677    
  -------------------------------------------------------------------
                         slack                                  0.121    

Slack (MET) :             0.121ns  (arrival time - required time)
  Source:                 i_dmi_jtag/dr_q_reg[32]/C
                            (rising edge-triggered cell FDCE clocked by tck  {rise@0.000ns fall@50.000ns period=100.000ns})
  Destination:            i_dmi_jtag/data_q_reg[30]/D
                            (rising edge-triggered cell FDCE clocked by tck  {rise@0.000ns fall@50.000ns period=100.000ns})
  Path Group:             tck
  Path Type:              Hold (Min at Fast Process Corner)
  Requirement:            0.000ns  (tck rise@0.000ns - tck rise@0.000ns)
  Data Path Delay:        0.254ns  (logic 0.186ns (73.141%)  route 0.068ns (26.859%))
  Logic Levels:           1  (LUT4=1)
  Clock Path Skew:        0.013ns (DCD - SCD - CPR)
    Destination Clock Delay (DCD):    3.128ns
    Source Clock Delay      (SCD):    2.422ns
    Clock Pessimism Removal (CPR):    0.693ns

    Location             Delay type                Incr(ns)  Path(ns)    Netlist Resource(s)
  -------------------------------------------------------------------    -------------------
                         (clock tck rise edge)        0.000     0.000 r  
    H15                                               0.000     0.000 r  tck (IN)
                         net (fo=0)                   0.000     0.000    tck
    H15                  IBUF (Prop_ibuf_I_O)         0.268     0.268 r  tck_IBUF_inst/O
                         net (fo=1, routed)           1.516     1.784    tck_IBUF
    BUFGCTRL_X0Y0        BUFG (Prop_bufg_I_O)         0.026     1.810 r  tck_IBUF_BUFG_inst/O
                         net (fo=258, routed)         0.612     2.422    i_dmi_jtag/CLK
    SLICE_X99Y6          FDCE                                         r  i_dmi_jtag/dr_q_reg[32]/C
  -------------------------------------------------------------------    -------------------
    SLICE_X99Y6          FDCE (Prop_fdce_C_Q)         0.141     2.563 r  i_dmi_jtag/dr_q_reg[32]/Q
                         net (fo=2, routed)           0.068     2.631    i_dmi_jtag/i_dmi_cdc/i_cdc_resp/i_dst/data_q_reg[31][32]
    SLICE_X98Y6          LUT4 (Prop_lut4_I3_O)        0.045     2.676 r  i_dmi_jtag/i_dmi_cdc/i_cdc_resp/i_dst/data_q[30]_i_1/O
                         net (fo=1, routed)           0.000     2.676    i_dmi_jtag/i_dmi_cdc_n_245
    SLICE_X98Y6          FDCE                                         r  i_dmi_jtag/data_q_reg[30]/D
  -------------------------------------------------------------------    -------------------

                         (clock tck rise edge)        0.000     0.000 r  
    H15                                               0.000     0.000 r  tck (IN)
                         net (fo=0)                   0.000     0.000    tck
    H15                  IBUF (Prop_ibuf_I_O)         0.456     0.456 r  tck_IBUF_inst/O
                         net (fo=1, routed)           1.762     2.218    tck_IBUF
    BUFGCTRL_X0Y0        BUFG (Prop_bufg_I_O)         0.029     2.247 r  tck_IBUF_BUFG_inst/O
                         net (fo=258, routed)         0.881     3.128    i_dmi_jtag/CLK
    SLICE_X98Y6          FDCE                                         r  i_dmi_jtag/data_q_reg[30]/C
                         clock pessimism             -0.693     2.435    
    SLICE_X98Y6          FDCE (Hold_fdce_C_D)         0.120     2.555    i_dmi_jtag/data_q_reg[30]
  -------------------------------------------------------------------
                         required time                         -2.555    
                         arrival time                           2.676    
  -------------------------------------------------------------------
                         slack                                  0.121    

Slack (MET) :             0.149ns  (arrival time - required time)
  Source:                 i_dmi_jtag/i_dmi_cdc/i_cdc_resp/i_dst/data_dst_q_reg[data][14]/C
                            (rising edge-triggered cell FDCE clocked by tck  {rise@0.000ns fall@50.000ns period=100.000ns})
  Destination:            i_dmi_jtag/data_q_reg[14]/D
                            (rising edge-triggered cell FDCE clocked by tck  {rise@0.000ns fall@50.000ns period=100.000ns})
  Path Group:             tck
  Path Type:              Hold (Min at Fast Process Corner)
  Requirement:            0.000ns  (tck rise@0.000ns - tck rise@0.000ns)
  Data Path Delay:        0.286ns  (logic 0.186ns (64.996%)  route 0.100ns (35.004%))
  Logic Levels:           1  (LUT4=1)
  Clock Path Skew:        0.016ns (DCD - SCD - CPR)
    Destination Clock Delay (DCD):    3.128ns
    Source Clock Delay      (SCD):    2.422ns
    Clock Pessimism Removal (CPR):    0.690ns

    Location             Delay type                Incr(ns)  Path(ns)    Netlist Resource(s)
  -------------------------------------------------------------------    -------------------
                         (clock tck rise edge)        0.000     0.000 r  
    H15                                               0.000     0.000 r  tck (IN)
                         net (fo=0)                   0.000     0.000    tck
    H15                  IBUF (Prop_ibuf_I_O)         0.268     0.268 r  tck_IBUF_inst/O
                         net (fo=1, routed)           1.516     1.784    tck_IBUF
    BUFGCTRL_X0Y0        BUFG (Prop_bufg_I_O)         0.026     1.810 r  tck_IBUF_BUFG_inst/O
                         net (fo=258, routed)         0.612     2.422    i_dmi_jtag/i_dmi_cdc/i_cdc_resp/i_dst/CLK
    SLICE_X99Y3          FDCE                                         r  i_dmi_jtag/i_dmi_cdc/i_cdc_resp/i_dst/data_dst_q_reg[data][14]/C
  -------------------------------------------------------------------    -------------------
    SLICE_X99Y3          FDCE (Prop_fdce_C_Q)         0.141     2.563 r  i_dmi_jtag/i_dmi_cdc/i_cdc_resp/i_dst/data_dst_q_reg[data][14]/Q
                         net (fo=1, routed)           0.100     2.663    i_dmi_jtag/i_dmi_cdc/i_cdc_resp/i_dst/data_dst_q[data][14]
    SLICE_X100Y3         LUT4 (Prop_lut4_I0_O)        0.045     2.708 r  i_dmi_jtag/i_dmi_cdc/i_cdc_resp/i_dst/data_q[14]_i_1/O
                         net (fo=1, routed)           0.000     2.708    i_dmi_jtag/i_dmi_cdc_n_261
    SLICE_X100Y3         FDCE                                         r  i_dmi_jtag/data_q_reg[14]/D
  -------------------------------------------------------------------    -------------------

                         (clock tck rise edge)        0.000     0.000 r  
    H15                                               0.000     0.000 r  tck (IN)
                         net (fo=0)                   0.000     0.000    tck
    H15                  IBUF (Prop_ibuf_I_O)         0.456     0.456 r  tck_IBUF_inst/O
                         net (fo=1, routed)           1.762     2.218    tck_IBUF
    BUFGCTRL_X0Y0        BUFG (Prop_bufg_I_O)         0.029     2.247 r  tck_IBUF_BUFG_inst/O
                         net (fo=258, routed)         0.881     3.128    i_dmi_jtag/CLK
    SLICE_X100Y3         FDCE                                         r  i_dmi_jtag/data_q_reg[14]/C
                         clock pessimism             -0.690     2.438    
    SLICE_X100Y3         FDCE (Hold_fdce_C_D)         0.121     2.559    i_dmi_jtag/data_q_reg[14]
  -------------------------------------------------------------------
                         required time                         -2.559    
                         arrival time                           2.708    
  -------------------------------------------------------------------
                         slack                                  0.149    

Slack (MET) :             0.152ns  (arrival time - required time)
  Source:                 i_dmi_jtag/dr_q_reg[12]/C
                            (rising edge-triggered cell FDCE clocked by tck  {rise@0.000ns fall@50.000ns period=100.000ns})
  Destination:            i_dmi_jtag/data_q_reg[10]/D
                            (rising edge-triggered cell FDCE clocked by tck  {rise@0.000ns fall@50.000ns period=100.000ns})
  Path Group:             tck
  Path Type:              Hold (Min at Fast Process Corner)
  Requirement:            0.000ns  (tck rise@0.000ns - tck rise@0.000ns)
  Data Path Delay:        0.285ns  (logic 0.186ns (65.194%)  route 0.099ns (34.806%))
  Logic Levels:           1  (LUT4=1)
  Clock Path Skew:        0.013ns (DCD - SCD - CPR)
    Destination Clock Delay (DCD):    3.128ns
    Source Clock Delay      (SCD):    2.422ns
    Clock Pessimism Removal (CPR):    0.693ns

    Location             Delay type                Incr(ns)  Path(ns)    Netlist Resource(s)
  -------------------------------------------------------------------    -------------------
                         (clock tck rise edge)        0.000     0.000 r  
    H15                                               0.000     0.000 r  tck (IN)
                         net (fo=0)                   0.000     0.000    tck
    H15                  IBUF (Prop_ibuf_I_O)         0.268     0.268 r  tck_IBUF_inst/O
                         net (fo=1, routed)           1.516     1.784    tck_IBUF
    BUFGCTRL_X0Y0        BUFG (Prop_bufg_I_O)         0.026     1.810 r  tck_IBUF_BUFG_inst/O
                         net (fo=258, routed)         0.612     2.422    i_dmi_jtag/CLK
    SLICE_X101Y3         FDCE                                         r  i_dmi_jtag/dr_q_reg[12]/C
  -------------------------------------------------------------------    -------------------
    SLICE_X101Y3         FDCE (Prop_fdce_C_Q)         0.141     2.563 r  i_dmi_jtag/dr_q_reg[12]/Q
                         net (fo=2, routed)           0.099     2.662    i_dmi_jtag/i_dmi_cdc/i_cdc_resp/i_dst/data_q_reg[31][12]
    SLICE_X100Y3         LUT4 (Prop_lut4_I3_O)        0.045     2.707 r  i_dmi_jtag/i_dmi_cdc/i_cdc_resp/i_dst/data_q[10]_i_1/O
                         net (fo=1, routed)           0.000     2.707    i_dmi_jtag/i_dmi_cdc_n_265
    SLICE_X100Y3         FDCE                                         r  i_dmi_jtag/data_q_reg[10]/D
  -------------------------------------------------------------------    -------------------

                         (clock tck rise edge)        0.000     0.000 r  
    H15                                               0.000     0.000 r  tck (IN)
                         net (fo=0)                   0.000     0.000    tck
    H15                  IBUF (Prop_ibuf_I_O)         0.456     0.456 r  tck_IBUF_inst/O
                         net (fo=1, routed)           1.762     2.218    tck_IBUF
    BUFGCTRL_X0Y0        BUFG (Prop_bufg_I_O)         0.029     2.247 r  tck_IBUF_BUFG_inst/O
                         net (fo=258, routed)         0.881     3.128    i_dmi_jtag/CLK
    SLICE_X100Y3         FDCE                                         r  i_dmi_jtag/data_q_reg[10]/C
                         clock pessimism             -0.693     2.435    
    SLICE_X100Y3         FDCE (Hold_fdce_C_D)         0.120     2.555    i_dmi_jtag/data_q_reg[10]
  -------------------------------------------------------------------
                         required time                         -2.555    
                         arrival time                           2.707    
  -------------------------------------------------------------------
                         slack                                  0.152    

Slack (MET) :             0.154ns  (arrival time - required time)
  Source:                 i_dmi_jtag/i_dmi_jtag_tap/jtag_ir_shift_q_reg[1]/C
                            (rising edge-triggered cell FDCE clocked by tck  {rise@0.000ns fall@50.000ns period=100.000ns})
  Destination:            i_dmi_jtag/i_dmi_jtag_tap/jtag_ir_q_reg[1]/D
                            (rising edge-triggered cell FDCE clocked by tck  {rise@0.000ns fall@50.000ns period=100.000ns})
  Path Group:             tck
  Path Type:              Hold (Min at Fast Process Corner)
  Requirement:            0.000ns  (tck rise@0.000ns - tck rise@0.000ns)
  Data Path Delay:        0.288ns  (logic 0.186ns (64.583%)  route 0.102ns (35.417%))
  Logic Levels:           1  (LUT2=1)
  Clock Path Skew:        0.013ns (DCD - SCD - CPR)
    Destination Clock Delay (DCD):    3.118ns
    Source Clock Delay      (SCD):    2.413ns
    Clock Pessimism Removal (CPR):    0.692ns

    Location             Delay type                Incr(ns)  Path(ns)    Netlist Resource(s)
  -------------------------------------------------------------------    -------------------
                         (clock tck rise edge)        0.000     0.000 r  
    H15                                               0.000     0.000 r  tck (IN)
                         net (fo=0)                   0.000     0.000    tck
    H15                  IBUF (Prop_ibuf_I_O)         0.268     0.268 r  tck_IBUF_inst/O
                         net (fo=1, routed)           1.516     1.784    tck_IBUF
    BUFGCTRL_X0Y0        BUFG (Prop_bufg_I_O)         0.026     1.810 r  tck_IBUF_BUFG_inst/O
                         net (fo=258, routed)         0.603     2.413    i_dmi_jtag/i_dmi_jtag_tap/CLK
    SLICE_X103Y81        FDCE                                         r  i_dmi_jtag/i_dmi_jtag_tap/jtag_ir_shift_q_reg[1]/C
  -------------------------------------------------------------------    -------------------
    SLICE_X103Y81        FDCE (Prop_fdce_C_Q)         0.141     2.554 r  i_dmi_jtag/i_dmi_jtag_tap/jtag_ir_shift_q_reg[1]/Q
                         net (fo=2, routed)           0.102     2.656    i_dmi_jtag/i_dmi_jtag_tap/p_0_in_0[0]
    SLICE_X102Y81        LUT2 (Prop_lut2_I0_O)        0.045     2.701 r  i_dmi_jtag/i_dmi_jtag_tap/jtag_ir_q[1]_i_1/O
                         net (fo=1, routed)           0.000     2.701    i_dmi_jtag/i_dmi_jtag_tap/jtag_ir_d[1]
    SLICE_X102Y81        FDCE                                         r  i_dmi_jtag/i_dmi_jtag_tap/jtag_ir_q_reg[1]/D
  -------------------------------------------------------------------    -------------------

                         (clock tck rise edge)        0.000     0.000 r  
    H15                                               0.000     0.000 r  tck (IN)
                         net (fo=0)                   0.000     0.000    tck
    H15                  IBUF (Prop_ibuf_I_O)         0.456     0.456 r  tck_IBUF_inst/O
                         net (fo=1, routed)           1.762     2.218    tck_IBUF
    BUFGCTRL_X0Y0        BUFG (Prop_bufg_I_O)         0.029     2.247 r  tck_IBUF_BUFG_inst/O
                         net (fo=258, routed)         0.871     3.118    i_dmi_jtag/i_dmi_jtag_tap/CLK
    SLICE_X102Y81        FDCE                                         r  i_dmi_jtag/i_dmi_jtag_tap/jtag_ir_q_reg[1]/C
                         clock pessimism             -0.692     2.426    
    SLICE_X102Y81        FDCE (Hold_fdce_C_D)         0.121     2.547    i_dmi_jtag/i_dmi_jtag_tap/jtag_ir_q_reg[1]
  -------------------------------------------------------------------
                         required time                         -2.547    
                         arrival time                           2.701    
  -------------------------------------------------------------------
                         slack                                  0.154    

Slack (MET) :             0.154ns  (arrival time - required time)
  Source:                 i_dmi_jtag/i_dmi_cdc/i_cdc_resp/i_dst/data_dst_q_reg[data][18]/C
                            (rising edge-triggered cell FDCE clocked by tck  {rise@0.000ns fall@50.000ns period=100.000ns})
  Destination:            i_dmi_jtag/data_q_reg[18]/D
                            (rising edge-triggered cell FDCE clocked by tck  {rise@0.000ns fall@50.000ns period=100.000ns})
  Path Group:             tck
  Path Type:              Hold (Min at Fast Process Corner)
  Requirement:            0.000ns  (tck rise@0.000ns - tck rise@0.000ns)
  Data Path Delay:        0.259ns  (logic 0.209ns (80.663%)  route 0.050ns (19.337%))
  Logic Levels:           1  (LUT4=1)
  Clock Path Skew:        0.013ns (DCD - SCD - CPR)
    Destination Clock Delay (DCD):    3.129ns
    Source Clock Delay      (SCD):    2.423ns
    Clock Pessimism Removal (CPR):    0.693ns

    Location             Delay type                Incr(ns)  Path(ns)    Netlist Resource(s)
  -------------------------------------------------------------------    -------------------
                         (clock tck rise edge)        0.000     0.000 r  
    H15                                               0.000     0.000 r  tck (IN)
                         net (fo=0)                   0.000     0.000    tck
    H15                  IBUF (Prop_ibuf_I_O)         0.268     0.268 r  tck_IBUF_inst/O
                         net (fo=1, routed)           1.516     1.784    tck_IBUF
    BUFGCTRL_X0Y0        BUFG (Prop_bufg_I_O)         0.026     1.810 r  tck_IBUF_BUFG_inst/O
                         net (fo=258, routed)         0.613     2.423    i_dmi_jtag/i_dmi_cdc/i_cdc_resp/i_dst/CLK
    SLICE_X98Y2          FDCE                                         r  i_dmi_jtag/i_dmi_cdc/i_cdc_resp/i_dst/data_dst_q_reg[data][18]/C
  -------------------------------------------------------------------    -------------------
    SLICE_X98Y2          FDCE (Prop_fdce_C_Q)         0.164     2.587 r  i_dmi_jtag/i_dmi_cdc/i_cdc_resp/i_dst/data_dst_q_reg[data][18]/Q
                         net (fo=1, routed)           0.050     2.637    i_dmi_jtag/i_dmi_cdc/i_cdc_resp/i_dst/data_dst_q[data][18]
    SLICE_X99Y2          LUT4 (Prop_lut4_I0_O)        0.045     2.682 r  i_dmi_jtag/i_dmi_cdc/i_cdc_resp/i_dst/data_q[18]_i_1/O
                         net (fo=1, routed)           0.000     2.682    i_dmi_jtag/i_dmi_cdc_n_257
    SLICE_X99Y2          FDCE                                         r  i_dmi_jtag/data_q_reg[18]/D
  -------------------------------------------------------------------    -------------------

                         (clock tck rise edge)        0.000     0.000 r  
    H15                                               0.000     0.000 r  tck (IN)
                         net (fo=0)                   0.000     0.000    tck
    H15                  IBUF (Prop_ibuf_I_O)         0.456     0.456 r  tck_IBUF_inst/O
                         net (fo=1, routed)           1.762     2.218    tck_IBUF
    BUFGCTRL_X0Y0        BUFG (Prop_bufg_I_O)         0.029     2.247 r  tck_IBUF_BUFG_inst/O
                         net (fo=258, routed)         0.882     3.129    i_dmi_jtag/CLK
    SLICE_X99Y2          FDCE                                         r  i_dmi_jtag/data_q_reg[18]/C
                         clock pessimism             -0.693     2.436    
    SLICE_X99Y2          FDCE (Hold_fdce_C_D)         0.092     2.528    i_dmi_jtag/data_q_reg[18]
  -------------------------------------------------------------------
                         required time                         -2.528    
                         arrival time                           2.682    
  -------------------------------------------------------------------
                         slack                                  0.154    

Slack (MET) :             0.158ns  (arrival time - required time)
  Source:                 i_dmi_jtag/data_q_reg[5]/C
                            (rising edge-triggered cell FDCE clocked by tck  {rise@0.000ns fall@50.000ns period=100.000ns})
  Destination:            i_dmi_jtag/i_dmi_cdc/i_cdc_req/i_src/data_src_q_reg[data][5]/D
                            (rising edge-triggered cell FDCE clocked by tck  {rise@0.000ns fall@50.000ns period=100.000ns})
  Path Group:             tck
  Path Type:              Hold (Min at Fast Process Corner)
  Requirement:            0.000ns  (tck rise@0.000ns - tck rise@0.000ns)
  Data Path Delay:        0.270ns  (logic 0.141ns (52.164%)  route 0.129ns (47.836%))
  Logic Levels:           0  
  Clock Path Skew:        0.036ns (DCD - SCD - CPR)
    Destination Clock Delay (DCD):    3.129ns
    Source Clock Delay      (SCD):    2.423ns
    Clock Pessimism Removal (CPR):    0.670ns

    Location             Delay type                Incr(ns)  Path(ns)    Netlist Resource(s)
  -------------------------------------------------------------------    -------------------
                         (clock tck rise edge)        0.000     0.000 r  
    H15                                               0.000     0.000 r  tck (IN)
                         net (fo=0)                   0.000     0.000    tck
    H15                  IBUF (Prop_ibuf_I_O)         0.268     0.268 r  tck_IBUF_inst/O
                         net (fo=1, routed)           1.516     1.784    tck_IBUF
    BUFGCTRL_X0Y0        BUFG (Prop_bufg_I_O)         0.026     1.810 r  tck_IBUF_BUFG_inst/O
                         net (fo=258, routed)         0.613     2.423    i_dmi_jtag/CLK
    SLICE_X99Y0          FDCE                                         r  i_dmi_jtag/data_q_reg[5]/C
  -------------------------------------------------------------------    -------------------
    SLICE_X99Y0          FDCE (Prop_fdce_C_Q)         0.141     2.564 r  i_dmi_jtag/data_q_reg[5]/Q
                         net (fo=2, routed)           0.129     2.693    i_dmi_jtag/i_dmi_cdc/i_cdc_req/i_src/data_src_q_reg[data][31]_0[5]
    SLICE_X97Y1          FDCE                                         r  i_dmi_jtag/i_dmi_cdc/i_cdc_req/i_src/data_src_q_reg[data][5]/D
  -------------------------------------------------------------------    -------------------

                         (clock tck rise edge)        0.000     0.000 r  
    H15                                               0.000     0.000 r  tck (IN)
                         net (fo=0)                   0.000     0.000    tck
    H15                  IBUF (Prop_ibuf_I_O)         0.456     0.456 r  tck_IBUF_inst/O
                         net (fo=1, routed)           1.762     2.218    tck_IBUF
    BUFGCTRL_X0Y0        BUFG (Prop_bufg_I_O)         0.029     2.247 r  tck_IBUF_BUFG_inst/O
                         net (fo=258, routed)         0.882     3.129    i_dmi_jtag/i_dmi_cdc/i_cdc_req/i_src/CLK
    SLICE_X97Y1          FDCE                                         r  i_dmi_jtag/i_dmi_cdc/i_cdc_req/i_src/data_src_q_reg[data][5]/C
                         clock pessimism             -0.670     2.459    
    SLICE_X97Y1          FDCE (Hold_fdce_C_D)         0.076     2.535    i_dmi_jtag/i_dmi_cdc/i_cdc_req/i_src/data_src_q_reg[data][5]
  -------------------------------------------------------------------
                         required time                         -2.535    
                         arrival time                           2.693    
  -------------------------------------------------------------------
                         slack                                  0.158    

Slack (MET) :             0.161ns  (arrival time - required time)
  Source:                 i_dmi_jtag/data_q_reg[15]/C
                            (rising edge-triggered cell FDCE clocked by tck  {rise@0.000ns fall@50.000ns period=100.000ns})
  Destination:            i_dmi_jtag/dr_q_reg[17]/D
                            (rising edge-triggered cell FDCE clocked by tck  {rise@0.000ns fall@50.000ns period=100.000ns})
  Path Group:             tck
  Path Type:              Hold (Min at Fast Process Corner)
  Requirement:            0.000ns  (tck rise@0.000ns - tck rise@0.000ns)
  Data Path Delay:        0.298ns  (logic 0.186ns (62.352%)  route 0.112ns (37.648%))
  Logic Levels:           1  (LUT4=1)
  Clock Path Skew:        0.016ns (DCD - SCD - CPR)
    Destination Clock Delay (DCD):    3.129ns
    Source Clock Delay      (SCD):    2.423ns
    Clock Pessimism Removal (CPR):    0.690ns

    Location             Delay type                Incr(ns)  Path(ns)    Netlist Resource(s)
  -------------------------------------------------------------------    -------------------
                         (clock tck rise edge)        0.000     0.000 r  
    H15                                               0.000     0.000 r  tck (IN)
                         net (fo=0)                   0.000     0.000    tck
    H15                  IBUF (Prop_ibuf_I_O)         0.268     0.268 r  tck_IBUF_inst/O
                         net (fo=1, routed)           1.516     1.784    tck_IBUF
    BUFGCTRL_X0Y0        BUFG (Prop_bufg_I_O)         0.026     1.810 r  tck_IBUF_BUFG_inst/O
                         net (fo=258, routed)         0.613     2.423    i_dmi_jtag/CLK
    SLICE_X99Y2          FDCE                                         r  i_dmi_jtag/data_q_reg[15]/C
  -------------------------------------------------------------------    -------------------
    SLICE_X99Y2          FDCE (Prop_fdce_C_Q)         0.141     2.564 r  i_dmi_jtag/data_q_reg[15]/Q
                         net (fo=2, routed)           0.112     2.676    i_dmi_jtag/i_dmi_jtag_tap/dr_q_reg[33][15]
    SLICE_X100Y2         LUT4 (Prop_lut4_I3_O)        0.045     2.721 r  i_dmi_jtag/i_dmi_jtag_tap/dr_q[17]_i_1/O
                         net (fo=1, routed)           0.000     2.721    i_dmi_jtag/dr_d[17]
    SLICE_X100Y2         FDCE                                         r  i_dmi_jtag/dr_q_reg[17]/D
  -------------------------------------------------------------------    -------------------

                         (clock tck rise edge)        0.000     0.000 r  
    H15                                               0.000     0.000 r  tck (IN)
                         net (fo=0)                   0.000     0.000    tck
    H15                  IBUF (Prop_ibuf_I_O)         0.456     0.456 r  tck_IBUF_inst/O
                         net (fo=1, routed)           1.762     2.218    tck_IBUF
    BUFGCTRL_X0Y0        BUFG (Prop_bufg_I_O)         0.029     2.247 r  tck_IBUF_BUFG_inst/O
                         net (fo=258, routed)         0.882     3.129    i_dmi_jtag/CLK
    SLICE_X100Y2         FDCE                                         r  i_dmi_jtag/dr_q_reg[17]/C
                         clock pessimism             -0.690     2.439    
    SLICE_X100Y2         FDCE (Hold_fdce_C_D)         0.121     2.560    i_dmi_jtag/dr_q_reg[17]
  -------------------------------------------------------------------
                         required time                         -2.560    
                         arrival time                           2.721    
  -------------------------------------------------------------------
                         slack                                  0.161    





Pulse Width Checks
--------------------------------------------------------------------------------------
Clock Name:         tck
Waveform(ns):       { 0.000 50.000 }
Period(ns):         100.000
Sources:            { tck }

Check Type        Corner  Lib Pin  Reference Pin  Required(ns)  Actual(ns)  Slack(ns)  Location       Pin
Min Period        n/a     BUFG/I   n/a            2.155         100.000     97.845     BUFGCTRL_X0Y0  tck_IBUF_BUFG_inst/I
Min Period        n/a     FDCE/C   n/a            1.000         100.000     99.000     SLICE_X103Y31  i_dmi_jtag/FSM_sequential_state_q_reg[0]/C
Min Period        n/a     FDCE/C   n/a            1.000         100.000     99.000     SLICE_X103Y33  i_dmi_jtag/FSM_sequential_state_q_reg[1]/C
Min Period        n/a     FDCE/C   n/a            1.000         100.000     99.000     SLICE_X103Y31  i_dmi_jtag/FSM_sequential_state_q_reg[2]/C
Min Period        n/a     FDCE/C   n/a            1.000         100.000     99.000     SLICE_X104Y6   i_dmi_jtag/address_q_reg[0]/C
Min Period        n/a     FDCE/C   n/a            1.000         100.000     99.000     SLICE_X104Y6   i_dmi_jtag/address_q_reg[1]/C
Min Period        n/a     FDCE/C   n/a            1.000         100.000     99.000     SLICE_X104Y6   i_dmi_jtag/address_q_reg[2]/C
Min Period        n/a     FDCE/C   n/a            1.000         100.000     99.000     SLICE_X102Y6   i_dmi_jtag/address_q_reg[3]/C
Min Period        n/a     FDCE/C   n/a            1.000         100.000     99.000     SLICE_X102Y6   i_dmi_jtag/address_q_reg[4]/C
Min Period        n/a     FDCE/C   n/a            1.000         100.000     99.000     SLICE_X102Y6   i_dmi_jtag/address_q_reg[5]/C
Low Pulse Width   Slow    FDCE/C   n/a            0.500         50.000      49.500     SLICE_X103Y31  i_dmi_jtag/FSM_sequential_state_q_reg[0]/C
Low Pulse Width   Fast    FDCE/C   n/a            0.500         50.000      49.500     SLICE_X103Y31  i_dmi_jtag/FSM_sequential_state_q_reg[0]/C
Low Pulse Width   Slow    FDCE/C   n/a            0.500         50.000      49.500     SLICE_X103Y33  i_dmi_jtag/FSM_sequential_state_q_reg[1]/C
Low Pulse Width   Fast    FDCE/C   n/a            0.500         50.000      49.500     SLICE_X103Y33  i_dmi_jtag/FSM_sequential_state_q_reg[1]/C
Low Pulse Width   Slow    FDCE/C   n/a            0.500         50.000      49.500     SLICE_X103Y31  i_dmi_jtag/FSM_sequential_state_q_reg[2]/C
Low Pulse Width   Fast    FDCE/C   n/a            0.500         50.000      49.500     SLICE_X103Y31  i_dmi_jtag/FSM_sequential_state_q_reg[2]/C
Low Pulse Width   Slow    FDCE/C   n/a            0.500         50.000      49.500     SLICE_X104Y6   i_dmi_jtag/address_q_reg[0]/C
Low Pulse Width   Fast    FDCE/C   n/a            0.500         50.000      49.500     SLICE_X104Y6   i_dmi_jtag/address_q_reg[0]/C
Low Pulse Width   Slow    FDCE/C   n/a            0.500         50.000      49.500     SLICE_X104Y6   i_dmi_jtag/address_q_reg[1]/C
Low Pulse Width   Fast    FDCE/C   n/a            0.500         50.000      49.500     SLICE_X104Y6   i_dmi_jtag/address_q_reg[1]/C
High Pulse Width  Slow    FDCE/C   n/a            0.500         50.000      49.500     SLICE_X103Y31  i_dmi_jtag/FSM_sequential_state_q_reg[0]/C
High Pulse Width  Fast    FDCE/C   n/a            0.500         50.000      49.500     SLICE_X103Y31  i_dmi_jtag/FSM_sequential_state_q_reg[0]/C
High Pulse Width  Slow    FDCE/C   n/a            0.500         50.000      49.500     SLICE_X103Y33  i_dmi_jtag/FSM_sequential_state_q_reg[1]/C
High Pulse Width  Fast    FDCE/C   n/a            0.500         50.000      49.500     SLICE_X103Y33  i_dmi_jtag/FSM_sequential_state_q_reg[1]/C
High Pulse Width  Slow    FDCE/C   n/a            0.500         50.000      49.500     SLICE_X103Y31  i_dmi_jtag/FSM_sequential_state_q_reg[2]/C
High Pulse Width  Fast    FDCE/C   n/a            0.500         50.000      49.500     SLICE_X103Y31  i_dmi_jtag/FSM_sequential_state_q_reg[2]/C
High Pulse Width  Slow    FDCE/C   n/a            0.500         50.000      49.500     SLICE_X104Y6   i_dmi_jtag/address_q_reg[0]/C
High Pulse Width  Fast    FDCE/C   n/a            0.500         50.000      49.500     SLICE_X104Y6   i_dmi_jtag/address_q_reg[0]/C
High Pulse Width  Slow    FDCE/C   n/a            0.500         50.000      49.500     SLICE_X104Y6   i_dmi_jtag/address_q_reg[1]/C
High Pulse Width  Fast    FDCE/C   n/a            0.500         50.000      49.500     SLICE_X104Y6   i_dmi_jtag/address_q_reg[1]/C



---------------------------------------------------------------------------------------------------
From Clock:  tck
  To Clock:  clk_out1_xlnx_clk_gen

Setup :            0  Failing Endpoints,  Worst Slack       13.761ns,  Total Violation        0.000ns
Hold  :            0  Failing Endpoints,  Worst Slack        2.812ns,  Total Violation        0.000ns
---------------------------------------------------------------------------------------------------


Max Delay Paths
--------------------------------------------------------------------------------------
Slack (MET) :             13.761ns  (required time - arrival time)
  Source:                 i_dmi_jtag/i_dmi_cdc/i_cdc_req/i_src/data_src_q_reg[addr][6]/C
                            (rising edge-triggered cell FDCE clocked by tck  {rise@0.000ns fall@50.000ns period=100.000ns})
  Destination:            i_dmi_jtag/i_dmi_cdc/i_cdc_req/i_dst/data_dst_q_reg[addr][6]/D
                            (rising edge-triggered cell FDCE clocked by clk_out1_xlnx_clk_gen  {rise@0.000ns fall@12.500ns period=25.000ns})
  Path Group:             clk_out1_xlnx_clk_gen
  Path Type:              Setup (Max at Slow Process Corner)
  Requirement:            25.000ns  (clk_out1_xlnx_clk_gen rise@25.000ns - tck rise@0.000ns)
  Data Path Delay:        1.996ns  (logic 0.518ns (25.951%)  route 1.478ns (74.049%))
  Logic Levels:           0  
  Clock Path Skew:        -8.572ns (DCD - SCD + CPR)
    Destination Clock Delay (DCD):    -1.521ns = ( 23.479 - 25.000 ) 
    Source Clock Delay      (SCD):    7.051ns
    Clock Pessimism Removal (CPR):    0.000ns
  Clock Uncertainty:      0.604ns  ((TSJ^2 + TIJ^2 + DJ^2)^1/2) / 2 + PE
    Total System Jitter     (TSJ):    0.071ns
    Total Input Jitter      (TIJ):    1.000ns
    Discrete Jitter          (DJ):    0.149ns
    Phase Error              (PE):    0.097ns
  Clock Domain Crossing:  Inter clock paths are considered valid unless explicitly excluded by timing constraints such as set_clock_groups or set_false_path.

    Location             Delay type                Incr(ns)  Path(ns)    Netlist Resource(s)
  -------------------------------------------------------------------    -------------------
                         (clock tck rise edge)        0.000     0.000 r  
    H15                                               0.000     0.000 r  tck (IN)
                         net (fo=0)                   0.000     0.000    tck
    H15                  IBUF (Prop_ibuf_I_O)         1.500     1.500 r  tck_IBUF_inst/O
                         net (fo=1, routed)           3.659     5.159    tck_IBUF
    BUFGCTRL_X0Y0        BUFG (Prop_bufg_I_O)         0.101     5.260 r  tck_IBUF_BUFG_inst/O
                         net (fo=258, routed)         1.791     7.051    i_dmi_jtag/i_dmi_cdc/i_cdc_req/i_src/CLK
    SLICE_X102Y32        FDCE                                         r  i_dmi_jtag/i_dmi_cdc/i_cdc_req/i_src/data_src_q_reg[addr][6]/C
  -------------------------------------------------------------------    -------------------
    SLICE_X102Y32        FDCE (Prop_fdce_C_Q)         0.518     7.569 r  i_dmi_jtag/i_dmi_cdc/i_cdc_req/i_src/data_src_q_reg[addr][6]/Q
                         net (fo=1, routed)           1.478     9.048    i_dmi_jtag/i_dmi_cdc/i_cdc_req/i_dst/data_dst_q_reg[addr][6]_1[6]
    SLICE_X99Y8          FDCE                                         r  i_dmi_jtag/i_dmi_cdc/i_cdc_req/i_dst/data_dst_q_reg[addr][6]/D
  -------------------------------------------------------------------    -------------------

                         (clock clk_out1_xlnx_clk_gen rise edge)
                                                     25.000    25.000 r  
    K17                                               0.000    25.000 r  clk_sys (IN)
                         net (fo=0)                   0.000    25.000    i_xlnx_clk_gen/inst/clk_in1
    K17                  IBUF (Prop_ibuf_I_O)         1.404    26.404 r  i_xlnx_clk_gen/inst/clkin1_ibufg/O
                         net (fo=1, routed)           1.162    27.566    i_xlnx_clk_gen/inst/clk_in1_xlnx_clk_gen
    MMCME2_ADV_X1Y2      MMCME2_ADV (Prop_mmcme2_adv_CLKIN1_CLKOUT0)
                                                     -7.814    19.752 r  i_xlnx_clk_gen/inst/mmcm_adv_inst/CLKOUT0
                         net (fo=1, routed)           2.012    21.764    i_xlnx_clk_gen/inst/clk_out1_xlnx_clk_gen
    BUFGCTRL_X0Y16       BUFG (Prop_bufg_I_O)         0.091    21.855 r  i_xlnx_clk_gen/inst/clkout1_buf/O
                         net (fo=14914, routed)       1.624    23.479    i_dmi_jtag/i_dmi_cdc/i_cdc_req/i_dst/clk_out1
    SLICE_X99Y8          FDCE                                         r  i_dmi_jtag/i_dmi_cdc/i_cdc_req/i_dst/data_dst_q_reg[addr][6]/C
                         clock pessimism              0.000    23.479    
                         clock uncertainty           -0.604    22.876    
    SLICE_X99Y8          FDCE (Setup_fdce_C_D)       -0.067    22.809    i_dmi_jtag/i_dmi_cdc/i_cdc_req/i_dst/data_dst_q_reg[addr][6]
  -------------------------------------------------------------------
                         required time                         22.809    
                         arrival time                          -9.048    
  -------------------------------------------------------------------
                         slack                                 13.761    

Slack (MET) :             14.295ns  (required time - arrival time)
  Source:                 i_dmi_jtag/i_dmi_cdc/i_cdc_req/i_src/data_src_q_reg[data][24]/C
                            (rising edge-triggered cell FDCE clocked by tck  {rise@0.000ns fall@50.000ns period=100.000ns})
  Destination:            i_dmi_jtag/i_dmi_cdc/i_cdc_req/i_dst/data_dst_q_reg[data][24]/D
                            (rising edge-triggered cell FDCE clocked by clk_out1_xlnx_clk_gen  {rise@0.000ns fall@12.500ns period=25.000ns})
  Path Group:             clk_out1_xlnx_clk_gen
  Path Type:              Setup (Max at Slow Process Corner)
  Requirement:            25.000ns  (clk_out1_xlnx_clk_gen rise@25.000ns - tck rise@0.000ns)
  Data Path Delay:        1.463ns  (logic 0.456ns (31.161%)  route 1.007ns (68.839%))
  Logic Levels:           0  
  Clock Path Skew:        -8.580ns (DCD - SCD + CPR)
    Destination Clock Delay (DCD):    -1.522ns = ( 23.478 - 25.000 ) 
    Source Clock Delay      (SCD):    7.058ns
    Clock Pessimism Removal (CPR):    0.000ns
  Clock Uncertainty:      0.604ns  ((TSJ^2 + TIJ^2 + DJ^2)^1/2) / 2 + PE
    Total System Jitter     (TSJ):    0.071ns
    Total Input Jitter      (TIJ):    1.000ns
    Discrete Jitter          (DJ):    0.149ns
    Phase Error              (PE):    0.097ns
  Clock Domain Crossing:  Inter clock paths are considered valid unless explicitly excluded by timing constraints such as set_clock_groups or set_false_path.

    Location             Delay type                Incr(ns)  Path(ns)    Netlist Resource(s)
  -------------------------------------------------------------------    -------------------
                         (clock tck rise edge)        0.000     0.000 r  
    H15                                               0.000     0.000 r  tck (IN)
                         net (fo=0)                   0.000     0.000    tck
    H15                  IBUF (Prop_ibuf_I_O)         1.500     1.500 r  tck_IBUF_inst/O
                         net (fo=1, routed)           3.659     5.159    tck_IBUF
    BUFGCTRL_X0Y0        BUFG (Prop_bufg_I_O)         0.101     5.260 r  tck_IBUF_BUFG_inst/O
                         net (fo=258, routed)         1.798     7.058    i_dmi_jtag/i_dmi_cdc/i_cdc_req/i_src/CLK
    SLICE_X95Y8          FDCE                                         r  i_dmi_jtag/i_dmi_cdc/i_cdc_req/i_src/data_src_q_reg[data][24]/C
  -------------------------------------------------------------------    -------------------
    SLICE_X95Y8          FDCE (Prop_fdce_C_Q)         0.456     7.514 r  i_dmi_jtag/i_dmi_cdc/i_cdc_req/i_src/data_src_q_reg[data][24]/Q
                         net (fo=1, routed)           1.007     8.522    i_dmi_jtag/i_dmi_cdc/i_cdc_req/i_dst/data_dst_q_reg[data][31]_3[24]
    SLICE_X94Y8          FDCE                                         r  i_dmi_jtag/i_dmi_cdc/i_cdc_req/i_dst/data_dst_q_reg[data][24]/D
  -------------------------------------------------------------------    -------------------

                         (clock clk_out1_xlnx_clk_gen rise edge)
                                                     25.000    25.000 r  
    K17                                               0.000    25.000 r  clk_sys (IN)
                         net (fo=0)                   0.000    25.000    i_xlnx_clk_gen/inst/clk_in1
    K17                  IBUF (Prop_ibuf_I_O)         1.404    26.404 r  i_xlnx_clk_gen/inst/clkin1_ibufg/O
                         net (fo=1, routed)           1.162    27.566    i_xlnx_clk_gen/inst/clk_in1_xlnx_clk_gen
    MMCME2_ADV_X1Y2      MMCME2_ADV (Prop_mmcme2_adv_CLKIN1_CLKOUT0)
                                                     -7.814    19.752 r  i_xlnx_clk_gen/inst/mmcm_adv_inst/CLKOUT0
                         net (fo=1, routed)           2.012    21.764    i_xlnx_clk_gen/inst/clk_out1_xlnx_clk_gen
    BUFGCTRL_X0Y16       BUFG (Prop_bufg_I_O)         0.091    21.855 r  i_xlnx_clk_gen/inst/clkout1_buf/O
                         net (fo=14914, routed)       1.623    23.478    i_dmi_jtag/i_dmi_cdc/i_cdc_req/i_dst/clk_out1
    SLICE_X94Y8          FDCE                                         r  i_dmi_jtag/i_dmi_cdc/i_cdc_req/i_dst/data_dst_q_reg[data][24]/C
                         clock pessimism              0.000    23.478    
                         clock uncertainty           -0.604    22.875    
    SLICE_X94Y8          FDCE (Setup_fdce_C_D)       -0.058    22.817    i_dmi_jtag/i_dmi_cdc/i_cdc_req/i_dst/data_dst_q_reg[data][24]
  -------------------------------------------------------------------
                         required time                         22.817    
                         arrival time                          -8.522    
  -------------------------------------------------------------------
                         slack                                 14.295    

Slack (MET) :             14.481ns  (required time - arrival time)
  Source:                 i_dmi_jtag/i_dmi_cdc/i_cdc_req/i_src/data_src_q_reg[data][6]/C
                            (rising edge-triggered cell FDCE clocked by tck  {rise@0.000ns fall@50.000ns period=100.000ns})
  Destination:            i_dmi_jtag/i_dmi_cdc/i_cdc_req/i_dst/data_dst_q_reg[data][6]/D
                            (rising edge-triggered cell FDCE clocked by clk_out1_xlnx_clk_gen  {rise@0.000ns fall@12.500ns period=25.000ns})
  Path Group:             clk_out1_xlnx_clk_gen
  Path Type:              Setup (Max at Slow Process Corner)
  Requirement:            25.000ns  (clk_out1_xlnx_clk_gen rise@25.000ns - tck rise@0.000ns)
  Data Path Delay:        1.133ns  (logic 0.419ns (36.997%)  route 0.714ns (63.003%))
  Logic Levels:           0  
  Clock Path Skew:        -8.580ns (DCD - SCD + CPR)
    Destination Clock Delay (DCD):    -1.520ns = ( 23.480 - 25.000 ) 
    Source Clock Delay      (SCD):    7.060ns
    Clock Pessimism Removal (CPR):    0.000ns
  Clock Uncertainty:      0.604ns  ((TSJ^2 + TIJ^2 + DJ^2)^1/2) / 2 + PE
    Total System Jitter     (TSJ):    0.071ns
    Total Input Jitter      (TIJ):    1.000ns
    Discrete Jitter          (DJ):    0.149ns
    Phase Error              (PE):    0.097ns
  Clock Domain Crossing:  Inter clock paths are considered valid unless explicitly excluded by timing constraints such as set_clock_groups or set_false_path.

    Location             Delay type                Incr(ns)  Path(ns)    Netlist Resource(s)
  -------------------------------------------------------------------    -------------------
                         (clock tck rise edge)        0.000     0.000 r  
    H15                                               0.000     0.000 r  tck (IN)
                         net (fo=0)                   0.000     0.000    tck
    H15                  IBUF (Prop_ibuf_I_O)         1.500     1.500 r  tck_IBUF_inst/O
                         net (fo=1, routed)           3.659     5.159    tck_IBUF
    BUFGCTRL_X0Y0        BUFG (Prop_bufg_I_O)         0.101     5.260 r  tck_IBUF_BUFG_inst/O
                         net (fo=258, routed)         1.800     7.060    i_dmi_jtag/i_dmi_cdc/i_cdc_req/i_src/CLK
    SLICE_X97Y1          FDCE                                         r  i_dmi_jtag/i_dmi_cdc/i_cdc_req/i_src/data_src_q_reg[data][6]/C
  -------------------------------------------------------------------    -------------------
    SLICE_X97Y1          FDCE (Prop_fdce_C_Q)         0.419     7.479 r  i_dmi_jtag/i_dmi_cdc/i_cdc_req/i_src/data_src_q_reg[data][6]/Q
                         net (fo=1, routed)           0.714     8.193    i_dmi_jtag/i_dmi_cdc/i_cdc_req/i_dst/data_dst_q_reg[data][31]_3[6]
    SLICE_X94Y1          FDCE                                         r  i_dmi_jtag/i_dmi_cdc/i_cdc_req/i_dst/data_dst_q_reg[data][6]/D
  -------------------------------------------------------------------    -------------------

                         (clock clk_out1_xlnx_clk_gen rise edge)
                                                     25.000    25.000 r  
    K17                                               0.000    25.000 r  clk_sys (IN)
                         net (fo=0)                   0.000    25.000    i_xlnx_clk_gen/inst/clk_in1
    K17                  IBUF (Prop_ibuf_I_O)         1.404    26.404 r  i_xlnx_clk_gen/inst/clkin1_ibufg/O
                         net (fo=1, routed)           1.162    27.566    i_xlnx_clk_gen/inst/clk_in1_xlnx_clk_gen
    MMCME2_ADV_X1Y2      MMCME2_ADV (Prop_mmcme2_adv_CLKIN1_CLKOUT0)
                                                     -7.814    19.752 r  i_xlnx_clk_gen/inst/mmcm_adv_inst/CLKOUT0
                         net (fo=1, routed)           2.012    21.764    i_xlnx_clk_gen/inst/clk_out1_xlnx_clk_gen
    BUFGCTRL_X0Y16       BUFG (Prop_bufg_I_O)         0.091    21.855 r  i_xlnx_clk_gen/inst/clkout1_buf/O
                         net (fo=14914, routed)       1.625    23.480    i_dmi_jtag/i_dmi_cdc/i_cdc_req/i_dst/clk_out1
    SLICE_X94Y1          FDCE                                         r  i_dmi_jtag/i_dmi_cdc/i_cdc_req/i_dst/data_dst_q_reg[data][6]/C
                         clock pessimism              0.000    23.480    
                         clock uncertainty           -0.604    22.877    
    SLICE_X94Y1          FDCE (Setup_fdce_C_D)       -0.203    22.674    i_dmi_jtag/i_dmi_cdc/i_cdc_req/i_dst/data_dst_q_reg[data][6]
  -------------------------------------------------------------------
                         required time                         22.674    
                         arrival time                          -8.193    
  -------------------------------------------------------------------
                         slack                                 14.481    

Slack (MET) :             14.571ns  (required time - arrival time)
  Source:                 i_dmi_jtag/i_dmi_cdc/i_cdc_req/i_src/data_src_q_reg[data][31]/C
                            (rising edge-triggered cell FDCE clocked by tck  {rise@0.000ns fall@50.000ns period=100.000ns})
  Destination:            i_dmi_jtag/i_dmi_cdc/i_cdc_req/i_dst/data_dst_q_reg[data][31]/D
                            (rising edge-triggered cell FDCE clocked by clk_out1_xlnx_clk_gen  {rise@0.000ns fall@12.500ns period=25.000ns})
  Path Group:             clk_out1_xlnx_clk_gen
  Path Type:              Setup (Max at Slow Process Corner)
  Requirement:            25.000ns  (clk_out1_xlnx_clk_gen rise@25.000ns - tck rise@0.000ns)
  Data Path Delay:        1.041ns  (logic 0.419ns (40.263%)  route 0.622ns (59.737%))
  Logic Levels:           0  
  Clock Path Skew:        -8.580ns (DCD - SCD + CPR)
    Destination Clock Delay (DCD):    -1.522ns = ( 23.478 - 25.000 ) 
    Source Clock Delay      (SCD):    7.058ns
    Clock Pessimism Removal (CPR):    0.000ns
  Clock Uncertainty:      0.604ns  ((TSJ^2 + TIJ^2 + DJ^2)^1/2) / 2 + PE
    Total System Jitter     (TSJ):    0.071ns
    Total Input Jitter      (TIJ):    1.000ns
    Discrete Jitter          (DJ):    0.149ns
    Phase Error              (PE):    0.097ns
  Clock Domain Crossing:  Inter clock paths are considered valid unless explicitly excluded by timing constraints such as set_clock_groups or set_false_path.

    Location             Delay type                Incr(ns)  Path(ns)    Netlist Resource(s)
  -------------------------------------------------------------------    -------------------
                         (clock tck rise edge)        0.000     0.000 r  
    H15                                               0.000     0.000 r  tck (IN)
                         net (fo=0)                   0.000     0.000    tck
    H15                  IBUF (Prop_ibuf_I_O)         1.500     1.500 r  tck_IBUF_inst/O
                         net (fo=1, routed)           3.659     5.159    tck_IBUF
    BUFGCTRL_X0Y0        BUFG (Prop_bufg_I_O)         0.101     5.260 r  tck_IBUF_BUFG_inst/O
                         net (fo=258, routed)         1.798     7.058    i_dmi_jtag/i_dmi_cdc/i_cdc_req/i_src/CLK
    SLICE_X97Y7          FDCE                                         r  i_dmi_jtag/i_dmi_cdc/i_cdc_req/i_src/data_src_q_reg[data][31]/C
  -------------------------------------------------------------------    -------------------
    SLICE_X97Y7          FDCE (Prop_fdce_C_Q)         0.419     7.477 r  i_dmi_jtag/i_dmi_cdc/i_cdc_req/i_src/data_src_q_reg[data][31]/Q
                         net (fo=1, routed)           0.622     8.099    i_dmi_jtag/i_dmi_cdc/i_cdc_req/i_dst/data_dst_q_reg[data][31]_3[31]
    SLICE_X94Y8          FDCE                                         r  i_dmi_jtag/i_dmi_cdc/i_cdc_req/i_dst/data_dst_q_reg[data][31]/D
  -------------------------------------------------------------------    -------------------

                         (clock clk_out1_xlnx_clk_gen rise edge)
                                                     25.000    25.000 r  
    K17                                               0.000    25.000 r  clk_sys (IN)
                         net (fo=0)                   0.000    25.000    i_xlnx_clk_gen/inst/clk_in1
    K17                  IBUF (Prop_ibuf_I_O)         1.404    26.404 r  i_xlnx_clk_gen/inst/clkin1_ibufg/O
                         net (fo=1, routed)           1.162    27.566    i_xlnx_clk_gen/inst/clk_in1_xlnx_clk_gen
    MMCME2_ADV_X1Y2      MMCME2_ADV (Prop_mmcme2_adv_CLKIN1_CLKOUT0)
                                                     -7.814    19.752 r  i_xlnx_clk_gen/inst/mmcm_adv_inst/CLKOUT0
                         net (fo=1, routed)           2.012    21.764    i_xlnx_clk_gen/inst/clk_out1_xlnx_clk_gen
    BUFGCTRL_X0Y16       BUFG (Prop_bufg_I_O)         0.091    21.855 r  i_xlnx_clk_gen/inst/clkout1_buf/O
                         net (fo=14914, routed)       1.623    23.478    i_dmi_jtag/i_dmi_cdc/i_cdc_req/i_dst/clk_out1
    SLICE_X94Y8          FDCE                                         r  i_dmi_jtag/i_dmi_cdc/i_cdc_req/i_dst/data_dst_q_reg[data][31]/C
                         clock pessimism              0.000    23.478    
                         clock uncertainty           -0.604    22.875    
    SLICE_X94Y8          FDCE (Setup_fdce_C_D)       -0.205    22.670    i_dmi_jtag/i_dmi_cdc/i_cdc_req/i_dst/data_dst_q_reg[data][31]
  -------------------------------------------------------------------
                         required time                         22.670    
                         arrival time                          -8.099    
  -------------------------------------------------------------------
                         slack                                 14.571    

Slack (MET) :             14.578ns  (required time - arrival time)
  Source:                 i_dmi_jtag/i_dmi_cdc/i_cdc_req/i_src/data_src_q_reg[data][9]/C
                            (rising edge-triggered cell FDCE clocked by tck  {rise@0.000ns fall@50.000ns period=100.000ns})
  Destination:            i_dmi_jtag/i_dmi_cdc/i_cdc_req/i_dst/data_dst_q_reg[data][9]/D
                            (rising edge-triggered cell FDCE clocked by clk_out1_xlnx_clk_gen  {rise@0.000ns fall@12.500ns period=25.000ns})
  Path Group:             clk_out1_xlnx_clk_gen
  Path Type:              Setup (Max at Slow Process Corner)
  Requirement:            25.000ns  (clk_out1_xlnx_clk_gen rise@25.000ns - tck rise@0.000ns)
  Data Path Delay:        1.175ns  (logic 0.518ns (44.103%)  route 0.657ns (55.897%))
  Logic Levels:           0  
  Clock Path Skew:        -8.582ns (DCD - SCD + CPR)
    Destination Clock Delay (DCD):    -1.521ns = ( 23.479 - 25.000 ) 
    Source Clock Delay      (SCD):    7.061ns
    Clock Pessimism Removal (CPR):    0.000ns
  Clock Uncertainty:      0.604ns  ((TSJ^2 + TIJ^2 + DJ^2)^1/2) / 2 + PE
    Total System Jitter     (TSJ):    0.071ns
    Total Input Jitter      (TIJ):    1.000ns
    Discrete Jitter          (DJ):    0.149ns
    Phase Error              (PE):    0.097ns
  Clock Domain Crossing:  Inter clock paths are considered valid unless explicitly excluded by timing constraints such as set_clock_groups or set_false_path.

    Location             Delay type                Incr(ns)  Path(ns)    Netlist Resource(s)
  -------------------------------------------------------------------    -------------------
                         (clock tck rise edge)        0.000     0.000 r  
    H15                                               0.000     0.000 r  tck (IN)
                         net (fo=0)                   0.000     0.000    tck
    H15                  IBUF (Prop_ibuf_I_O)         1.500     1.500 r  tck_IBUF_inst/O
                         net (fo=1, routed)           3.659     5.159    tck_IBUF
    BUFGCTRL_X0Y0        BUFG (Prop_bufg_I_O)         0.101     5.260 r  tck_IBUF_BUFG_inst/O
                         net (fo=258, routed)         1.801     7.061    i_dmi_jtag/i_dmi_cdc/i_cdc_req/i_src/CLK
    SLICE_X102Y2         FDCE                                         r  i_dmi_jtag/i_dmi_cdc/i_cdc_req/i_src/data_src_q_reg[data][9]/C
  -------------------------------------------------------------------    -------------------
    SLICE_X102Y2         FDCE (Prop_fdce_C_Q)         0.518     7.579 r  i_dmi_jtag/i_dmi_cdc/i_cdc_req/i_src/data_src_q_reg[data][9]/Q
                         net (fo=1, routed)           0.657     8.236    i_dmi_jtag/i_dmi_cdc/i_cdc_req/i_dst/data_dst_q_reg[data][31]_3[9]
    SLICE_X97Y3          FDCE                                         r  i_dmi_jtag/i_dmi_cdc/i_cdc_req/i_dst/data_dst_q_reg[data][9]/D
  -------------------------------------------------------------------    -------------------

                         (clock clk_out1_xlnx_clk_gen rise edge)
                                                     25.000    25.000 r  
    K17                                               0.000    25.000 r  clk_sys (IN)
                         net (fo=0)                   0.000    25.000    i_xlnx_clk_gen/inst/clk_in1
    K17                  IBUF (Prop_ibuf_I_O)         1.404    26.404 r  i_xlnx_clk_gen/inst/clkin1_ibufg/O
                         net (fo=1, routed)           1.162    27.566    i_xlnx_clk_gen/inst/clk_in1_xlnx_clk_gen
    MMCME2_ADV_X1Y2      MMCME2_ADV (Prop_mmcme2_adv_CLKIN1_CLKOUT0)
                                                     -7.814    19.752 r  i_xlnx_clk_gen/inst/mmcm_adv_inst/CLKOUT0
                         net (fo=1, routed)           2.012    21.764    i_xlnx_clk_gen/inst/clk_out1_xlnx_clk_gen
    BUFGCTRL_X0Y16       BUFG (Prop_bufg_I_O)         0.091    21.855 r  i_xlnx_clk_gen/inst/clkout1_buf/O
                         net (fo=14914, routed)       1.624    23.479    i_dmi_jtag/i_dmi_cdc/i_cdc_req/i_dst/clk_out1
    SLICE_X97Y3          FDCE                                         r  i_dmi_jtag/i_dmi_cdc/i_cdc_req/i_dst/data_dst_q_reg[data][9]/C
                         clock pessimism              0.000    23.479    
                         clock uncertainty           -0.604    22.876    
    SLICE_X97Y3          FDCE (Setup_fdce_C_D)       -0.062    22.814    i_dmi_jtag/i_dmi_cdc/i_cdc_req/i_dst/data_dst_q_reg[data][9]
  -------------------------------------------------------------------
                         required time                         22.814    
                         arrival time                          -8.236    
  -------------------------------------------------------------------
                         slack                                 14.578    

Slack (MET) :             14.578ns  (required time - arrival time)
  Source:                 i_dmi_jtag/i_dmi_cdc/i_cdc_req/i_src/data_src_q_reg[data][19]/C
                            (rising edge-triggered cell FDCE clocked by tck  {rise@0.000ns fall@50.000ns period=100.000ns})
  Destination:            i_dmi_jtag/i_dmi_cdc/i_cdc_req/i_dst/data_dst_q_reg[data][19]/D
                            (rising edge-triggered cell FDCE clocked by clk_out1_xlnx_clk_gen  {rise@0.000ns fall@12.500ns period=25.000ns})
  Path Group:             clk_out1_xlnx_clk_gen
  Path Type:              Setup (Max at Slow Process Corner)
  Requirement:            25.000ns  (clk_out1_xlnx_clk_gen rise@25.000ns - tck rise@0.000ns)
  Data Path Delay:        1.009ns  (logic 0.478ns (47.363%)  route 0.531ns (52.637%))
  Logic Levels:           0  
  Clock Path Skew:        -8.580ns (DCD - SCD + CPR)
    Destination Clock Delay (DCD):    -1.521ns = ( 23.479 - 25.000 ) 
    Source Clock Delay      (SCD):    7.059ns
    Clock Pessimism Removal (CPR):    0.000ns
  Clock Uncertainty:      0.604ns  ((TSJ^2 + TIJ^2 + DJ^2)^1/2) / 2 + PE
    Total System Jitter     (TSJ):    0.071ns
    Total Input Jitter      (TIJ):    1.000ns
    Discrete Jitter          (DJ):    0.149ns
    Phase Error              (PE):    0.097ns
  Clock Domain Crossing:  Inter clock paths are considered valid unless explicitly excluded by timing constraints such as set_clock_groups or set_false_path.

    Location             Delay type                Incr(ns)  Path(ns)    Netlist Resource(s)
  -------------------------------------------------------------------    -------------------
                         (clock tck rise edge)        0.000     0.000 r  
    H15                                               0.000     0.000 r  tck (IN)
                         net (fo=0)                   0.000     0.000    tck
    H15                  IBUF (Prop_ibuf_I_O)         1.500     1.500 r  tck_IBUF_inst/O
                         net (fo=1, routed)           3.659     5.159    tck_IBUF
    BUFGCTRL_X0Y0        BUFG (Prop_bufg_I_O)         0.101     5.260 r  tck_IBUF_BUFG_inst/O
                         net (fo=258, routed)         1.799     7.059    i_dmi_jtag/i_dmi_cdc/i_cdc_req/i_src/CLK
    SLICE_X98Y3          FDCE                                         r  i_dmi_jtag/i_dmi_cdc/i_cdc_req/i_src/data_src_q_reg[data][19]/C
  -------------------------------------------------------------------    -------------------
    SLICE_X98Y3          FDCE (Prop_fdce_C_Q)         0.478     7.537 r  i_dmi_jtag/i_dmi_cdc/i_cdc_req/i_src/data_src_q_reg[data][19]/Q
                         net (fo=1, routed)           0.531     8.069    i_dmi_jtag/i_dmi_cdc/i_cdc_req/i_dst/data_dst_q_reg[data][31]_3[19]
    SLICE_X97Y3          FDCE                                         r  i_dmi_jtag/i_dmi_cdc/i_cdc_req/i_dst/data_dst_q_reg[data][19]/D
  -------------------------------------------------------------------    -------------------

                         (clock clk_out1_xlnx_clk_gen rise edge)
                                                     25.000    25.000 r  
    K17                                               0.000    25.000 r  clk_sys (IN)
                         net (fo=0)                   0.000    25.000    i_xlnx_clk_gen/inst/clk_in1
    K17                  IBUF (Prop_ibuf_I_O)         1.404    26.404 r  i_xlnx_clk_gen/inst/clkin1_ibufg/O
                         net (fo=1, routed)           1.162    27.566    i_xlnx_clk_gen/inst/clk_in1_xlnx_clk_gen
    MMCME2_ADV_X1Y2      MMCME2_ADV (Prop_mmcme2_adv_CLKIN1_CLKOUT0)
                                                     -7.814    19.752 r  i_xlnx_clk_gen/inst/mmcm_adv_inst/CLKOUT0
                         net (fo=1, routed)           2.012    21.764    i_xlnx_clk_gen/inst/clk_out1_xlnx_clk_gen
    BUFGCTRL_X0Y16       BUFG (Prop_bufg_I_O)         0.091    21.855 r  i_xlnx_clk_gen/inst/clkout1_buf/O
                         net (fo=14914, routed)       1.624    23.479    i_dmi_jtag/i_dmi_cdc/i_cdc_req/i_dst/clk_out1
    SLICE_X97Y3          FDCE                                         r  i_dmi_jtag/i_dmi_cdc/i_cdc_req/i_dst/data_dst_q_reg[data][19]/C
                         clock pessimism              0.000    23.479    
                         clock uncertainty           -0.604    22.876    
    SLICE_X97Y3          FDCE (Setup_fdce_C_D)       -0.229    22.647    i_dmi_jtag/i_dmi_cdc/i_cdc_req/i_dst/data_dst_q_reg[data][19]
  -------------------------------------------------------------------
                         required time                         22.647    
                         arrival time                          -8.069    
  -------------------------------------------------------------------
                         slack                                 14.578    

Slack (MET) :             14.608ns  (required time - arrival time)
  Source:                 i_dmi_jtag/i_dmi_cdc/i_cdc_req/i_src/data_src_q_reg[data][8]/C
                            (rising edge-triggered cell FDCE clocked by tck  {rise@0.000ns fall@50.000ns period=100.000ns})
  Destination:            i_dmi_jtag/i_dmi_cdc/i_cdc_req/i_dst/data_dst_q_reg[data][8]/D
                            (rising edge-triggered cell FDCE clocked by clk_out1_xlnx_clk_gen  {rise@0.000ns fall@12.500ns period=25.000ns})
  Path Group:             clk_out1_xlnx_clk_gen
  Path Type:              Setup (Max at Slow Process Corner)
  Requirement:            25.000ns  (clk_out1_xlnx_clk_gen rise@25.000ns - tck rise@0.000ns)
  Data Path Delay:        1.159ns  (logic 0.518ns (44.684%)  route 0.641ns (55.316%))
  Logic Levels:           0  
  Clock Path Skew:        -8.582ns (DCD - SCD + CPR)
    Destination Clock Delay (DCD):    -1.521ns = ( 23.479 - 25.000 ) 
    Source Clock Delay      (SCD):    7.061ns
    Clock Pessimism Removal (CPR):    0.000ns
  Clock Uncertainty:      0.604ns  ((TSJ^2 + TIJ^2 + DJ^2)^1/2) / 2 + PE
    Total System Jitter     (TSJ):    0.071ns
    Total Input Jitter      (TIJ):    1.000ns
    Discrete Jitter          (DJ):    0.149ns
    Phase Error              (PE):    0.097ns
  Clock Domain Crossing:  Inter clock paths are considered valid unless explicitly excluded by timing constraints such as set_clock_groups or set_false_path.

    Location             Delay type                Incr(ns)  Path(ns)    Netlist Resource(s)
  -------------------------------------------------------------------    -------------------
                         (clock tck rise edge)        0.000     0.000 r  
    H15                                               0.000     0.000 r  tck (IN)
                         net (fo=0)                   0.000     0.000    tck
    H15                  IBUF (Prop_ibuf_I_O)         1.500     1.500 r  tck_IBUF_inst/O
                         net (fo=1, routed)           3.659     5.159    tck_IBUF
    BUFGCTRL_X0Y0        BUFG (Prop_bufg_I_O)         0.101     5.260 r  tck_IBUF_BUFG_inst/O
                         net (fo=258, routed)         1.801     7.061    i_dmi_jtag/i_dmi_cdc/i_cdc_req/i_src/CLK
    SLICE_X102Y2         FDCE                                         r  i_dmi_jtag/i_dmi_cdc/i_cdc_req/i_src/data_src_q_reg[data][8]/C
  -------------------------------------------------------------------    -------------------
    SLICE_X102Y2         FDCE (Prop_fdce_C_Q)         0.518     7.579 r  i_dmi_jtag/i_dmi_cdc/i_cdc_req/i_src/data_src_q_reg[data][8]/Q
                         net (fo=1, routed)           0.641     8.221    i_dmi_jtag/i_dmi_cdc/i_cdc_req/i_dst/data_dst_q_reg[data][31]_3[8]
    SLICE_X97Y3          FDCE                                         r  i_dmi_jtag/i_dmi_cdc/i_cdc_req/i_dst/data_dst_q_reg[data][8]/D
  -------------------------------------------------------------------    -------------------

                         (clock clk_out1_xlnx_clk_gen rise edge)
                                                     25.000    25.000 r  
    K17                                               0.000    25.000 r  clk_sys (IN)
                         net (fo=0)                   0.000    25.000    i_xlnx_clk_gen/inst/clk_in1
    K17                  IBUF (Prop_ibuf_I_O)         1.404    26.404 r  i_xlnx_clk_gen/inst/clkin1_ibufg/O
                         net (fo=1, routed)           1.162    27.566    i_xlnx_clk_gen/inst/clk_in1_xlnx_clk_gen
    MMCME2_ADV_X1Y2      MMCME2_ADV (Prop_mmcme2_adv_CLKIN1_CLKOUT0)
                                                     -7.814    19.752 r  i_xlnx_clk_gen/inst/mmcm_adv_inst/CLKOUT0
                         net (fo=1, routed)           2.012    21.764    i_xlnx_clk_gen/inst/clk_out1_xlnx_clk_gen
    BUFGCTRL_X0Y16       BUFG (Prop_bufg_I_O)         0.091    21.855 r  i_xlnx_clk_gen/inst/clkout1_buf/O
                         net (fo=14914, routed)       1.624    23.479    i_dmi_jtag/i_dmi_cdc/i_cdc_req/i_dst/clk_out1
    SLICE_X97Y3          FDCE                                         r  i_dmi_jtag/i_dmi_cdc/i_cdc_req/i_dst/data_dst_q_reg[data][8]/C
                         clock pessimism              0.000    23.479    
                         clock uncertainty           -0.604    22.876    
    SLICE_X97Y3          FDCE (Setup_fdce_C_D)       -0.047    22.829    i_dmi_jtag/i_dmi_cdc/i_cdc_req/i_dst/data_dst_q_reg[data][8]
  -------------------------------------------------------------------
                         required time                         22.829    
                         arrival time                          -8.221    
  -------------------------------------------------------------------
                         slack                                 14.608    

Slack (MET) :             14.613ns  (required time - arrival time)
  Source:                 i_dmi_jtag/i_dmi_cdc/i_cdc_req/i_src/data_src_q_reg[data][10]/C
                            (rising edge-triggered cell FDCE clocked by tck  {rise@0.000ns fall@50.000ns period=100.000ns})
  Destination:            i_dmi_jtag/i_dmi_cdc/i_cdc_req/i_dst/data_dst_q_reg[data][10]/D
                            (rising edge-triggered cell FDCE clocked by clk_out1_xlnx_clk_gen  {rise@0.000ns fall@12.500ns period=25.000ns})
  Path Group:             clk_out1_xlnx_clk_gen
  Path Type:              Setup (Max at Slow Process Corner)
  Requirement:            25.000ns  (clk_out1_xlnx_clk_gen rise@25.000ns - tck rise@0.000ns)
  Data Path Delay:        1.101ns  (logic 0.518ns (47.061%)  route 0.583ns (52.939%))
  Logic Levels:           0  
  Clock Path Skew:        -8.580ns (DCD - SCD + CPR)
    Destination Clock Delay (DCD):    -1.521ns = ( 23.479 - 25.000 ) 
    Source Clock Delay      (SCD):    7.059ns
    Clock Pessimism Removal (CPR):    0.000ns
  Clock Uncertainty:      0.604ns  ((TSJ^2 + TIJ^2 + DJ^2)^1/2) / 2 + PE
    Total System Jitter     (TSJ):    0.071ns
    Total Input Jitter      (TIJ):    1.000ns
    Discrete Jitter          (DJ):    0.149ns
    Phase Error              (PE):    0.097ns
  Clock Domain Crossing:  Inter clock paths are considered valid unless explicitly excluded by timing constraints such as set_clock_groups or set_false_path.

    Location             Delay type                Incr(ns)  Path(ns)    Netlist Resource(s)
  -------------------------------------------------------------------    -------------------
                         (clock tck rise edge)        0.000     0.000 r  
    H15                                               0.000     0.000 r  tck (IN)
                         net (fo=0)                   0.000     0.000    tck
    H15                  IBUF (Prop_ibuf_I_O)         1.500     1.500 r  tck_IBUF_inst/O
                         net (fo=1, routed)           3.659     5.159    tck_IBUF
    BUFGCTRL_X0Y0        BUFG (Prop_bufg_I_O)         0.101     5.260 r  tck_IBUF_BUFG_inst/O
                         net (fo=258, routed)         1.799     7.059    i_dmi_jtag/i_dmi_cdc/i_cdc_req/i_src/CLK
    SLICE_X98Y3          FDCE                                         r  i_dmi_jtag/i_dmi_cdc/i_cdc_req/i_src/data_src_q_reg[data][10]/C
  -------------------------------------------------------------------    -------------------
    SLICE_X98Y3          FDCE (Prop_fdce_C_Q)         0.518     7.577 r  i_dmi_jtag/i_dmi_cdc/i_cdc_req/i_src/data_src_q_reg[data][10]/Q
                         net (fo=1, routed)           0.583     8.160    i_dmi_jtag/i_dmi_cdc/i_cdc_req/i_dst/data_dst_q_reg[data][31]_3[10]
    SLICE_X97Y3          FDCE                                         r  i_dmi_jtag/i_dmi_cdc/i_cdc_req/i_dst/data_dst_q_reg[data][10]/D
  -------------------------------------------------------------------    -------------------

                         (clock clk_out1_xlnx_clk_gen rise edge)
                                                     25.000    25.000 r  
    K17                                               0.000    25.000 r  clk_sys (IN)
                         net (fo=0)                   0.000    25.000    i_xlnx_clk_gen/inst/clk_in1
    K17                  IBUF (Prop_ibuf_I_O)         1.404    26.404 r  i_xlnx_clk_gen/inst/clkin1_ibufg/O
                         net (fo=1, routed)           1.162    27.566    i_xlnx_clk_gen/inst/clk_in1_xlnx_clk_gen
    MMCME2_ADV_X1Y2      MMCME2_ADV (Prop_mmcme2_adv_CLKIN1_CLKOUT0)
                                                     -7.814    19.752 r  i_xlnx_clk_gen/inst/mmcm_adv_inst/CLKOUT0
                         net (fo=1, routed)           2.012    21.764    i_xlnx_clk_gen/inst/clk_out1_xlnx_clk_gen
    BUFGCTRL_X0Y16       BUFG (Prop_bufg_I_O)         0.091    21.855 r  i_xlnx_clk_gen/inst/clkout1_buf/O
                         net (fo=14914, routed)       1.624    23.479    i_dmi_jtag/i_dmi_cdc/i_cdc_req/i_dst/clk_out1
    SLICE_X97Y3          FDCE                                         r  i_dmi_jtag/i_dmi_cdc/i_cdc_req/i_dst/data_dst_q_reg[data][10]/C
                         clock pessimism              0.000    23.479    
                         clock uncertainty           -0.604    22.876    
    SLICE_X97Y3          FDCE (Setup_fdce_C_D)       -0.103    22.773    i_dmi_jtag/i_dmi_cdc/i_cdc_req/i_dst/data_dst_q_reg[data][10]
  -------------------------------------------------------------------
                         required time                         22.773    
                         arrival time                          -8.160    
  -------------------------------------------------------------------
                         slack                                 14.613    

Slack (MET) :             14.616ns  (required time - arrival time)
  Source:                 i_dmi_jtag/i_dmi_cdc/i_cdc_req/i_src/data_src_q_reg[data][7]/C
                            (rising edge-triggered cell FDCE clocked by tck  {rise@0.000ns fall@50.000ns period=100.000ns})
  Destination:            i_dmi_jtag/i_dmi_cdc/i_cdc_req/i_dst/data_dst_q_reg[data][7]/D
                            (rising edge-triggered cell FDCE clocked by clk_out1_xlnx_clk_gen  {rise@0.000ns fall@12.500ns period=25.000ns})
  Path Group:             clk_out1_xlnx_clk_gen
  Path Type:              Setup (Max at Slow Process Corner)
  Requirement:            25.000ns  (clk_out1_xlnx_clk_gen rise@25.000ns - tck rise@0.000ns)
  Data Path Delay:        1.000ns  (logic 0.478ns (47.792%)  route 0.522ns (52.208%))
  Logic Levels:           0  
  Clock Path Skew:        -8.581ns (DCD - SCD + CPR)
    Destination Clock Delay (DCD):    -1.520ns = ( 23.480 - 25.000 ) 
    Source Clock Delay      (SCD):    7.061ns
    Clock Pessimism Removal (CPR):    0.000ns
  Clock Uncertainty:      0.604ns  ((TSJ^2 + TIJ^2 + DJ^2)^1/2) / 2 + PE
    Total System Jitter     (TSJ):    0.071ns
    Total Input Jitter      (TIJ):    1.000ns
    Discrete Jitter          (DJ):    0.149ns
    Phase Error              (PE):    0.097ns
  Clock Domain Crossing:  Inter clock paths are considered valid unless explicitly excluded by timing constraints such as set_clock_groups or set_false_path.

    Location             Delay type                Incr(ns)  Path(ns)    Netlist Resource(s)
  -------------------------------------------------------------------    -------------------
                         (clock tck rise edge)        0.000     0.000 r  
    H15                                               0.000     0.000 r  tck (IN)
                         net (fo=0)                   0.000     0.000    tck
    H15                  IBUF (Prop_ibuf_I_O)         1.500     1.500 r  tck_IBUF_inst/O
                         net (fo=1, routed)           3.659     5.159    tck_IBUF
    BUFGCTRL_X0Y0        BUFG (Prop_bufg_I_O)         0.101     5.260 r  tck_IBUF_BUFG_inst/O
                         net (fo=258, routed)         1.801     7.061    i_dmi_jtag/i_dmi_cdc/i_cdc_req/i_src/CLK
    SLICE_X102Y2         FDCE                                         r  i_dmi_jtag/i_dmi_cdc/i_cdc_req/i_src/data_src_q_reg[data][7]/C
  -------------------------------------------------------------------    -------------------
    SLICE_X102Y2         FDCE (Prop_fdce_C_Q)         0.478     7.539 r  i_dmi_jtag/i_dmi_cdc/i_cdc_req/i_src/data_src_q_reg[data][7]/Q
                         net (fo=1, routed)           0.522     8.062    i_dmi_jtag/i_dmi_cdc/i_cdc_req/i_dst/data_dst_q_reg[data][31]_3[7]
    SLICE_X94Y2          FDCE                                         r  i_dmi_jtag/i_dmi_cdc/i_cdc_req/i_dst/data_dst_q_reg[data][7]/D
  -------------------------------------------------------------------    -------------------

                         (clock clk_out1_xlnx_clk_gen rise edge)
                                                     25.000    25.000 r  
    K17                                               0.000    25.000 r  clk_sys (IN)
                         net (fo=0)                   0.000    25.000    i_xlnx_clk_gen/inst/clk_in1
    K17                  IBUF (Prop_ibuf_I_O)         1.404    26.404 r  i_xlnx_clk_gen/inst/clkin1_ibufg/O
                         net (fo=1, routed)           1.162    27.566    i_xlnx_clk_gen/inst/clk_in1_xlnx_clk_gen
    MMCME2_ADV_X1Y2      MMCME2_ADV (Prop_mmcme2_adv_CLKIN1_CLKOUT0)
                                                     -7.814    19.752 r  i_xlnx_clk_gen/inst/mmcm_adv_inst/CLKOUT0
                         net (fo=1, routed)           2.012    21.764    i_xlnx_clk_gen/inst/clk_out1_xlnx_clk_gen
    BUFGCTRL_X0Y16       BUFG (Prop_bufg_I_O)         0.091    21.855 r  i_xlnx_clk_gen/inst/clkout1_buf/O
                         net (fo=14914, routed)       1.625    23.480    i_dmi_jtag/i_dmi_cdc/i_cdc_req/i_dst/clk_out1
    SLICE_X94Y2          FDCE                                         r  i_dmi_jtag/i_dmi_cdc/i_cdc_req/i_dst/data_dst_q_reg[data][7]/C
                         clock pessimism              0.000    23.480    
                         clock uncertainty           -0.604    22.877    
    SLICE_X94Y2          FDCE (Setup_fdce_C_D)       -0.199    22.678    i_dmi_jtag/i_dmi_cdc/i_cdc_req/i_dst/data_dst_q_reg[data][7]
  -------------------------------------------------------------------
                         required time                         22.678    
                         arrival time                          -8.062    
  -------------------------------------------------------------------
                         slack                                 14.616    

Slack (MET) :             14.635ns  (required time - arrival time)
  Source:                 i_dmi_jtag/i_dmi_cdc/i_cdc_req/i_src/data_src_q_reg[data][25]/C
                            (rising edge-triggered cell FDCE clocked by tck  {rise@0.000ns fall@50.000ns period=100.000ns})
  Destination:            i_dmi_jtag/i_dmi_cdc/i_cdc_req/i_dst/data_dst_q_reg[data][25]/D
                            (rising edge-triggered cell FDCE clocked by clk_out1_xlnx_clk_gen  {rise@0.000ns fall@12.500ns period=25.000ns})
  Path Group:             clk_out1_xlnx_clk_gen
  Path Type:              Setup (Max at Slow Process Corner)
  Requirement:            25.000ns  (clk_out1_xlnx_clk_gen rise@25.000ns - tck rise@0.000ns)
  Data Path Delay:        1.122ns  (logic 0.456ns (40.627%)  route 0.666ns (59.373%))
  Logic Levels:           0  
  Clock Path Skew:        -8.580ns (DCD - SCD + CPR)
    Destination Clock Delay (DCD):    -1.522ns = ( 23.478 - 25.000 ) 
    Source Clock Delay      (SCD):    7.058ns
    Clock Pessimism Removal (CPR):    0.000ns
  Clock Uncertainty:      0.604ns  ((TSJ^2 + TIJ^2 + DJ^2)^1/2) / 2 + PE
    Total System Jitter     (TSJ):    0.071ns
    Total Input Jitter      (TIJ):    1.000ns
    Discrete Jitter          (DJ):    0.149ns
    Phase Error              (PE):    0.097ns
  Clock Domain Crossing:  Inter clock paths are considered valid unless explicitly excluded by timing constraints such as set_clock_groups or set_false_path.

    Location             Delay type                Incr(ns)  Path(ns)    Netlist Resource(s)
  -------------------------------------------------------------------    -------------------
                         (clock tck rise edge)        0.000     0.000 r  
    H15                                               0.000     0.000 r  tck (IN)
                         net (fo=0)                   0.000     0.000    tck
    H15                  IBUF (Prop_ibuf_I_O)         1.500     1.500 r  tck_IBUF_inst/O
                         net (fo=1, routed)           3.659     5.159    tck_IBUF
    BUFGCTRL_X0Y0        BUFG (Prop_bufg_I_O)         0.101     5.260 r  tck_IBUF_BUFG_inst/O
                         net (fo=258, routed)         1.798     7.058    i_dmi_jtag/i_dmi_cdc/i_cdc_req/i_src/CLK
    SLICE_X97Y7          FDCE                                         r  i_dmi_jtag/i_dmi_cdc/i_cdc_req/i_src/data_src_q_reg[data][25]/C
  -------------------------------------------------------------------    -------------------
    SLICE_X97Y7          FDCE (Prop_fdce_C_Q)         0.456     7.514 r  i_dmi_jtag/i_dmi_cdc/i_cdc_req/i_src/data_src_q_reg[data][25]/Q
                         net (fo=1, routed)           0.666     8.181    i_dmi_jtag/i_dmi_cdc/i_cdc_req/i_dst/data_dst_q_reg[data][31]_3[25]
    SLICE_X94Y8          FDCE                                         r  i_dmi_jtag/i_dmi_cdc/i_cdc_req/i_dst/data_dst_q_reg[data][25]/D
  -------------------------------------------------------------------    -------------------

                         (clock clk_out1_xlnx_clk_gen rise edge)
                                                     25.000    25.000 r  
    K17                                               0.000    25.000 r  clk_sys (IN)
                         net (fo=0)                   0.000    25.000    i_xlnx_clk_gen/inst/clk_in1
    K17                  IBUF (Prop_ibuf_I_O)         1.404    26.404 r  i_xlnx_clk_gen/inst/clkin1_ibufg/O
                         net (fo=1, routed)           1.162    27.566    i_xlnx_clk_gen/inst/clk_in1_xlnx_clk_gen
    MMCME2_ADV_X1Y2      MMCME2_ADV (Prop_mmcme2_adv_CLKIN1_CLKOUT0)
                                                     -7.814    19.752 r  i_xlnx_clk_gen/inst/mmcm_adv_inst/CLKOUT0
                         net (fo=1, routed)           2.012    21.764    i_xlnx_clk_gen/inst/clk_out1_xlnx_clk_gen
    BUFGCTRL_X0Y16       BUFG (Prop_bufg_I_O)         0.091    21.855 r  i_xlnx_clk_gen/inst/clkout1_buf/O
                         net (fo=14914, routed)       1.623    23.478    i_dmi_jtag/i_dmi_cdc/i_cdc_req/i_dst/clk_out1
    SLICE_X94Y8          FDCE                                         r  i_dmi_jtag/i_dmi_cdc/i_cdc_req/i_dst/data_dst_q_reg[data][25]/C
                         clock pessimism              0.000    23.478    
                         clock uncertainty           -0.604    22.875    
    SLICE_X94Y8          FDCE (Setup_fdce_C_D)       -0.059    22.816    i_dmi_jtag/i_dmi_cdc/i_cdc_req/i_dst/data_dst_q_reg[data][25]
  -------------------------------------------------------------------
                         required time                         22.816    
                         arrival time                          -8.181    
  -------------------------------------------------------------------
                         slack                                 14.635    





Min Delay Paths
--------------------------------------------------------------------------------------
Slack (MET) :             2.812ns  (arrival time - required time)
  Source:                 i_dmi_jtag/i_dmi_cdc/i_cdc_req/i_src/data_src_q_reg[data][22]/C
                            (rising edge-triggered cell FDCE clocked by tck  {rise@0.000ns fall@50.000ns period=100.000ns})
  Destination:            i_dmi_jtag/i_dmi_cdc/i_cdc_req/i_dst/data_dst_q_reg[data][22]/D
                            (rising edge-triggered cell FDCE clocked by clk_out1_xlnx_clk_gen  {rise@0.000ns fall@12.500ns period=25.000ns})
  Path Group:             clk_out1_xlnx_clk_gen
  Path Type:              Hold (Min at Fast Process Corner)
  Requirement:            0.000ns  (clk_out1_xlnx_clk_gen rise@0.000ns - tck rise@0.000ns)
  Data Path Delay:        0.238ns  (logic 0.141ns (59.201%)  route 0.097ns (40.799%))
  Logic Levels:           0  
  Clock Path Skew:        -3.253ns (DCD - SCD - CPR)
    Destination Clock Delay (DCD):    -0.832ns
    Source Clock Delay      (SCD):    2.421ns
    Clock Pessimism Removal (CPR):    -0.000ns
  Clock Uncertainty:      0.604ns  ((TSJ^2 + TIJ^2 + DJ^2)^1/2) / 2 + PE
    Total System Jitter     (TSJ):    0.071ns
    Total Input Jitter      (TIJ):    1.000ns
    Discrete Jitter          (DJ):    0.149ns
    Phase Error              (PE):    0.097ns
  Clock Domain Crossing:  Inter clock paths are considered valid unless explicitly excluded by timing constraints such as set_clock_groups or set_false_path.

    Location             Delay type                Incr(ns)  Path(ns)    Netlist Resource(s)
  -------------------------------------------------------------------    -------------------
                         (clock tck rise edge)        0.000     0.000 r  
    H15                                               0.000     0.000 r  tck (IN)
                         net (fo=0)                   0.000     0.000    tck
    H15                  IBUF (Prop_ibuf_I_O)         0.268     0.268 r  tck_IBUF_inst/O
                         net (fo=1, routed)           1.516     1.784    tck_IBUF
    BUFGCTRL_X0Y0        BUFG (Prop_bufg_I_O)         0.026     1.810 r  tck_IBUF_BUFG_inst/O
                         net (fo=258, routed)         0.611     2.421    i_dmi_jtag/i_dmi_cdc/i_cdc_req/i_src/CLK
    SLICE_X97Y4          FDCE                                         r  i_dmi_jtag/i_dmi_cdc/i_cdc_req/i_src/data_src_q_reg[data][22]/C
  -------------------------------------------------------------------    -------------------
    SLICE_X97Y4          FDCE (Prop_fdce_C_Q)         0.141     2.562 r  i_dmi_jtag/i_dmi_cdc/i_cdc_req/i_src/data_src_q_reg[data][22]/Q
                         net (fo=1, routed)           0.097     2.659    i_dmi_jtag/i_dmi_cdc/i_cdc_req/i_dst/data_dst_q_reg[data][31]_3[22]
    SLICE_X94Y4          FDCE                                         r  i_dmi_jtag/i_dmi_cdc/i_cdc_req/i_dst/data_dst_q_reg[data][22]/D
  -------------------------------------------------------------------    -------------------

                         (clock clk_out1_xlnx_clk_gen rise edge)
                                                      0.000     0.000 r  
    K17                                               0.000     0.000 r  clk_sys (IN)
                         net (fo=0)                   0.000     0.000    i_xlnx_clk_gen/inst/clk_in1
    K17                  IBUF (Prop_ibuf_I_O)         0.431     0.431 r  i_xlnx_clk_gen/inst/clkin1_ibufg/O
                         net (fo=1, routed)           0.480     0.911    i_xlnx_clk_gen/inst/clk_in1_xlnx_clk_gen
    MMCME2_ADV_X1Y2      MMCME2_ADV (Prop_mmcme2_adv_CLKIN1_CLKOUT0)
                                                     -3.407    -2.496 r  i_xlnx_clk_gen/inst/mmcm_adv_inst/CLKOUT0
                         net (fo=1, routed)           0.752    -1.744    i_xlnx_clk_gen/inst/clk_out1_xlnx_clk_gen
    BUFGCTRL_X0Y16       BUFG (Prop_bufg_I_O)         0.029    -1.715 r  i_xlnx_clk_gen/inst/clkout1_buf/O
                         net (fo=14914, routed)       0.883    -0.832    i_dmi_jtag/i_dmi_cdc/i_cdc_req/i_dst/clk_out1
    SLICE_X94Y4          FDCE                                         r  i_dmi_jtag/i_dmi_cdc/i_cdc_req/i_dst/data_dst_q_reg[data][22]/C
                         clock pessimism              0.000    -0.832    
                         clock uncertainty            0.604    -0.229    
    SLICE_X94Y4          FDCE (Hold_fdce_C_D)         0.076    -0.153    i_dmi_jtag/i_dmi_cdc/i_cdc_req/i_dst/data_dst_q_reg[data][22]
  -------------------------------------------------------------------
                         required time                          0.153    
                         arrival time                           2.659    
  -------------------------------------------------------------------
                         slack                                  2.812    

Slack (MET) :             2.826ns  (arrival time - required time)
  Source:                 i_dmi_jtag/i_dmi_cdc/i_cdc_req/i_src/data_src_q_reg[data][13]/C
                            (rising edge-triggered cell FDCE clocked by tck  {rise@0.000ns fall@50.000ns period=100.000ns})
  Destination:            i_dmi_jtag/i_dmi_cdc/i_cdc_req/i_dst/data_dst_q_reg[data][13]/D
                            (rising edge-triggered cell FDCE clocked by clk_out1_xlnx_clk_gen  {rise@0.000ns fall@12.500ns period=25.000ns})
  Path Group:             clk_out1_xlnx_clk_gen
  Path Type:              Hold (Min at Fast Process Corner)
  Requirement:            0.000ns  (clk_out1_xlnx_clk_gen rise@0.000ns - tck rise@0.000ns)
  Data Path Delay:        0.242ns  (logic 0.141ns (58.263%)  route 0.101ns (41.737%))
  Logic Levels:           0  
  Clock Path Skew:        -3.253ns (DCD - SCD - CPR)
    Destination Clock Delay (DCD):    -0.831ns
    Source Clock Delay      (SCD):    2.422ns
    Clock Pessimism Removal (CPR):    -0.000ns
  Clock Uncertainty:      0.604ns  ((TSJ^2 + TIJ^2 + DJ^2)^1/2) / 2 + PE
    Total System Jitter     (TSJ):    0.071ns
    Total Input Jitter      (TIJ):    1.000ns
    Discrete Jitter          (DJ):    0.149ns
    Phase Error              (PE):    0.097ns
  Clock Domain Crossing:  Inter clock paths are considered valid unless explicitly excluded by timing constraints such as set_clock_groups or set_false_path.

    Location             Delay type                Incr(ns)  Path(ns)    Netlist Resource(s)
  -------------------------------------------------------------------    -------------------
                         (clock tck rise edge)        0.000     0.000 r  
    H15                                               0.000     0.000 r  tck (IN)
                         net (fo=0)                   0.000     0.000    tck
    H15                  IBUF (Prop_ibuf_I_O)         0.268     0.268 r  tck_IBUF_inst/O
                         net (fo=1, routed)           1.516     1.784    tck_IBUF
    BUFGCTRL_X0Y0        BUFG (Prop_bufg_I_O)         0.026     1.810 r  tck_IBUF_BUFG_inst/O
                         net (fo=258, routed)         0.612     2.422    i_dmi_jtag/i_dmi_cdc/i_cdc_req/i_src/CLK
    SLICE_X97Y1          FDCE                                         r  i_dmi_jtag/i_dmi_cdc/i_cdc_req/i_src/data_src_q_reg[data][13]/C
  -------------------------------------------------------------------    -------------------
    SLICE_X97Y1          FDCE (Prop_fdce_C_Q)         0.141     2.563 r  i_dmi_jtag/i_dmi_cdc/i_cdc_req/i_src/data_src_q_reg[data][13]/Q
                         net (fo=1, routed)           0.101     2.664    i_dmi_jtag/i_dmi_cdc/i_cdc_req/i_dst/data_dst_q_reg[data][31]_3[13]
    SLICE_X95Y1          FDCE                                         r  i_dmi_jtag/i_dmi_cdc/i_cdc_req/i_dst/data_dst_q_reg[data][13]/D
  -------------------------------------------------------------------    -------------------

                         (clock clk_out1_xlnx_clk_gen rise edge)
                                                      0.000     0.000 r  
    K17                                               0.000     0.000 r  clk_sys (IN)
                         net (fo=0)                   0.000     0.000    i_xlnx_clk_gen/inst/clk_in1
    K17                  IBUF (Prop_ibuf_I_O)         0.431     0.431 r  i_xlnx_clk_gen/inst/clkin1_ibufg/O
                         net (fo=1, routed)           0.480     0.911    i_xlnx_clk_gen/inst/clk_in1_xlnx_clk_gen
    MMCME2_ADV_X1Y2      MMCME2_ADV (Prop_mmcme2_adv_CLKIN1_CLKOUT0)
                                                     -3.407    -2.496 r  i_xlnx_clk_gen/inst/mmcm_adv_inst/CLKOUT0
                         net (fo=1, routed)           0.752    -1.744    i_xlnx_clk_gen/inst/clk_out1_xlnx_clk_gen
    BUFGCTRL_X0Y16       BUFG (Prop_bufg_I_O)         0.029    -1.715 r  i_xlnx_clk_gen/inst/clkout1_buf/O
                         net (fo=14914, routed)       0.884    -0.831    i_dmi_jtag/i_dmi_cdc/i_cdc_req/i_dst/clk_out1
    SLICE_X95Y1          FDCE                                         r  i_dmi_jtag/i_dmi_cdc/i_cdc_req/i_dst/data_dst_q_reg[data][13]/C
                         clock pessimism              0.000    -0.831    
                         clock uncertainty            0.604    -0.228    
    SLICE_X95Y1          FDCE (Hold_fdce_C_D)         0.066    -0.162    i_dmi_jtag/i_dmi_cdc/i_cdc_req/i_dst/data_dst_q_reg[data][13]
  -------------------------------------------------------------------
                         required time                          0.162    
                         arrival time                           2.664    
  -------------------------------------------------------------------
                         slack                                  2.826    

Slack (MET) :             2.830ns  (arrival time - required time)
  Source:                 i_dmi_jtag/i_dmi_cdc/i_cdc_req/i_src/data_src_q_reg[data][0]/C
                            (rising edge-triggered cell FDCE clocked by tck  {rise@0.000ns fall@50.000ns period=100.000ns})
  Destination:            i_dmi_jtag/i_dmi_cdc/i_cdc_req/i_dst/data_dst_q_reg[data][0]/D
                            (rising edge-triggered cell FDCE clocked by clk_out1_xlnx_clk_gen  {rise@0.000ns fall@12.500ns period=25.000ns})
  Path Group:             clk_out1_xlnx_clk_gen
  Path Type:              Hold (Min at Fast Process Corner)
  Requirement:            0.000ns  (clk_out1_xlnx_clk_gen rise@0.000ns - tck rise@0.000ns)
  Data Path Delay:        0.240ns  (logic 0.141ns (58.691%)  route 0.099ns (41.309%))
  Logic Levels:           0  
  Clock Path Skew:        -3.252ns (DCD - SCD - CPR)
    Destination Clock Delay (DCD):    -0.832ns
    Source Clock Delay      (SCD):    2.420ns
    Clock Pessimism Removal (CPR):    -0.000ns
  Clock Uncertainty:      0.604ns  ((TSJ^2 + TIJ^2 + DJ^2)^1/2) / 2 + PE
    Total System Jitter     (TSJ):    0.071ns
    Total Input Jitter      (TIJ):    1.000ns
    Discrete Jitter          (DJ):    0.149ns
    Phase Error              (PE):    0.097ns
  Clock Domain Crossing:  Inter clock paths are considered valid unless explicitly excluded by timing constraints such as set_clock_groups or set_false_path.

    Location             Delay type                Incr(ns)  Path(ns)    Netlist Resource(s)
  -------------------------------------------------------------------    -------------------
                         (clock tck rise edge)        0.000     0.000 r  
    H15                                               0.000     0.000 r  tck (IN)
                         net (fo=0)                   0.000     0.000    tck
    H15                  IBUF (Prop_ibuf_I_O)         0.268     0.268 r  tck_IBUF_inst/O
                         net (fo=1, routed)           1.516     1.784    tck_IBUF
    BUFGCTRL_X0Y0        BUFG (Prop_bufg_I_O)         0.026     1.810 r  tck_IBUF_BUFG_inst/O
                         net (fo=258, routed)         0.610     2.420    i_dmi_jtag/i_dmi_cdc/i_cdc_req/i_src/CLK
    SLICE_X97Y7          FDCE                                         r  i_dmi_jtag/i_dmi_cdc/i_cdc_req/i_src/data_src_q_reg[data][0]/C
  -------------------------------------------------------------------    -------------------
    SLICE_X97Y7          FDCE (Prop_fdce_C_Q)         0.141     2.561 r  i_dmi_jtag/i_dmi_cdc/i_cdc_req/i_src/data_src_q_reg[data][0]/Q
                         net (fo=1, routed)           0.099     2.660    i_dmi_jtag/i_dmi_cdc/i_cdc_req/i_dst/data_dst_q_reg[data][31]_3[0]
    SLICE_X94Y6          FDCE                                         r  i_dmi_jtag/i_dmi_cdc/i_cdc_req/i_dst/data_dst_q_reg[data][0]/D
  -------------------------------------------------------------------    -------------------

                         (clock clk_out1_xlnx_clk_gen rise edge)
                                                      0.000     0.000 r  
    K17                                               0.000     0.000 r  clk_sys (IN)
                         net (fo=0)                   0.000     0.000    i_xlnx_clk_gen/inst/clk_in1
    K17                  IBUF (Prop_ibuf_I_O)         0.431     0.431 r  i_xlnx_clk_gen/inst/clkin1_ibufg/O
                         net (fo=1, routed)           0.480     0.911    i_xlnx_clk_gen/inst/clk_in1_xlnx_clk_gen
    MMCME2_ADV_X1Y2      MMCME2_ADV (Prop_mmcme2_adv_CLKIN1_CLKOUT0)
                                                     -3.407    -2.496 r  i_xlnx_clk_gen/inst/mmcm_adv_inst/CLKOUT0
                         net (fo=1, routed)           0.752    -1.744    i_xlnx_clk_gen/inst/clk_out1_xlnx_clk_gen
    BUFGCTRL_X0Y16       BUFG (Prop_bufg_I_O)         0.029    -1.715 r  i_xlnx_clk_gen/inst/clkout1_buf/O
                         net (fo=14914, routed)       0.883    -0.832    i_dmi_jtag/i_dmi_cdc/i_cdc_req/i_dst/clk_out1
    SLICE_X94Y6          FDCE                                         r  i_dmi_jtag/i_dmi_cdc/i_cdc_req/i_dst/data_dst_q_reg[data][0]/C
                         clock pessimism              0.000    -0.832    
                         clock uncertainty            0.604    -0.229    
    SLICE_X94Y6          FDCE (Hold_fdce_C_D)         0.059    -0.170    i_dmi_jtag/i_dmi_cdc/i_cdc_req/i_dst/data_dst_q_reg[data][0]
  -------------------------------------------------------------------
                         required time                          0.170    
                         arrival time                           2.660    
  -------------------------------------------------------------------
                         slack                                  2.830    

Slack (MET) :             2.850ns  (arrival time - required time)
  Source:                 i_dmi_jtag/i_dmi_cdc/i_cdc_req/i_src/req_src_q_reg/C
                            (rising edge-triggered cell FDCE clocked by tck  {rise@0.000ns fall@50.000ns period=100.000ns})
  Destination:            i_dmi_jtag/i_dmi_cdc/i_cdc_req/i_dst/req_dst_q_reg/D
                            (rising edge-triggered cell FDCE clocked by clk_out1_xlnx_clk_gen  {rise@0.000ns fall@12.500ns period=25.000ns})
  Path Group:             clk_out1_xlnx_clk_gen
  Path Type:              Hold (Min at Fast Process Corner)
  Requirement:            0.000ns  (clk_out1_xlnx_clk_gen rise@0.000ns - tck rise@0.000ns)
  Data Path Delay:        0.257ns  (logic 0.164ns (63.762%)  route 0.093ns (36.238%))
  Logic Levels:           0  
  Clock Path Skew:        -3.253ns (DCD - SCD - CPR)
    Destination Clock Delay (DCD):    -0.830ns
    Source Clock Delay      (SCD):    2.423ns
    Clock Pessimism Removal (CPR):    -0.000ns
  Clock Uncertainty:      0.604ns  ((TSJ^2 + TIJ^2 + DJ^2)^1/2) / 2 + PE
    Total System Jitter     (TSJ):    0.071ns
    Total Input Jitter      (TIJ):    1.000ns
    Discrete Jitter          (DJ):    0.149ns
    Phase Error              (PE):    0.097ns
  Clock Domain Crossing:  Inter clock paths are considered valid unless explicitly excluded by timing constraints such as set_clock_groups or set_false_path.

    Location             Delay type                Incr(ns)  Path(ns)    Netlist Resource(s)
  -------------------------------------------------------------------    -------------------
                         (clock tck rise edge)        0.000     0.000 r  
    H15                                               0.000     0.000 r  tck (IN)
                         net (fo=0)                   0.000     0.000    tck
    H15                  IBUF (Prop_ibuf_I_O)         0.268     0.268 r  tck_IBUF_inst/O
                         net (fo=1, routed)           1.516     1.784    tck_IBUF
    BUFGCTRL_X0Y0        BUFG (Prop_bufg_I_O)         0.026     1.810 r  tck_IBUF_BUFG_inst/O
                         net (fo=258, routed)         0.613     2.423    i_dmi_jtag/i_dmi_cdc/i_cdc_req/i_src/CLK
    SLICE_X102Y2         FDCE                                         r  i_dmi_jtag/i_dmi_cdc/i_cdc_req/i_src/req_src_q_reg/C
  -------------------------------------------------------------------    -------------------
    SLICE_X102Y2         FDCE (Prop_fdce_C_Q)         0.164     2.587 r  i_dmi_jtag/i_dmi_cdc/i_cdc_req/i_src/req_src_q_reg/Q
                         net (fo=3, routed)           0.093     2.680    i_dmi_jtag/i_dmi_cdc/i_cdc_req/i_dst/req_dst_q_reg_0
    SLICE_X103Y2         FDCE                                         r  i_dmi_jtag/i_dmi_cdc/i_cdc_req/i_dst/req_dst_q_reg/D
  -------------------------------------------------------------------    -------------------

                         (clock clk_out1_xlnx_clk_gen rise edge)
                                                      0.000     0.000 r  
    K17                                               0.000     0.000 r  clk_sys (IN)
                         net (fo=0)                   0.000     0.000    i_xlnx_clk_gen/inst/clk_in1
    K17                  IBUF (Prop_ibuf_I_O)         0.431     0.431 r  i_xlnx_clk_gen/inst/clkin1_ibufg/O
                         net (fo=1, routed)           0.480     0.911    i_xlnx_clk_gen/inst/clk_in1_xlnx_clk_gen
    MMCME2_ADV_X1Y2      MMCME2_ADV (Prop_mmcme2_adv_CLKIN1_CLKOUT0)
                                                     -3.407    -2.496 r  i_xlnx_clk_gen/inst/mmcm_adv_inst/CLKOUT0
                         net (fo=1, routed)           0.752    -1.744    i_xlnx_clk_gen/inst/clk_out1_xlnx_clk_gen
    BUFGCTRL_X0Y16       BUFG (Prop_bufg_I_O)         0.029    -1.715 r  i_xlnx_clk_gen/inst/clkout1_buf/O
                         net (fo=14914, routed)       0.885    -0.830    i_dmi_jtag/i_dmi_cdc/i_cdc_req/i_dst/clk_out1
    SLICE_X103Y2         FDCE                                         r  i_dmi_jtag/i_dmi_cdc/i_cdc_req/i_dst/req_dst_q_reg/C
                         clock pessimism              0.000    -0.830    
                         clock uncertainty            0.604    -0.227    
    SLICE_X103Y2         FDCE (Hold_fdce_C_D)         0.057    -0.170    i_dmi_jtag/i_dmi_cdc/i_cdc_req/i_dst/req_dst_q_reg
  -------------------------------------------------------------------
                         required time                          0.170    
                         arrival time                           2.680    
  -------------------------------------------------------------------
                         slack                                  2.850    

Slack (MET) :             2.855ns  (arrival time - required time)
  Source:                 i_dmi_jtag/i_dmi_cdc/i_cdc_req/i_src/data_src_q_reg[data][21]/C
                            (rising edge-triggered cell FDCE clocked by tck  {rise@0.000ns fall@50.000ns period=100.000ns})
  Destination:            i_dmi_jtag/i_dmi_cdc/i_cdc_req/i_dst/data_dst_q_reg[data][21]/D
                            (rising edge-triggered cell FDCE clocked by clk_out1_xlnx_clk_gen  {rise@0.000ns fall@12.500ns period=25.000ns})
  Path Group:             clk_out1_xlnx_clk_gen
  Path Type:              Hold (Min at Fast Process Corner)
  Requirement:            0.000ns  (clk_out1_xlnx_clk_gen rise@0.000ns - tck rise@0.000ns)
  Data Path Delay:        0.280ns  (logic 0.164ns (58.485%)  route 0.116ns (41.515%))
  Logic Levels:           0  
  Clock Path Skew:        -3.254ns (DCD - SCD - CPR)
    Destination Clock Delay (DCD):    -0.832ns
    Source Clock Delay      (SCD):    2.422ns
    Clock Pessimism Removal (CPR):    -0.000ns
  Clock Uncertainty:      0.604ns  ((TSJ^2 + TIJ^2 + DJ^2)^1/2) / 2 + PE
    Total System Jitter     (TSJ):    0.071ns
    Total Input Jitter      (TIJ):    1.000ns
    Discrete Jitter          (DJ):    0.149ns
    Phase Error              (PE):    0.097ns
  Clock Domain Crossing:  Inter clock paths are considered valid unless explicitly excluded by timing constraints such as set_clock_groups or set_false_path.

    Location             Delay type                Incr(ns)  Path(ns)    Netlist Resource(s)
  -------------------------------------------------------------------    -------------------
                         (clock tck rise edge)        0.000     0.000 r  
    H15                                               0.000     0.000 r  tck (IN)
                         net (fo=0)                   0.000     0.000    tck
    H15                  IBUF (Prop_ibuf_I_O)         0.268     0.268 r  tck_IBUF_inst/O
                         net (fo=1, routed)           1.516     1.784    tck_IBUF
    BUFGCTRL_X0Y0        BUFG (Prop_bufg_I_O)         0.026     1.810 r  tck_IBUF_BUFG_inst/O
                         net (fo=258, routed)         0.612     2.422    i_dmi_jtag/i_dmi_cdc/i_cdc_req/i_src/CLK
    SLICE_X98Y4          FDCE                                         r  i_dmi_jtag/i_dmi_cdc/i_cdc_req/i_src/data_src_q_reg[data][21]/C
  -------------------------------------------------------------------    -------------------
    SLICE_X98Y4          FDCE (Prop_fdce_C_Q)         0.164     2.586 r  i_dmi_jtag/i_dmi_cdc/i_cdc_req/i_src/data_src_q_reg[data][21]/Q
                         net (fo=1, routed)           0.116     2.702    i_dmi_jtag/i_dmi_cdc/i_cdc_req/i_dst/data_dst_q_reg[data][31]_3[21]
    SLICE_X94Y4          FDCE                                         r  i_dmi_jtag/i_dmi_cdc/i_cdc_req/i_dst/data_dst_q_reg[data][21]/D
  -------------------------------------------------------------------    -------------------

                         (clock clk_out1_xlnx_clk_gen rise edge)
                                                      0.000     0.000 r  
    K17                                               0.000     0.000 r  clk_sys (IN)
                         net (fo=0)                   0.000     0.000    i_xlnx_clk_gen/inst/clk_in1
    K17                  IBUF (Prop_ibuf_I_O)         0.431     0.431 r  i_xlnx_clk_gen/inst/clkin1_ibufg/O
                         net (fo=1, routed)           0.480     0.911    i_xlnx_clk_gen/inst/clk_in1_xlnx_clk_gen
    MMCME2_ADV_X1Y2      MMCME2_ADV (Prop_mmcme2_adv_CLKIN1_CLKOUT0)
                                                     -3.407    -2.496 r  i_xlnx_clk_gen/inst/mmcm_adv_inst/CLKOUT0
                         net (fo=1, routed)           0.752    -1.744    i_xlnx_clk_gen/inst/clk_out1_xlnx_clk_gen
    BUFGCTRL_X0Y16       BUFG (Prop_bufg_I_O)         0.029    -1.715 r  i_xlnx_clk_gen/inst/clkout1_buf/O
                         net (fo=14914, routed)       0.883    -0.832    i_dmi_jtag/i_dmi_cdc/i_cdc_req/i_dst/clk_out1
    SLICE_X94Y4          FDCE                                         r  i_dmi_jtag/i_dmi_cdc/i_cdc_req/i_dst/data_dst_q_reg[data][21]/C
                         clock pessimism              0.000    -0.832    
                         clock uncertainty            0.604    -0.229    
    SLICE_X94Y4          FDCE (Hold_fdce_C_D)         0.076    -0.153    i_dmi_jtag/i_dmi_cdc/i_cdc_req/i_dst/data_dst_q_reg[data][21]
  -------------------------------------------------------------------
                         required time                          0.153    
                         arrival time                           2.702    
  -------------------------------------------------------------------
                         slack                                  2.855    

Slack (MET) :             2.860ns  (arrival time - required time)
  Source:                 i_dmi_jtag/i_dmi_cdc/i_cdc_req/i_src/data_src_q_reg[data][17]/C
                            (rising edge-triggered cell FDCE clocked by tck  {rise@0.000ns fall@50.000ns period=100.000ns})
  Destination:            i_dmi_jtag/i_dmi_cdc/i_cdc_req/i_dst/data_dst_q_reg[data][17]/D
                            (rising edge-triggered cell FDCE clocked by clk_out1_xlnx_clk_gen  {rise@0.000ns fall@12.500ns period=25.000ns})
  Path Group:             clk_out1_xlnx_clk_gen
  Path Type:              Hold (Min at Fast Process Corner)
  Requirement:            0.000ns  (clk_out1_xlnx_clk_gen rise@0.000ns - tck rise@0.000ns)
  Data Path Delay:        0.280ns  (logic 0.164ns (58.670%)  route 0.116ns (41.330%))
  Logic Levels:           0  
  Clock Path Skew:        -3.254ns (DCD - SCD - CPR)
    Destination Clock Delay (DCD):    -0.832ns
    Source Clock Delay      (SCD):    2.422ns
    Clock Pessimism Removal (CPR):    -0.000ns
  Clock Uncertainty:      0.604ns  ((TSJ^2 + TIJ^2 + DJ^2)^1/2) / 2 + PE
    Total System Jitter     (TSJ):    0.071ns
    Total Input Jitter      (TIJ):    1.000ns
    Discrete Jitter          (DJ):    0.149ns
    Phase Error              (PE):    0.097ns
  Clock Domain Crossing:  Inter clock paths are considered valid unless explicitly excluded by timing constraints such as set_clock_groups or set_false_path.

    Location             Delay type                Incr(ns)  Path(ns)    Netlist Resource(s)
  -------------------------------------------------------------------    -------------------
                         (clock tck rise edge)        0.000     0.000 r  
    H15                                               0.000     0.000 r  tck (IN)
                         net (fo=0)                   0.000     0.000    tck
    H15                  IBUF (Prop_ibuf_I_O)         0.268     0.268 r  tck_IBUF_inst/O
                         net (fo=1, routed)           1.516     1.784    tck_IBUF
    BUFGCTRL_X0Y0        BUFG (Prop_bufg_I_O)         0.026     1.810 r  tck_IBUF_BUFG_inst/O
                         net (fo=258, routed)         0.612     2.422    i_dmi_jtag/i_dmi_cdc/i_cdc_req/i_src/CLK
    SLICE_X98Y3          FDCE                                         r  i_dmi_jtag/i_dmi_cdc/i_cdc_req/i_src/data_src_q_reg[data][17]/C
  -------------------------------------------------------------------    -------------------
    SLICE_X98Y3          FDCE (Prop_fdce_C_Q)         0.164     2.586 r  i_dmi_jtag/i_dmi_cdc/i_cdc_req/i_src/data_src_q_reg[data][17]/Q
                         net (fo=1, routed)           0.116     2.701    i_dmi_jtag/i_dmi_cdc/i_cdc_req/i_dst/data_dst_q_reg[data][31]_3[17]
    SLICE_X97Y3          FDCE                                         r  i_dmi_jtag/i_dmi_cdc/i_cdc_req/i_dst/data_dst_q_reg[data][17]/D
  -------------------------------------------------------------------    -------------------

                         (clock clk_out1_xlnx_clk_gen rise edge)
                                                      0.000     0.000 r  
    K17                                               0.000     0.000 r  clk_sys (IN)
                         net (fo=0)                   0.000     0.000    i_xlnx_clk_gen/inst/clk_in1
    K17                  IBUF (Prop_ibuf_I_O)         0.431     0.431 r  i_xlnx_clk_gen/inst/clkin1_ibufg/O
                         net (fo=1, routed)           0.480     0.911    i_xlnx_clk_gen/inst/clk_in1_xlnx_clk_gen
    MMCME2_ADV_X1Y2      MMCME2_ADV (Prop_mmcme2_adv_CLKIN1_CLKOUT0)
                                                     -3.407    -2.496 r  i_xlnx_clk_gen/inst/mmcm_adv_inst/CLKOUT0
                         net (fo=1, routed)           0.752    -1.744    i_xlnx_clk_gen/inst/clk_out1_xlnx_clk_gen
    BUFGCTRL_X0Y16       BUFG (Prop_bufg_I_O)         0.029    -1.715 r  i_xlnx_clk_gen/inst/clkout1_buf/O
                         net (fo=14914, routed)       0.883    -0.832    i_dmi_jtag/i_dmi_cdc/i_cdc_req/i_dst/clk_out1
    SLICE_X97Y3          FDCE                                         r  i_dmi_jtag/i_dmi_cdc/i_cdc_req/i_dst/data_dst_q_reg[data][17]/C
                         clock pessimism              0.000    -0.832    
                         clock uncertainty            0.604    -0.229    
    SLICE_X97Y3          FDCE (Hold_fdce_C_D)         0.070    -0.159    i_dmi_jtag/i_dmi_cdc/i_cdc_req/i_dst/data_dst_q_reg[data][17]
  -------------------------------------------------------------------
                         required time                          0.159    
                         arrival time                           2.701    
  -------------------------------------------------------------------
                         slack                                  2.860    

Slack (MET) :             2.869ns  (arrival time - required time)
  Source:                 i_dmi_jtag/i_dmi_cdc/i_cdc_req/i_src/data_src_q_reg[data][2]/C
                            (rising edge-triggered cell FDCE clocked by tck  {rise@0.000ns fall@50.000ns period=100.000ns})
  Destination:            i_dmi_jtag/i_dmi_cdc/i_cdc_req/i_dst/data_dst_q_reg[data][2]/D
                            (rising edge-triggered cell FDCE clocked by clk_out1_xlnx_clk_gen  {rise@0.000ns fall@12.500ns period=25.000ns})
  Path Group:             clk_out1_xlnx_clk_gen
  Path Type:              Hold (Min at Fast Process Corner)
  Requirement:            0.000ns  (clk_out1_xlnx_clk_gen rise@0.000ns - tck rise@0.000ns)
  Data Path Delay:        0.282ns  (logic 0.164ns (58.106%)  route 0.118ns (41.894%))
  Logic Levels:           0  
  Clock Path Skew:        -3.254ns (DCD - SCD - CPR)
    Destination Clock Delay (DCD):    -0.832ns
    Source Clock Delay      (SCD):    2.422ns
    Clock Pessimism Removal (CPR):    -0.000ns
  Clock Uncertainty:      0.604ns  ((TSJ^2 + TIJ^2 + DJ^2)^1/2) / 2 + PE
    Total System Jitter     (TSJ):    0.071ns
    Total Input Jitter      (TIJ):    1.000ns
    Discrete Jitter          (DJ):    0.149ns
    Phase Error              (PE):    0.097ns
  Clock Domain Crossing:  Inter clock paths are considered valid unless explicitly excluded by timing constraints such as set_clock_groups or set_false_path.

    Location             Delay type                Incr(ns)  Path(ns)    Netlist Resource(s)
  -------------------------------------------------------------------    -------------------
                         (clock tck rise edge)        0.000     0.000 r  
    H15                                               0.000     0.000 r  tck (IN)
                         net (fo=0)                   0.000     0.000    tck
    H15                  IBUF (Prop_ibuf_I_O)         0.268     0.268 r  tck_IBUF_inst/O
                         net (fo=1, routed)           1.516     1.784    tck_IBUF
    BUFGCTRL_X0Y0        BUFG (Prop_bufg_I_O)         0.026     1.810 r  tck_IBUF_BUFG_inst/O
                         net (fo=258, routed)         0.612     2.422    i_dmi_jtag/i_dmi_cdc/i_cdc_req/i_src/CLK
    SLICE_X98Y4          FDCE                                         r  i_dmi_jtag/i_dmi_cdc/i_cdc_req/i_src/data_src_q_reg[data][2]/C
  -------------------------------------------------------------------    -------------------
    SLICE_X98Y4          FDCE (Prop_fdce_C_Q)         0.164     2.586 r  i_dmi_jtag/i_dmi_cdc/i_cdc_req/i_src/data_src_q_reg[data][2]/Q
                         net (fo=1, routed)           0.118     2.704    i_dmi_jtag/i_dmi_cdc/i_cdc_req/i_dst/data_dst_q_reg[data][31]_3[2]
    SLICE_X94Y4          FDCE                                         r  i_dmi_jtag/i_dmi_cdc/i_cdc_req/i_dst/data_dst_q_reg[data][2]/D
  -------------------------------------------------------------------    -------------------

                         (clock clk_out1_xlnx_clk_gen rise edge)
                                                      0.000     0.000 r  
    K17                                               0.000     0.000 r  clk_sys (IN)
                         net (fo=0)                   0.000     0.000    i_xlnx_clk_gen/inst/clk_in1
    K17                  IBUF (Prop_ibuf_I_O)         0.431     0.431 r  i_xlnx_clk_gen/inst/clkin1_ibufg/O
                         net (fo=1, routed)           0.480     0.911    i_xlnx_clk_gen/inst/clk_in1_xlnx_clk_gen
    MMCME2_ADV_X1Y2      MMCME2_ADV (Prop_mmcme2_adv_CLKIN1_CLKOUT0)
                                                     -3.407    -2.496 r  i_xlnx_clk_gen/inst/mmcm_adv_inst/CLKOUT0
                         net (fo=1, routed)           0.752    -1.744    i_xlnx_clk_gen/inst/clk_out1_xlnx_clk_gen
    BUFGCTRL_X0Y16       BUFG (Prop_bufg_I_O)         0.029    -1.715 r  i_xlnx_clk_gen/inst/clkout1_buf/O
                         net (fo=14914, routed)       0.883    -0.832    i_dmi_jtag/i_dmi_cdc/i_cdc_req/i_dst/clk_out1
    SLICE_X94Y4          FDCE                                         r  i_dmi_jtag/i_dmi_cdc/i_cdc_req/i_dst/data_dst_q_reg[data][2]/C
                         clock pessimism              0.000    -0.832    
                         clock uncertainty            0.604    -0.229    
    SLICE_X94Y4          FDCE (Hold_fdce_C_D)         0.064    -0.165    i_dmi_jtag/i_dmi_cdc/i_cdc_req/i_dst/data_dst_q_reg[data][2]
  -------------------------------------------------------------------
                         required time                          0.165    
                         arrival time                           2.704    
  -------------------------------------------------------------------
                         slack                                  2.869    

Slack (MET) :             2.871ns  (arrival time - required time)
  Source:                 i_dmi_jtag/i_dmi_cdc/i_cdc_req/i_src/data_src_q_reg[data][4]/C
                            (rising edge-triggered cell FDCE clocked by tck  {rise@0.000ns fall@50.000ns period=100.000ns})
  Destination:            i_dmi_jtag/i_dmi_cdc/i_cdc_req/i_dst/data_dst_q_reg[data][4]/D
                            (rising edge-triggered cell FDCE clocked by clk_out1_xlnx_clk_gen  {rise@0.000ns fall@12.500ns period=25.000ns})
  Path Group:             clk_out1_xlnx_clk_gen
  Path Type:              Hold (Min at Fast Process Corner)
  Requirement:            0.000ns  (clk_out1_xlnx_clk_gen rise@0.000ns - tck rise@0.000ns)
  Data Path Delay:        0.232ns  (logic 0.128ns (55.231%)  route 0.104ns (44.769%))
  Logic Levels:           0  
  Clock Path Skew:        -3.253ns (DCD - SCD - CPR)
    Destination Clock Delay (DCD):    -0.831ns
    Source Clock Delay      (SCD):    2.422ns
    Clock Pessimism Removal (CPR):    -0.000ns
  Clock Uncertainty:      0.604ns  ((TSJ^2 + TIJ^2 + DJ^2)^1/2) / 2 + PE
    Total System Jitter     (TSJ):    0.071ns
    Total Input Jitter      (TIJ):    1.000ns
    Discrete Jitter          (DJ):    0.149ns
    Phase Error              (PE):    0.097ns
  Clock Domain Crossing:  Inter clock paths are considered valid unless explicitly excluded by timing constraints such as set_clock_groups or set_false_path.

    Location             Delay type                Incr(ns)  Path(ns)    Netlist Resource(s)
  -------------------------------------------------------------------    -------------------
                         (clock tck rise edge)        0.000     0.000 r  
    H15                                               0.000     0.000 r  tck (IN)
                         net (fo=0)                   0.000     0.000    tck
    H15                  IBUF (Prop_ibuf_I_O)         0.268     0.268 r  tck_IBUF_inst/O
                         net (fo=1, routed)           1.516     1.784    tck_IBUF
    BUFGCTRL_X0Y0        BUFG (Prop_bufg_I_O)         0.026     1.810 r  tck_IBUF_BUFG_inst/O
                         net (fo=258, routed)         0.612     2.422    i_dmi_jtag/i_dmi_cdc/i_cdc_req/i_src/CLK
    SLICE_X97Y1          FDCE                                         r  i_dmi_jtag/i_dmi_cdc/i_cdc_req/i_src/data_src_q_reg[data][4]/C
  -------------------------------------------------------------------    -------------------
    SLICE_X97Y1          FDCE (Prop_fdce_C_Q)         0.128     2.550 r  i_dmi_jtag/i_dmi_cdc/i_cdc_req/i_src/data_src_q_reg[data][4]/Q
                         net (fo=1, routed)           0.104     2.653    i_dmi_jtag/i_dmi_cdc/i_cdc_req/i_dst/data_dst_q_reg[data][31]_3[4]
    SLICE_X94Y1          FDCE                                         r  i_dmi_jtag/i_dmi_cdc/i_cdc_req/i_dst/data_dst_q_reg[data][4]/D
  -------------------------------------------------------------------    -------------------

                         (clock clk_out1_xlnx_clk_gen rise edge)
                                                      0.000     0.000 r  
    K17                                               0.000     0.000 r  clk_sys (IN)
                         net (fo=0)                   0.000     0.000    i_xlnx_clk_gen/inst/clk_in1
    K17                  IBUF (Prop_ibuf_I_O)         0.431     0.431 r  i_xlnx_clk_gen/inst/clkin1_ibufg/O
                         net (fo=1, routed)           0.480     0.911    i_xlnx_clk_gen/inst/clk_in1_xlnx_clk_gen
    MMCME2_ADV_X1Y2      MMCME2_ADV (Prop_mmcme2_adv_CLKIN1_CLKOUT0)
                                                     -3.407    -2.496 r  i_xlnx_clk_gen/inst/mmcm_adv_inst/CLKOUT0
                         net (fo=1, routed)           0.752    -1.744    i_xlnx_clk_gen/inst/clk_out1_xlnx_clk_gen
    BUFGCTRL_X0Y16       BUFG (Prop_bufg_I_O)         0.029    -1.715 r  i_xlnx_clk_gen/inst/clkout1_buf/O
                         net (fo=14914, routed)       0.884    -0.831    i_dmi_jtag/i_dmi_cdc/i_cdc_req/i_dst/clk_out1
    SLICE_X94Y1          FDCE                                         r  i_dmi_jtag/i_dmi_cdc/i_cdc_req/i_dst/data_dst_q_reg[data][4]/C
                         clock pessimism              0.000    -0.831    
                         clock uncertainty            0.604    -0.228    
    SLICE_X94Y1          FDCE (Hold_fdce_C_D)         0.010    -0.218    i_dmi_jtag/i_dmi_cdc/i_cdc_req/i_dst/data_dst_q_reg[data][4]
  -------------------------------------------------------------------
                         required time                          0.218    
                         arrival time                           2.653    
  -------------------------------------------------------------------
                         slack                                  2.871    

Slack (MET) :             2.872ns  (arrival time - required time)
  Source:                 i_dmi_jtag/i_dmi_cdc/i_cdc_req/i_src/data_src_q_reg[data][3]/C
                            (rising edge-triggered cell FDCE clocked by tck  {rise@0.000ns fall@50.000ns period=100.000ns})
  Destination:            i_dmi_jtag/i_dmi_cdc/i_cdc_req/i_dst/data_dst_q_reg[data][3]/D
                            (rising edge-triggered cell FDCE clocked by clk_out1_xlnx_clk_gen  {rise@0.000ns fall@12.500ns period=25.000ns})
  Path Group:             clk_out1_xlnx_clk_gen
  Path Type:              Hold (Min at Fast Process Corner)
  Requirement:            0.000ns  (clk_out1_xlnx_clk_gen rise@0.000ns - tck rise@0.000ns)
  Data Path Delay:        0.233ns  (logic 0.128ns (55.026%)  route 0.105ns (44.974%))
  Logic Levels:           0  
  Clock Path Skew:        -3.253ns (DCD - SCD - CPR)
    Destination Clock Delay (DCD):    -0.832ns
    Source Clock Delay      (SCD):    2.421ns
    Clock Pessimism Removal (CPR):    -0.000ns
  Clock Uncertainty:      0.604ns  ((TSJ^2 + TIJ^2 + DJ^2)^1/2) / 2 + PE
    Total System Jitter     (TSJ):    0.071ns
    Total Input Jitter      (TIJ):    1.000ns
    Discrete Jitter          (DJ):    0.149ns
    Phase Error              (PE):    0.097ns
  Clock Domain Crossing:  Inter clock paths are considered valid unless explicitly excluded by timing constraints such as set_clock_groups or set_false_path.

    Location             Delay type                Incr(ns)  Path(ns)    Netlist Resource(s)
  -------------------------------------------------------------------    -------------------
                         (clock tck rise edge)        0.000     0.000 r  
    H15                                               0.000     0.000 r  tck (IN)
                         net (fo=0)                   0.000     0.000    tck
    H15                  IBUF (Prop_ibuf_I_O)         0.268     0.268 r  tck_IBUF_inst/O
                         net (fo=1, routed)           1.516     1.784    tck_IBUF
    BUFGCTRL_X0Y0        BUFG (Prop_bufg_I_O)         0.026     1.810 r  tck_IBUF_BUFG_inst/O
                         net (fo=258, routed)         0.611     2.421    i_dmi_jtag/i_dmi_cdc/i_cdc_req/i_src/CLK
    SLICE_X97Y4          FDCE                                         r  i_dmi_jtag/i_dmi_cdc/i_cdc_req/i_src/data_src_q_reg[data][3]/C
  -------------------------------------------------------------------    -------------------
    SLICE_X97Y4          FDCE (Prop_fdce_C_Q)         0.128     2.549 r  i_dmi_jtag/i_dmi_cdc/i_cdc_req/i_src/data_src_q_reg[data][3]/Q
                         net (fo=1, routed)           0.105     2.653    i_dmi_jtag/i_dmi_cdc/i_cdc_req/i_dst/data_dst_q_reg[data][31]_3[3]
    SLICE_X94Y4          FDCE                                         r  i_dmi_jtag/i_dmi_cdc/i_cdc_req/i_dst/data_dst_q_reg[data][3]/D
  -------------------------------------------------------------------    -------------------

                         (clock clk_out1_xlnx_clk_gen rise edge)
                                                      0.000     0.000 r  
    K17                                               0.000     0.000 r  clk_sys (IN)
                         net (fo=0)                   0.000     0.000    i_xlnx_clk_gen/inst/clk_in1
    K17                  IBUF (Prop_ibuf_I_O)         0.431     0.431 r  i_xlnx_clk_gen/inst/clkin1_ibufg/O
                         net (fo=1, routed)           0.480     0.911    i_xlnx_clk_gen/inst/clk_in1_xlnx_clk_gen
    MMCME2_ADV_X1Y2      MMCME2_ADV (Prop_mmcme2_adv_CLKIN1_CLKOUT0)
                                                     -3.407    -2.496 r  i_xlnx_clk_gen/inst/mmcm_adv_inst/CLKOUT0
                         net (fo=1, routed)           0.752    -1.744    i_xlnx_clk_gen/inst/clk_out1_xlnx_clk_gen
    BUFGCTRL_X0Y16       BUFG (Prop_bufg_I_O)         0.029    -1.715 r  i_xlnx_clk_gen/inst/clkout1_buf/O
                         net (fo=14914, routed)       0.883    -0.832    i_dmi_jtag/i_dmi_cdc/i_cdc_req/i_dst/clk_out1
    SLICE_X94Y4          FDCE                                         r  i_dmi_jtag/i_dmi_cdc/i_cdc_req/i_dst/data_dst_q_reg[data][3]/C
                         clock pessimism              0.000    -0.832    
                         clock uncertainty            0.604    -0.229    
    SLICE_X94Y4          FDCE (Hold_fdce_C_D)         0.010    -0.219    i_dmi_jtag/i_dmi_cdc/i_cdc_req/i_dst/data_dst_q_reg[data][3]
  -------------------------------------------------------------------
                         required time                          0.219    
                         arrival time                           2.653    
  -------------------------------------------------------------------
                         slack                                  2.872    

Slack (MET) :             2.874ns  (arrival time - required time)
  Source:                 i_dmi_jtag/i_dmi_cdc/i_cdc_req/i_src/data_src_q_reg[data][12]/C
                            (rising edge-triggered cell FDCE clocked by tck  {rise@0.000ns fall@50.000ns period=100.000ns})
  Destination:            i_dmi_jtag/i_dmi_cdc/i_cdc_req/i_dst/data_dst_q_reg[data][12]/D
                            (rising edge-triggered cell FDCE clocked by clk_out1_xlnx_clk_gen  {rise@0.000ns fall@12.500ns period=25.000ns})
  Path Group:             clk_out1_xlnx_clk_gen
  Path Type:              Hold (Min at Fast Process Corner)
  Requirement:            0.000ns  (clk_out1_xlnx_clk_gen rise@0.000ns - tck rise@0.000ns)
  Data Path Delay:        0.294ns  (logic 0.141ns (47.936%)  route 0.153ns (52.064%))
  Logic Levels:           0  
  Clock Path Skew:        -3.253ns (DCD - SCD - CPR)
    Destination Clock Delay (DCD):    -0.831ns
    Source Clock Delay      (SCD):    2.422ns
    Clock Pessimism Removal (CPR):    -0.000ns
  Clock Uncertainty:      0.604ns  ((TSJ^2 + TIJ^2 + DJ^2)^1/2) / 2 + PE
    Total System Jitter     (TSJ):    0.071ns
    Total Input Jitter      (TIJ):    1.000ns
    Discrete Jitter          (DJ):    0.149ns
    Phase Error              (PE):    0.097ns
  Clock Domain Crossing:  Inter clock paths are considered valid unless explicitly excluded by timing constraints such as set_clock_groups or set_false_path.

    Location             Delay type                Incr(ns)  Path(ns)    Netlist Resource(s)
  -------------------------------------------------------------------    -------------------
                         (clock tck rise edge)        0.000     0.000 r  
    H15                                               0.000     0.000 r  tck (IN)
                         net (fo=0)                   0.000     0.000    tck
    H15                  IBUF (Prop_ibuf_I_O)         0.268     0.268 r  tck_IBUF_inst/O
                         net (fo=1, routed)           1.516     1.784    tck_IBUF
    BUFGCTRL_X0Y0        BUFG (Prop_bufg_I_O)         0.026     1.810 r  tck_IBUF_BUFG_inst/O
                         net (fo=258, routed)         0.612     2.422    i_dmi_jtag/i_dmi_cdc/i_cdc_req/i_src/CLK
    SLICE_X97Y1          FDCE                                         r  i_dmi_jtag/i_dmi_cdc/i_cdc_req/i_src/data_src_q_reg[data][12]/C
  -------------------------------------------------------------------    -------------------
    SLICE_X97Y1          FDCE (Prop_fdce_C_Q)         0.141     2.563 r  i_dmi_jtag/i_dmi_cdc/i_cdc_req/i_src/data_src_q_reg[data][12]/Q
                         net (fo=1, routed)           0.153     2.716    i_dmi_jtag/i_dmi_cdc/i_cdc_req/i_dst/data_dst_q_reg[data][31]_3[12]
    SLICE_X95Y1          FDCE                                         r  i_dmi_jtag/i_dmi_cdc/i_cdc_req/i_dst/data_dst_q_reg[data][12]/D
  -------------------------------------------------------------------    -------------------

                         (clock clk_out1_xlnx_clk_gen rise edge)
                                                      0.000     0.000 r  
    K17                                               0.000     0.000 r  clk_sys (IN)
                         net (fo=0)                   0.000     0.000    i_xlnx_clk_gen/inst/clk_in1
    K17                  IBUF (Prop_ibuf_I_O)         0.431     0.431 r  i_xlnx_clk_gen/inst/clkin1_ibufg/O
                         net (fo=1, routed)           0.480     0.911    i_xlnx_clk_gen/inst/clk_in1_xlnx_clk_gen
    MMCME2_ADV_X1Y2      MMCME2_ADV (Prop_mmcme2_adv_CLKIN1_CLKOUT0)
                                                     -3.407    -2.496 r  i_xlnx_clk_gen/inst/mmcm_adv_inst/CLKOUT0
                         net (fo=1, routed)           0.752    -1.744    i_xlnx_clk_gen/inst/clk_out1_xlnx_clk_gen
    BUFGCTRL_X0Y16       BUFG (Prop_bufg_I_O)         0.029    -1.715 r  i_xlnx_clk_gen/inst/clkout1_buf/O
                         net (fo=14914, routed)       0.884    -0.831    i_dmi_jtag/i_dmi_cdc/i_cdc_req/i_dst/clk_out1
    SLICE_X95Y1          FDCE                                         r  i_dmi_jtag/i_dmi_cdc/i_cdc_req/i_dst/data_dst_q_reg[data][12]/C
                         clock pessimism              0.000    -0.831    
                         clock uncertainty            0.604    -0.228    
    SLICE_X95Y1          FDCE (Hold_fdce_C_D)         0.070    -0.158    i_dmi_jtag/i_dmi_cdc/i_cdc_req/i_dst/data_dst_q_reg[data][12]
  -------------------------------------------------------------------
                         required time                          0.158    
                         arrival time                           2.716    
  -------------------------------------------------------------------
                         slack                                  2.874    





---------------------------------------------------------------------------------------------------
From Clock:  clk_out1_xlnx_clk_gen
  To Clock:  tck

Setup :            0  Failing Endpoints,  Worst Slack       18.524ns,  Total Violation        0.000ns
Hold  :           NA  Failing Endpoints,  Worst Slack           NA  ,  Total Violation           NA
---------------------------------------------------------------------------------------------------


Max Delay Paths
--------------------------------------------------------------------------------------
Slack (MET) :             18.524ns  (required time - arrival time)
  Source:                 i_dmi_jtag/i_dmi_cdc/i_cdc_resp/i_src/data_src_q_reg[data][7]/C
                            (rising edge-triggered cell FDCE clocked by clk_out1_xlnx_clk_gen  {rise@0.000ns fall@12.500ns period=25.000ns})
  Destination:            i_dmi_jtag/i_dmi_cdc/i_cdc_resp/i_dst/data_dst_q_reg[data][7]/D
                            (rising edge-triggered cell FDCE clocked by tck  {rise@0.000ns fall@50.000ns period=100.000ns})
  Path Group:             tck
  Path Type:              Setup (Max at Slow Process Corner)
  Requirement:            20.000ns  (MaxDelay Path 20.000ns)
  Data Path Delay:        1.244ns  (logic 0.478ns (38.438%)  route 0.766ns (61.562%))
  Logic Levels:           0  
  Timing Exception:       MaxDelay Path 20.000ns -datapath_only

    Location             Delay type                Incr(ns)  Path(ns)    Netlist Resource(s)
  -------------------------------------------------------------------    -------------------
    SLICE_X96Y0                                       0.000     0.000 r  i_dmi_jtag/i_dmi_cdc/i_cdc_resp/i_src/data_src_q_reg[data][7]/C
    SLICE_X96Y0          FDCE (Prop_fdce_C_Q)         0.478     0.478 r  i_dmi_jtag/i_dmi_cdc/i_cdc_resp/i_src/data_src_q_reg[data][7]/Q
                         net (fo=1, routed)           0.766     1.244    i_dmi_jtag/i_dmi_cdc/i_cdc_resp/i_dst/D[7]
    SLICE_X99Y3          FDCE                                         r  i_dmi_jtag/i_dmi_cdc/i_cdc_resp/i_dst/data_dst_q_reg[data][7]/D
  -------------------------------------------------------------------    -------------------

                         max delay                   20.000    20.000    
    SLICE_X99Y3          FDCE (Setup_fdce_C_D)       -0.232    19.768    i_dmi_jtag/i_dmi_cdc/i_cdc_resp/i_dst/data_dst_q_reg[data][7]
  -------------------------------------------------------------------
                         required time                         19.768    
                         arrival time                          -1.244    
  -------------------------------------------------------------------
                         slack                                 18.524    

Slack (MET) :             18.547ns  (required time - arrival time)
  Source:                 i_dmi_jtag/i_dmi_cdc/i_cdc_resp/i_src/req_src_q_reg/C
                            (rising edge-triggered cell FDCE clocked by clk_out1_xlnx_clk_gen  {rise@0.000ns fall@12.500ns period=25.000ns})
  Destination:            i_dmi_jtag/i_dmi_cdc/i_cdc_resp/i_dst/req_dst_q_reg/D
                            (rising edge-triggered cell FDCE clocked by tck  {rise@0.000ns fall@50.000ns period=100.000ns})
  Path Group:             tck
  Path Type:              Setup (Max at Slow Process Corner)
  Requirement:            20.000ns  (MaxDelay Path 20.000ns)
  Data Path Delay:        1.348ns  (logic 0.518ns (38.419%)  route 0.830ns (61.581%))
  Logic Levels:           0  
  Timing Exception:       MaxDelay Path 20.000ns -datapath_only

    Location             Delay type                Incr(ns)  Path(ns)    Netlist Resource(s)
  -------------------------------------------------------------------    -------------------
    SLICE_X104Y1                                      0.000     0.000 r  i_dmi_jtag/i_dmi_cdc/i_cdc_resp/i_src/req_src_q_reg/C
    SLICE_X104Y1         FDCE (Prop_fdce_C_Q)         0.518     0.518 r  i_dmi_jtag/i_dmi_cdc/i_cdc_resp/i_src/req_src_q_reg/Q
                         net (fo=6, routed)           0.830     1.348    i_dmi_jtag/i_dmi_cdc/i_cdc_resp/i_dst/req_dst_q_reg_0
    SLICE_X105Y2         FDCE                                         r  i_dmi_jtag/i_dmi_cdc/i_cdc_resp/i_dst/req_dst_q_reg/D
  -------------------------------------------------------------------    -------------------

                         max delay                   20.000    20.000    
    SLICE_X105Y2         FDCE (Setup_fdce_C_D)       -0.105    19.895    i_dmi_jtag/i_dmi_cdc/i_cdc_resp/i_dst/req_dst_q_reg
  -------------------------------------------------------------------
                         required time                         19.895    
                         arrival time                          -1.348    
  -------------------------------------------------------------------
                         slack                                 18.547    

Slack (MET) :             18.683ns  (required time - arrival time)
  Source:                 i_dmi_jtag/i_dmi_cdc/i_cdc_resp/i_src/data_src_q_reg[data][29]/C
                            (rising edge-triggered cell FDCE clocked by clk_out1_xlnx_clk_gen  {rise@0.000ns fall@12.500ns period=25.000ns})
  Destination:            i_dmi_jtag/i_dmi_cdc/i_cdc_resp/i_dst/data_dst_q_reg[data][29]/D
                            (rising edge-triggered cell FDCE clocked by tck  {rise@0.000ns fall@50.000ns period=100.000ns})
  Path Group:             tck
  Path Type:              Setup (Max at Slow Process Corner)
  Requirement:            20.000ns  (MaxDelay Path 20.000ns)
  Data Path Delay:        1.115ns  (logic 0.478ns (42.881%)  route 0.637ns (57.119%))
  Logic Levels:           0  
  Timing Exception:       MaxDelay Path 20.000ns -datapath_only

    Location             Delay type                Incr(ns)  Path(ns)    Netlist Resource(s)
  -------------------------------------------------------------------    -------------------
    SLICE_X96Y7                                       0.000     0.000 r  i_dmi_jtag/i_dmi_cdc/i_cdc_resp/i_src/data_src_q_reg[data][29]/C
    SLICE_X96Y7          FDCE (Prop_fdce_C_Q)         0.478     0.478 r  i_dmi_jtag/i_dmi_cdc/i_cdc_resp/i_src/data_src_q_reg[data][29]/Q
                         net (fo=1, routed)           0.637     1.115    i_dmi_jtag/i_dmi_cdc/i_cdc_resp/i_dst/D[29]
    SLICE_X96Y6          FDCE                                         r  i_dmi_jtag/i_dmi_cdc/i_cdc_resp/i_dst/data_dst_q_reg[data][29]/D
  -------------------------------------------------------------------    -------------------

                         max delay                   20.000    20.000    
    SLICE_X96Y6          FDCE (Setup_fdce_C_D)       -0.202    19.798    i_dmi_jtag/i_dmi_cdc/i_cdc_resp/i_dst/data_dst_q_reg[data][29]
  -------------------------------------------------------------------
                         required time                         19.798    
                         arrival time                          -1.115    
  -------------------------------------------------------------------
                         slack                                 18.683    

Slack (MET) :             18.686ns  (required time - arrival time)
  Source:                 i_dmi_jtag/i_dmi_cdc/i_cdc_resp/i_src/data_src_q_reg[resp][0]/C
                            (rising edge-triggered cell FDCE clocked by clk_out1_xlnx_clk_gen  {rise@0.000ns fall@12.500ns period=25.000ns})
  Destination:            i_dmi_jtag/i_dmi_cdc/i_cdc_resp/i_dst/data_dst_q_reg[resp][0]/D
                            (rising edge-triggered cell FDCE clocked by tck  {rise@0.000ns fall@50.000ns period=100.000ns})
  Path Group:             tck
  Path Type:              Setup (Max at Slow Process Corner)
  Requirement:            20.000ns  (MaxDelay Path 20.000ns)
  Data Path Delay:        1.247ns  (logic 0.456ns (36.561%)  route 0.791ns (63.439%))
  Logic Levels:           0  
  Timing Exception:       MaxDelay Path 20.000ns -datapath_only

    Location             Delay type                Incr(ns)  Path(ns)    Netlist Resource(s)
  -------------------------------------------------------------------    -------------------
    SLICE_X106Y3                                      0.000     0.000 r  i_dmi_jtag/i_dmi_cdc/i_cdc_resp/i_src/data_src_q_reg[resp][0]/C
    SLICE_X106Y3         FDCE (Prop_fdce_C_Q)         0.456     0.456 r  i_dmi_jtag/i_dmi_cdc/i_cdc_resp/i_src/data_src_q_reg[resp][0]/Q
                         net (fo=1, routed)           0.791     1.247    i_dmi_jtag/i_dmi_cdc/i_cdc_resp/i_dst/data_dst_q_reg[resp][1]_0[0]
    SLICE_X107Y3         FDCE                                         r  i_dmi_jtag/i_dmi_cdc/i_cdc_resp/i_dst/data_dst_q_reg[resp][0]/D
  -------------------------------------------------------------------    -------------------

                         max delay                   20.000    20.000    
    SLICE_X107Y3         FDCE (Setup_fdce_C_D)       -0.067    19.933    i_dmi_jtag/i_dmi_cdc/i_cdc_resp/i_dst/data_dst_q_reg[resp][0]
  -------------------------------------------------------------------
                         required time                         19.933    
                         arrival time                          -1.247    
  -------------------------------------------------------------------
                         slack                                 18.686    

Slack (MET) :             18.793ns  (required time - arrival time)
  Source:                 i_dmi_jtag/i_dmi_cdc/i_cdc_resp/i_src/data_src_q_reg[data][11]/C
                            (rising edge-triggered cell FDCE clocked by clk_out1_xlnx_clk_gen  {rise@0.000ns fall@12.500ns period=25.000ns})
  Destination:            i_dmi_jtag/i_dmi_cdc/i_cdc_resp/i_dst/data_dst_q_reg[data][11]/D
                            (rising edge-triggered cell FDCE clocked by tck  {rise@0.000ns fall@50.000ns period=100.000ns})
  Path Group:             tck
  Path Type:              Setup (Max at Slow Process Corner)
  Requirement:            20.000ns  (MaxDelay Path 20.000ns)
  Data Path Delay:        1.005ns  (logic 0.478ns (47.563%)  route 0.527ns (52.437%))
  Logic Levels:           0  
  Timing Exception:       MaxDelay Path 20.000ns -datapath_only

    Location             Delay type                Incr(ns)  Path(ns)    Netlist Resource(s)
  -------------------------------------------------------------------    -------------------
    SLICE_X96Y0                                       0.000     0.000 r  i_dmi_jtag/i_dmi_cdc/i_cdc_resp/i_src/data_src_q_reg[data][11]/C
    SLICE_X96Y0          FDCE (Prop_fdce_C_Q)         0.478     0.478 r  i_dmi_jtag/i_dmi_cdc/i_cdc_resp/i_src/data_src_q_reg[data][11]/Q
                         net (fo=1, routed)           0.527     1.005    i_dmi_jtag/i_dmi_cdc/i_cdc_resp/i_dst/D[11]
    SLICE_X100Y0         FDCE                                         r  i_dmi_jtag/i_dmi_cdc/i_cdc_resp/i_dst/data_dst_q_reg[data][11]/D
  -------------------------------------------------------------------    -------------------

                         max delay                   20.000    20.000    
    SLICE_X100Y0         FDCE (Setup_fdce_C_D)       -0.202    19.798    i_dmi_jtag/i_dmi_cdc/i_cdc_resp/i_dst/data_dst_q_reg[data][11]
  -------------------------------------------------------------------
                         required time                         19.798    
                         arrival time                          -1.005    
  -------------------------------------------------------------------
                         slack                                 18.793    

Slack (MET) :             18.800ns  (required time - arrival time)
  Source:                 i_dmi_jtag/i_dmi_cdc/i_cdc_resp/i_src/data_src_q_reg[data][22]/C
                            (rising edge-triggered cell FDCE clocked by clk_out1_xlnx_clk_gen  {rise@0.000ns fall@12.500ns period=25.000ns})
  Destination:            i_dmi_jtag/i_dmi_cdc/i_cdc_resp/i_dst/data_dst_q_reg[data][22]/D
                            (rising edge-triggered cell FDCE clocked by tck  {rise@0.000ns fall@50.000ns period=100.000ns})
  Path Group:             tck
  Path Type:              Setup (Max at Slow Process Corner)
  Requirement:            20.000ns  (MaxDelay Path 20.000ns)
  Data Path Delay:        1.172ns  (logic 0.518ns (44.186%)  route 0.654ns (55.814%))
  Logic Levels:           0  
  Timing Exception:       MaxDelay Path 20.000ns -datapath_only

    Location             Delay type                Incr(ns)  Path(ns)    Netlist Resource(s)
  -------------------------------------------------------------------    -------------------
    SLICE_X96Y3                                       0.000     0.000 r  i_dmi_jtag/i_dmi_cdc/i_cdc_resp/i_src/data_src_q_reg[data][22]/C
    SLICE_X96Y3          FDCE (Prop_fdce_C_Q)         0.518     0.518 r  i_dmi_jtag/i_dmi_cdc/i_cdc_resp/i_src/data_src_q_reg[data][22]/Q
                         net (fo=1, routed)           0.654     1.172    i_dmi_jtag/i_dmi_cdc/i_cdc_resp/i_dst/D[22]
    SLICE_X96Y5          FDCE                                         r  i_dmi_jtag/i_dmi_cdc/i_cdc_resp/i_dst/data_dst_q_reg[data][22]/D
  -------------------------------------------------------------------    -------------------

                         max delay                   20.000    20.000    
    SLICE_X96Y5          FDCE (Setup_fdce_C_D)       -0.028    19.972    i_dmi_jtag/i_dmi_cdc/i_cdc_resp/i_dst/data_dst_q_reg[data][22]
  -------------------------------------------------------------------
                         required time                         19.972    
                         arrival time                          -1.172    
  -------------------------------------------------------------------
                         slack                                 18.800    

Slack (MET) :             18.812ns  (required time - arrival time)
  Source:                 i_dmi_jtag/i_dmi_cdc/i_cdc_resp/i_src/data_src_q_reg[data][1]/C
                            (rising edge-triggered cell FDCE clocked by clk_out1_xlnx_clk_gen  {rise@0.000ns fall@12.500ns period=25.000ns})
  Destination:            i_dmi_jtag/i_dmi_cdc/i_cdc_resp/i_dst/data_dst_q_reg[data][1]/D
                            (rising edge-triggered cell FDCE clocked by tck  {rise@0.000ns fall@50.000ns period=100.000ns})
  Path Group:             tck
  Path Type:              Setup (Max at Slow Process Corner)
  Requirement:            20.000ns  (MaxDelay Path 20.000ns)
  Data Path Delay:        0.974ns  (logic 0.478ns (49.071%)  route 0.496ns (50.929%))
  Logic Levels:           0  
  Timing Exception:       MaxDelay Path 20.000ns -datapath_only

    Location             Delay type                Incr(ns)  Path(ns)    Netlist Resource(s)
  -------------------------------------------------------------------    -------------------
    SLICE_X96Y3                                       0.000     0.000 r  i_dmi_jtag/i_dmi_cdc/i_cdc_resp/i_src/data_src_q_reg[data][1]/C
    SLICE_X96Y3          FDCE (Prop_fdce_C_Q)         0.478     0.478 r  i_dmi_jtag/i_dmi_cdc/i_cdc_resp/i_src/data_src_q_reg[data][1]/Q
                         net (fo=1, routed)           0.496     0.974    i_dmi_jtag/i_dmi_cdc/i_cdc_resp/i_dst/D[1]
    SLICE_X96Y5          FDCE                                         r  i_dmi_jtag/i_dmi_cdc/i_cdc_resp/i_dst/data_dst_q_reg[data][1]/D
  -------------------------------------------------------------------    -------------------

                         max delay                   20.000    20.000    
    SLICE_X96Y5          FDCE (Setup_fdce_C_D)       -0.214    19.786    i_dmi_jtag/i_dmi_cdc/i_cdc_resp/i_dst/data_dst_q_reg[data][1]
  -------------------------------------------------------------------
                         required time                         19.786    
                         arrival time                          -0.974    
  -------------------------------------------------------------------
                         slack                                 18.812    

Slack (MET) :             18.830ns  (required time - arrival time)
  Source:                 i_dmi_jtag/i_dmi_cdc/i_cdc_resp/i_src/data_src_q_reg[data][17]/C
                            (rising edge-triggered cell FDCE clocked by clk_out1_xlnx_clk_gen  {rise@0.000ns fall@12.500ns period=25.000ns})
  Destination:            i_dmi_jtag/i_dmi_cdc/i_cdc_resp/i_dst/data_dst_q_reg[data][17]/D
                            (rising edge-triggered cell FDCE clocked by tck  {rise@0.000ns fall@50.000ns period=100.000ns})
  Path Group:             tck
  Path Type:              Setup (Max at Slow Process Corner)
  Requirement:            20.000ns  (MaxDelay Path 20.000ns)
  Data Path Delay:        0.953ns  (logic 0.478ns (50.143%)  route 0.475ns (49.857%))
  Logic Levels:           0  
  Timing Exception:       MaxDelay Path 20.000ns -datapath_only

    Location             Delay type                Incr(ns)  Path(ns)    Netlist Resource(s)
  -------------------------------------------------------------------    -------------------
    SLICE_X96Y0                                       0.000     0.000 r  i_dmi_jtag/i_dmi_cdc/i_cdc_resp/i_src/data_src_q_reg[data][17]/C
    SLICE_X96Y0          FDCE (Prop_fdce_C_Q)         0.478     0.478 r  i_dmi_jtag/i_dmi_cdc/i_cdc_resp/i_src/data_src_q_reg[data][17]/Q
                         net (fo=1, routed)           0.475     0.953    i_dmi_jtag/i_dmi_cdc/i_cdc_resp/i_dst/D[17]
    SLICE_X100Y0         FDCE                                         r  i_dmi_jtag/i_dmi_cdc/i_cdc_resp/i_dst/data_dst_q_reg[data][17]/D
  -------------------------------------------------------------------    -------------------

                         max delay                   20.000    20.000    
    SLICE_X100Y0         FDCE (Setup_fdce_C_D)       -0.217    19.783    i_dmi_jtag/i_dmi_cdc/i_cdc_resp/i_dst/data_dst_q_reg[data][17]
  -------------------------------------------------------------------
                         required time                         19.783    
                         arrival time                          -0.953    
  -------------------------------------------------------------------
                         slack                                 18.830    

Slack (MET) :             18.840ns  (required time - arrival time)
  Source:                 i_dmi_jtag/i_dmi_cdc/i_cdc_resp/i_src/data_src_q_reg[data][10]/C
                            (rising edge-triggered cell FDCE clocked by clk_out1_xlnx_clk_gen  {rise@0.000ns fall@12.500ns period=25.000ns})
  Destination:            i_dmi_jtag/i_dmi_cdc/i_cdc_resp/i_dst/data_dst_q_reg[data][10]/D
                            (rising edge-triggered cell FDCE clocked by tck  {rise@0.000ns fall@50.000ns period=100.000ns})
  Path Group:             tck
  Path Type:              Setup (Max at Slow Process Corner)
  Requirement:            20.000ns  (MaxDelay Path 20.000ns)
  Data Path Delay:        1.113ns  (logic 0.518ns (46.533%)  route 0.595ns (53.467%))
  Logic Levels:           0  
  Timing Exception:       MaxDelay Path 20.000ns -datapath_only

    Location             Delay type                Incr(ns)  Path(ns)    Netlist Resource(s)
  -------------------------------------------------------------------    -------------------
    SLICE_X96Y0                                       0.000     0.000 r  i_dmi_jtag/i_dmi_cdc/i_cdc_resp/i_src/data_src_q_reg[data][10]/C
    SLICE_X96Y0          FDCE (Prop_fdce_C_Q)         0.518     0.518 r  i_dmi_jtag/i_dmi_cdc/i_cdc_resp/i_src/data_src_q_reg[data][10]/Q
                         net (fo=1, routed)           0.595     1.113    i_dmi_jtag/i_dmi_cdc/i_cdc_resp/i_dst/D[10]
    SLICE_X98Y2          FDCE                                         r  i_dmi_jtag/i_dmi_cdc/i_cdc_resp/i_dst/data_dst_q_reg[data][10]/D
  -------------------------------------------------------------------    -------------------

                         max delay                   20.000    20.000    
    SLICE_X98Y2          FDCE (Setup_fdce_C_D)       -0.047    19.953    i_dmi_jtag/i_dmi_cdc/i_cdc_resp/i_dst/data_dst_q_reg[data][10]
  -------------------------------------------------------------------
                         required time                         19.953    
                         arrival time                          -1.113    
  -------------------------------------------------------------------
                         slack                                 18.840    

Slack (MET) :             18.841ns  (required time - arrival time)
  Source:                 i_dmi_jtag/i_dmi_cdc/i_cdc_resp/i_src/data_src_q_reg[data][27]/C
                            (rising edge-triggered cell FDCE clocked by clk_out1_xlnx_clk_gen  {rise@0.000ns fall@12.500ns period=25.000ns})
  Destination:            i_dmi_jtag/i_dmi_cdc/i_cdc_resp/i_dst/data_dst_q_reg[data][27]/D
                            (rising edge-triggered cell FDCE clocked by tck  {rise@0.000ns fall@50.000ns period=100.000ns})
  Path Group:             tck
  Path Type:              Setup (Max at Slow Process Corner)
  Requirement:            20.000ns  (MaxDelay Path 20.000ns)
  Data Path Delay:        0.937ns  (logic 0.478ns (51.011%)  route 0.459ns (48.989%))
  Logic Levels:           0  
  Timing Exception:       MaxDelay Path 20.000ns -datapath_only

    Location             Delay type                Incr(ns)  Path(ns)    Netlist Resource(s)
  -------------------------------------------------------------------    -------------------
    SLICE_X96Y7                                       0.000     0.000 r  i_dmi_jtag/i_dmi_cdc/i_cdc_resp/i_src/data_src_q_reg[data][27]/C
    SLICE_X96Y7          FDCE (Prop_fdce_C_Q)         0.478     0.478 r  i_dmi_jtag/i_dmi_cdc/i_cdc_resp/i_src/data_src_q_reg[data][27]/Q
                         net (fo=1, routed)           0.459     0.937    i_dmi_jtag/i_dmi_cdc/i_cdc_resp/i_dst/D[27]
    SLICE_X96Y6          FDCE                                         r  i_dmi_jtag/i_dmi_cdc/i_cdc_resp/i_dst/data_dst_q_reg[data][27]/D
  -------------------------------------------------------------------    -------------------

                         max delay                   20.000    20.000    
    SLICE_X96Y6          FDCE (Setup_fdce_C_D)       -0.222    19.778    i_dmi_jtag/i_dmi_cdc/i_cdc_resp/i_dst/data_dst_q_reg[data][27]
  -------------------------------------------------------------------
                         required time                         19.778    
                         arrival time                          -0.937    
  -------------------------------------------------------------------
                         slack                                 18.841    





---------------------------------------------------------------------------------------------------
Path Group:  **async_default**
From Clock:  clk_out1_xlnx_clk_gen
  To Clock:  clk_out1_xlnx_clk_gen

Setup :            0  Failing Endpoints,  Worst Slack       20.779ns,  Total Violation        0.000ns
Hold  :            0  Failing Endpoints,  Worst Slack        0.486ns,  Total Violation        0.000ns
---------------------------------------------------------------------------------------------------


Max Delay Paths
--------------------------------------------------------------------------------------
Slack (MET) :             20.779ns  (required time - arrival time)
  Source:                 i_dm_top/i_dm_csrs/dmcontrol_q_reg[ndmreset]/C
                            (rising edge-triggered cell FDCE clocked by clk_out1_xlnx_clk_gen  {rise@0.000ns fall@12.500ns period=25.000ns})
  Destination:            i_rstgen_main/i_rstgen_bypass/synch_regs_q_reg[3]/CLR
                            (recovery check against rising-edge clock clk_out1_xlnx_clk_gen  {rise@0.000ns fall@12.500ns period=25.000ns})
  Path Group:             **async_default**
  Path Type:              Recovery (Max at Slow Process Corner)
  Requirement:            25.000ns  (clk_out1_xlnx_clk_gen rise@25.000ns - clk_out1_xlnx_clk_gen rise@0.000ns)
  Data Path Delay:        3.597ns  (logic 0.580ns (16.127%)  route 3.017ns (83.873%))
  Logic Levels:           1  (LUT2=1)
  Clock Path Skew:        -0.137ns (DCD - SCD + CPR)
    Destination Clock Delay (DCD):    -1.597ns = ( 23.403 - 25.000 ) 
    Source Clock Delay      (SCD):    -0.892ns
    Clock Pessimism Removal (CPR):    0.567ns
  Clock Uncertainty:      0.082ns  ((TSJ^2 + DJ^2)^1/2) / 2 + PE
    Total System Jitter     (TSJ):    0.071ns
    Discrete Jitter          (DJ):    0.149ns
    Phase Error              (PE):    0.000ns

    Location             Delay type                Incr(ns)  Path(ns)    Netlist Resource(s)
  -------------------------------------------------------------------    -------------------
                         (clock clk_out1_xlnx_clk_gen rise edge)
                                                      0.000     0.000 r  
    K17                                               0.000     0.000 r  clk_sys (IN)
                         net (fo=0)                   0.000     0.000    i_xlnx_clk_gen/inst/clk_in1
    K17                  IBUF (Prop_ibuf_I_O)         1.475     1.475 r  i_xlnx_clk_gen/inst/clkin1_ibufg/O
                         net (fo=1, routed)           1.285     2.760    i_xlnx_clk_gen/inst/clk_in1_xlnx_clk_gen
    MMCME2_ADV_X1Y2      MMCME2_ADV (Prop_mmcme2_adv_CLKIN1_CLKOUT0)
                                                     -7.759    -4.999 r  i_xlnx_clk_gen/inst/mmcm_adv_inst/CLKOUT0
                         net (fo=1, routed)           2.206    -2.793    i_xlnx_clk_gen/inst/clk_out1_xlnx_clk_gen
    BUFGCTRL_X0Y16       BUFG (Prop_bufg_I_O)         0.101    -2.692 r  i_xlnx_clk_gen/inst/clkout1_buf/O
                         net (fo=14914, routed)       1.800    -0.892    i_dm_top/i_dm_csrs/clk_out1
    SLICE_X93Y5          FDCE                                         r  i_dm_top/i_dm_csrs/dmcontrol_q_reg[ndmreset]/C
  -------------------------------------------------------------------    -------------------
    SLICE_X93Y5          FDCE (Prop_fdce_C_Q)         0.456    -0.436 f  i_dm_top/i_dm_csrs/dmcontrol_q_reg[ndmreset]/Q
                         net (fo=3, routed)           1.459     1.023    i_dm_top/i_dm_csrs/ndmreset
    SLICE_X97Y13         LUT2 (Prop_lut2_I0_O)        0.124     1.147 f  i_dm_top/i_dm_csrs/synch_regs_q[3]_i_1/O
                         net (fo=4, routed)           1.558     2.704    i_rstgen_main/i_rstgen_bypass/synch_regs_q_reg[3]_1
    SLICE_X80Y27         FDCE                                         f  i_rstgen_main/i_rstgen_bypass/synch_regs_q_reg[3]/CLR
  -------------------------------------------------------------------    -------------------

                         (clock clk_out1_xlnx_clk_gen rise edge)
                                                     25.000    25.000 r  
    K17                                               0.000    25.000 r  clk_sys (IN)
                         net (fo=0)                   0.000    25.000    i_xlnx_clk_gen/inst/clk_in1
    K17                  IBUF (Prop_ibuf_I_O)         1.404    26.404 r  i_xlnx_clk_gen/inst/clkin1_ibufg/O
                         net (fo=1, routed)           1.162    27.566    i_xlnx_clk_gen/inst/clk_in1_xlnx_clk_gen
    MMCME2_ADV_X1Y2      MMCME2_ADV (Prop_mmcme2_adv_CLKIN1_CLKOUT0)
                                                     -7.814    19.752 r  i_xlnx_clk_gen/inst/mmcm_adv_inst/CLKOUT0
                         net (fo=1, routed)           2.012    21.764    i_xlnx_clk_gen/inst/clk_out1_xlnx_clk_gen
    BUFGCTRL_X0Y16       BUFG (Prop_bufg_I_O)         0.091    21.855 r  i_xlnx_clk_gen/inst/clkout1_buf/O
                         net (fo=14914, routed)       1.548    23.403    i_rstgen_main/i_rstgen_bypass/clk_out1
    SLICE_X80Y27         FDCE                                         r  i_rstgen_main/i_rstgen_bypass/synch_regs_q_reg[3]/C
                         clock pessimism              0.567    23.971    
                         clock uncertainty           -0.082    23.889    
    SLICE_X80Y27         FDCE (Recov_fdce_C_CLR)     -0.405    23.484    i_rstgen_main/i_rstgen_bypass/synch_regs_q_reg[3]
  -------------------------------------------------------------------
                         required time                         23.484    
                         arrival time                          -2.704    
  -------------------------------------------------------------------
                         slack                                 20.779    

Slack (MET) :             21.483ns  (required time - arrival time)
  Source:                 i_axi_dwidth_converter_dm_slave/inst/gen_downsizer.gen_simple_downsizer.axi_downsizer_inst/USE_WRITE.write_addr_inst/USE_B_CHANNEL.cmd_b_queue/inst/fifo_gen_inst/inst_fifo_gen/gconvfifo.rf/grf.rf/rstblk/ngwrdrst.grst.g7serrst.gnsckt_wrst.rst_wr_reg2_inst/arststages_ff_reg[1]/C
                            (rising edge-triggered cell FDPE clocked by clk_out1_xlnx_clk_gen  {rise@0.000ns fall@12.500ns period=25.000ns})
  Destination:            i_axi_dwidth_converter_dm_slave/inst/gen_downsizer.gen_simple_downsizer.axi_downsizer_inst/USE_WRITE.write_addr_inst/USE_B_CHANNEL.cmd_b_queue/inst/fifo_gen_inst/inst_fifo_gen/gconvfifo.rf/grf.rf/gntv_or_sync_fifo.gl0.wr/gwss.wsts/ram_full_fb_i_reg/CLR
                            (recovery check against rising-edge clock clk_out1_xlnx_clk_gen  {rise@0.000ns fall@12.500ns period=25.000ns})
  Path Group:             **async_default**
  Path Type:              Recovery (Max at Slow Process Corner)
  Requirement:            25.000ns  (clk_out1_xlnx_clk_gen rise@25.000ns - clk_out1_xlnx_clk_gen rise@0.000ns)
  Data Path Delay:        3.003ns  (logic 0.718ns (23.906%)  route 2.285ns (76.094%))
  Logic Levels:           1  (LUT3=1)
  Clock Path Skew:        -0.026ns (DCD - SCD + CPR)
    Destination Clock Delay (DCD):    -1.447ns = ( 23.553 - 25.000 ) 
    Source Clock Delay      (SCD):    -0.812ns
    Clock Pessimism Removal (CPR):    0.608ns
  Clock Uncertainty:      0.082ns  ((TSJ^2 + DJ^2)^1/2) / 2 + PE
    Total System Jitter     (TSJ):    0.071ns
    Discrete Jitter          (DJ):    0.149ns
    Phase Error              (PE):    0.000ns

    Location             Delay type                Incr(ns)  Path(ns)    Netlist Resource(s)
  -------------------------------------------------------------------    -------------------
                         (clock clk_out1_xlnx_clk_gen rise edge)
                                                      0.000     0.000 r  
    K17                                               0.000     0.000 r  clk_sys (IN)
                         net (fo=0)                   0.000     0.000    i_xlnx_clk_gen/inst/clk_in1
    K17                  IBUF (Prop_ibuf_I_O)         1.475     1.475 r  i_xlnx_clk_gen/inst/clkin1_ibufg/O
                         net (fo=1, routed)           1.285     2.760    i_xlnx_clk_gen/inst/clk_in1_xlnx_clk_gen
    MMCME2_ADV_X1Y2      MMCME2_ADV (Prop_mmcme2_adv_CLKIN1_CLKOUT0)
                                                     -7.759    -4.999 r  i_xlnx_clk_gen/inst/mmcm_adv_inst/CLKOUT0
                         net (fo=1, routed)           2.206    -2.793    i_xlnx_clk_gen/inst/clk_out1_xlnx_clk_gen
    BUFGCTRL_X0Y16       BUFG (Prop_bufg_I_O)         0.101    -2.692 r  i_xlnx_clk_gen/inst/clkout1_buf/O
                         net (fo=14914, routed)       1.880    -0.812    i_axi_dwidth_converter_dm_slave/inst/gen_downsizer.gen_simple_downsizer.axi_downsizer_inst/USE_WRITE.write_addr_inst/USE_B_CHANNEL.cmd_b_queue/inst/fifo_gen_inst/inst_fifo_gen/gconvfifo.rf/grf.rf/rstblk/ngwrdrst.grst.g7serrst.gnsckt_wrst.rst_wr_reg2_inst/dest_clk
    SLICE_X106Y8         FDPE                                         r  i_axi_dwidth_converter_dm_slave/inst/gen_downsizer.gen_simple_downsizer.axi_downsizer_inst/USE_WRITE.write_addr_inst/USE_B_CHANNEL.cmd_b_queue/inst/fifo_gen_inst/inst_fifo_gen/gconvfifo.rf/grf.rf/rstblk/ngwrdrst.grst.g7serrst.gnsckt_wrst.rst_wr_reg2_inst/arststages_ff_reg[1]/C
  -------------------------------------------------------------------    -------------------
    SLICE_X106Y8         FDPE (Prop_fdpe_C_Q)         0.419    -0.393 f  i_axi_dwidth_converter_dm_slave/inst/gen_downsizer.gen_simple_downsizer.axi_downsizer_inst/USE_WRITE.write_addr_inst/USE_B_CHANNEL.cmd_b_queue/inst/fifo_gen_inst/inst_fifo_gen/gconvfifo.rf/grf.rf/rstblk/ngwrdrst.grst.g7serrst.gnsckt_wrst.rst_wr_reg2_inst/arststages_ff_reg[1]/Q
                         net (fo=3, routed)           0.822     0.428    i_axi_dwidth_converter_dm_slave/inst/gen_downsizer.gen_simple_downsizer.axi_downsizer_inst/USE_WRITE.write_addr_inst/USE_B_CHANNEL.cmd_b_queue/inst/fifo_gen_inst/inst_fifo_gen/gconvfifo.rf/grf.rf/rstblk/ngwrdrst.rst_wr_reg2
    SLICE_X108Y8         LUT3 (Prop_lut3_I2_O)        0.299     0.727 f  i_axi_dwidth_converter_dm_slave/inst/gen_downsizer.gen_simple_downsizer.axi_downsizer_inst/USE_WRITE.write_addr_inst/USE_B_CHANNEL.cmd_b_queue/inst/fifo_gen_inst/inst_fifo_gen/gconvfifo.rf/grf.rf/rstblk/gpregsm1.curr_fwft_state[1]_i_2/O
                         net (fo=32, routed)          1.464     2.191    i_axi_dwidth_converter_dm_slave/inst/gen_downsizer.gen_simple_downsizer.axi_downsizer_inst/USE_WRITE.write_addr_inst/USE_B_CHANNEL.cmd_b_queue/inst/fifo_gen_inst/inst_fifo_gen/gconvfifo.rf/grf.rf/gntv_or_sync_fifo.gl0.wr/gwss.wsts/AR[0]
    SLICE_X106Y9         FDCE                                         f  i_axi_dwidth_converter_dm_slave/inst/gen_downsizer.gen_simple_downsizer.axi_downsizer_inst/USE_WRITE.write_addr_inst/USE_B_CHANNEL.cmd_b_queue/inst/fifo_gen_inst/inst_fifo_gen/gconvfifo.rf/grf.rf/gntv_or_sync_fifo.gl0.wr/gwss.wsts/ram_full_fb_i_reg/CLR
  -------------------------------------------------------------------    -------------------

                         (clock clk_out1_xlnx_clk_gen rise edge)
                                                     25.000    25.000 r  
    K17                                               0.000    25.000 r  clk_sys (IN)
                         net (fo=0)                   0.000    25.000    i_xlnx_clk_gen/inst/clk_in1
    K17                  IBUF (Prop_ibuf_I_O)         1.404    26.404 r  i_xlnx_clk_gen/inst/clkin1_ibufg/O
                         net (fo=1, routed)           1.162    27.566    i_xlnx_clk_gen/inst/clk_in1_xlnx_clk_gen
    MMCME2_ADV_X1Y2      MMCME2_ADV (Prop_mmcme2_adv_CLKIN1_CLKOUT0)
                                                     -7.814    19.752 r  i_xlnx_clk_gen/inst/mmcm_adv_inst/CLKOUT0
                         net (fo=1, routed)           2.012    21.764    i_xlnx_clk_gen/inst/clk_out1_xlnx_clk_gen
    BUFGCTRL_X0Y16       BUFG (Prop_bufg_I_O)         0.091    21.855 r  i_xlnx_clk_gen/inst/clkout1_buf/O
                         net (fo=14914, routed)       1.698    23.553    i_axi_dwidth_converter_dm_slave/inst/gen_downsizer.gen_simple_downsizer.axi_downsizer_inst/USE_WRITE.write_addr_inst/USE_B_CHANNEL.cmd_b_queue/inst/fifo_gen_inst/inst_fifo_gen/gconvfifo.rf/grf.rf/gntv_or_sync_fifo.gl0.wr/gwss.wsts/clk
    SLICE_X106Y9         FDCE                                         r  i_axi_dwidth_converter_dm_slave/inst/gen_downsizer.gen_simple_downsizer.axi_downsizer_inst/USE_WRITE.write_addr_inst/USE_B_CHANNEL.cmd_b_queue/inst/fifo_gen_inst/inst_fifo_gen/gconvfifo.rf/grf.rf/gntv_or_sync_fifo.gl0.wr/gwss.wsts/ram_full_fb_i_reg/C
                         clock pessimism              0.608    24.162    
                         clock uncertainty           -0.082    24.080    
    SLICE_X106Y9         FDCE (Recov_fdce_C_CLR)     -0.405    23.675    i_axi_dwidth_converter_dm_slave/inst/gen_downsizer.gen_simple_downsizer.axi_downsizer_inst/USE_WRITE.write_addr_inst/USE_B_CHANNEL.cmd_b_queue/inst/fifo_gen_inst/inst_fifo_gen/gconvfifo.rf/grf.rf/gntv_or_sync_fifo.gl0.wr/gwss.wsts/ram_full_fb_i_reg
  -------------------------------------------------------------------
                         required time                         23.675    
                         arrival time                          -2.191    
  -------------------------------------------------------------------
                         slack                                 21.483    

Slack (MET) :             21.483ns  (required time - arrival time)
  Source:                 i_axi_dwidth_converter_dm_slave/inst/gen_downsizer.gen_simple_downsizer.axi_downsizer_inst/USE_WRITE.write_addr_inst/USE_B_CHANNEL.cmd_b_queue/inst/fifo_gen_inst/inst_fifo_gen/gconvfifo.rf/grf.rf/rstblk/ngwrdrst.grst.g7serrst.gnsckt_wrst.rst_wr_reg2_inst/arststages_ff_reg[1]/C
                            (rising edge-triggered cell FDPE clocked by clk_out1_xlnx_clk_gen  {rise@0.000ns fall@12.500ns period=25.000ns})
  Destination:            i_axi_dwidth_converter_dm_slave/inst/gen_downsizer.gen_simple_downsizer.axi_downsizer_inst/USE_WRITE.write_addr_inst/USE_B_CHANNEL.cmd_b_queue/inst/fifo_gen_inst/inst_fifo_gen/gconvfifo.rf/grf.rf/gntv_or_sync_fifo.gl0.wr/gwss.wsts/ram_full_i_reg/CLR
                            (recovery check against rising-edge clock clk_out1_xlnx_clk_gen  {rise@0.000ns fall@12.500ns period=25.000ns})
  Path Group:             **async_default**
  Path Type:              Recovery (Max at Slow Process Corner)
  Requirement:            25.000ns  (clk_out1_xlnx_clk_gen rise@25.000ns - clk_out1_xlnx_clk_gen rise@0.000ns)
  Data Path Delay:        3.003ns  (logic 0.718ns (23.906%)  route 2.285ns (76.094%))
  Logic Levels:           1  (LUT3=1)
  Clock Path Skew:        -0.026ns (DCD - SCD + CPR)
    Destination Clock Delay (DCD):    -1.447ns = ( 23.553 - 25.000 ) 
    Source Clock Delay      (SCD):    -0.812ns
    Clock Pessimism Removal (CPR):    0.608ns
  Clock Uncertainty:      0.082ns  ((TSJ^2 + DJ^2)^1/2) / 2 + PE
    Total System Jitter     (TSJ):    0.071ns
    Discrete Jitter          (DJ):    0.149ns
    Phase Error              (PE):    0.000ns

    Location             Delay type                Incr(ns)  Path(ns)    Netlist Resource(s)
  -------------------------------------------------------------------    -------------------
                         (clock clk_out1_xlnx_clk_gen rise edge)
                                                      0.000     0.000 r  
    K17                                               0.000     0.000 r  clk_sys (IN)
                         net (fo=0)                   0.000     0.000    i_xlnx_clk_gen/inst/clk_in1
    K17                  IBUF (Prop_ibuf_I_O)         1.475     1.475 r  i_xlnx_clk_gen/inst/clkin1_ibufg/O
                         net (fo=1, routed)           1.285     2.760    i_xlnx_clk_gen/inst/clk_in1_xlnx_clk_gen
    MMCME2_ADV_X1Y2      MMCME2_ADV (Prop_mmcme2_adv_CLKIN1_CLKOUT0)
                                                     -7.759    -4.999 r  i_xlnx_clk_gen/inst/mmcm_adv_inst/CLKOUT0
                         net (fo=1, routed)           2.206    -2.793    i_xlnx_clk_gen/inst/clk_out1_xlnx_clk_gen
    BUFGCTRL_X0Y16       BUFG (Prop_bufg_I_O)         0.101    -2.692 r  i_xlnx_clk_gen/inst/clkout1_buf/O
                         net (fo=14914, routed)       1.880    -0.812    i_axi_dwidth_converter_dm_slave/inst/gen_downsizer.gen_simple_downsizer.axi_downsizer_inst/USE_WRITE.write_addr_inst/USE_B_CHANNEL.cmd_b_queue/inst/fifo_gen_inst/inst_fifo_gen/gconvfifo.rf/grf.rf/rstblk/ngwrdrst.grst.g7serrst.gnsckt_wrst.rst_wr_reg2_inst/dest_clk
    SLICE_X106Y8         FDPE                                         r  i_axi_dwidth_converter_dm_slave/inst/gen_downsizer.gen_simple_downsizer.axi_downsizer_inst/USE_WRITE.write_addr_inst/USE_B_CHANNEL.cmd_b_queue/inst/fifo_gen_inst/inst_fifo_gen/gconvfifo.rf/grf.rf/rstblk/ngwrdrst.grst.g7serrst.gnsckt_wrst.rst_wr_reg2_inst/arststages_ff_reg[1]/C
  -------------------------------------------------------------------    -------------------
    SLICE_X106Y8         FDPE (Prop_fdpe_C_Q)         0.419    -0.393 f  i_axi_dwidth_converter_dm_slave/inst/gen_downsizer.gen_simple_downsizer.axi_downsizer_inst/USE_WRITE.write_addr_inst/USE_B_CHANNEL.cmd_b_queue/inst/fifo_gen_inst/inst_fifo_gen/gconvfifo.rf/grf.rf/rstblk/ngwrdrst.grst.g7serrst.gnsckt_wrst.rst_wr_reg2_inst/arststages_ff_reg[1]/Q
                         net (fo=3, routed)           0.822     0.428    i_axi_dwidth_converter_dm_slave/inst/gen_downsizer.gen_simple_downsizer.axi_downsizer_inst/USE_WRITE.write_addr_inst/USE_B_CHANNEL.cmd_b_queue/inst/fifo_gen_inst/inst_fifo_gen/gconvfifo.rf/grf.rf/rstblk/ngwrdrst.rst_wr_reg2
    SLICE_X108Y8         LUT3 (Prop_lut3_I2_O)        0.299     0.727 f  i_axi_dwidth_converter_dm_slave/inst/gen_downsizer.gen_simple_downsizer.axi_downsizer_inst/USE_WRITE.write_addr_inst/USE_B_CHANNEL.cmd_b_queue/inst/fifo_gen_inst/inst_fifo_gen/gconvfifo.rf/grf.rf/rstblk/gpregsm1.curr_fwft_state[1]_i_2/O
                         net (fo=32, routed)          1.464     2.191    i_axi_dwidth_converter_dm_slave/inst/gen_downsizer.gen_simple_downsizer.axi_downsizer_inst/USE_WRITE.write_addr_inst/USE_B_CHANNEL.cmd_b_queue/inst/fifo_gen_inst/inst_fifo_gen/gconvfifo.rf/grf.rf/gntv_or_sync_fifo.gl0.wr/gwss.wsts/AR[0]
    SLICE_X106Y9         FDCE                                         f  i_axi_dwidth_converter_dm_slave/inst/gen_downsizer.gen_simple_downsizer.axi_downsizer_inst/USE_WRITE.write_addr_inst/USE_B_CHANNEL.cmd_b_queue/inst/fifo_gen_inst/inst_fifo_gen/gconvfifo.rf/grf.rf/gntv_or_sync_fifo.gl0.wr/gwss.wsts/ram_full_i_reg/CLR
  -------------------------------------------------------------------    -------------------

                         (clock clk_out1_xlnx_clk_gen rise edge)
                                                     25.000    25.000 r  
    K17                                               0.000    25.000 r  clk_sys (IN)
                         net (fo=0)                   0.000    25.000    i_xlnx_clk_gen/inst/clk_in1
    K17                  IBUF (Prop_ibuf_I_O)         1.404    26.404 r  i_xlnx_clk_gen/inst/clkin1_ibufg/O
                         net (fo=1, routed)           1.162    27.566    i_xlnx_clk_gen/inst/clk_in1_xlnx_clk_gen
    MMCME2_ADV_X1Y2      MMCME2_ADV (Prop_mmcme2_adv_CLKIN1_CLKOUT0)
                                                     -7.814    19.752 r  i_xlnx_clk_gen/inst/mmcm_adv_inst/CLKOUT0
                         net (fo=1, routed)           2.012    21.764    i_xlnx_clk_gen/inst/clk_out1_xlnx_clk_gen
    BUFGCTRL_X0Y16       BUFG (Prop_bufg_I_O)         0.091    21.855 r  i_xlnx_clk_gen/inst/clkout1_buf/O
                         net (fo=14914, routed)       1.698    23.553    i_axi_dwidth_converter_dm_slave/inst/gen_downsizer.gen_simple_downsizer.axi_downsizer_inst/USE_WRITE.write_addr_inst/USE_B_CHANNEL.cmd_b_queue/inst/fifo_gen_inst/inst_fifo_gen/gconvfifo.rf/grf.rf/gntv_or_sync_fifo.gl0.wr/gwss.wsts/clk
    SLICE_X106Y9         FDCE                                         r  i_axi_dwidth_converter_dm_slave/inst/gen_downsizer.gen_simple_downsizer.axi_downsizer_inst/USE_WRITE.write_addr_inst/USE_B_CHANNEL.cmd_b_queue/inst/fifo_gen_inst/inst_fifo_gen/gconvfifo.rf/grf.rf/gntv_or_sync_fifo.gl0.wr/gwss.wsts/ram_full_i_reg/C
                         clock pessimism              0.608    24.162    
                         clock uncertainty           -0.082    24.080    
    SLICE_X106Y9         FDCE (Recov_fdce_C_CLR)     -0.405    23.675    i_axi_dwidth_converter_dm_slave/inst/gen_downsizer.gen_simple_downsizer.axi_downsizer_inst/USE_WRITE.write_addr_inst/USE_B_CHANNEL.cmd_b_queue/inst/fifo_gen_inst/inst_fifo_gen/gconvfifo.rf/grf.rf/gntv_or_sync_fifo.gl0.wr/gwss.wsts/ram_full_i_reg
  -------------------------------------------------------------------
                         required time                         23.675    
                         arrival time                          -2.191    
  -------------------------------------------------------------------
                         slack                                 21.483    

Slack (MET) :             21.529ns  (required time - arrival time)
  Source:                 i_axi_dwidth_converter_dm_slave/inst/gen_downsizer.gen_simple_downsizer.axi_downsizer_inst/USE_WRITE.write_addr_inst/USE_B_CHANNEL.cmd_b_queue/inst/fifo_gen_inst/inst_fifo_gen/gconvfifo.rf/grf.rf/rstblk/ngwrdrst.grst.g7serrst.gnsckt_wrst.rst_wr_reg2_inst/arststages_ff_reg[1]/C
                            (rising edge-triggered cell FDPE clocked by clk_out1_xlnx_clk_gen  {rise@0.000ns fall@12.500ns period=25.000ns})
  Destination:            i_axi_dwidth_converter_dm_slave/inst/gen_downsizer.gen_simple_downsizer.axi_downsizer_inst/USE_WRITE.write_addr_inst/USE_B_CHANNEL.cmd_b_queue/inst/fifo_gen_inst/inst_fifo_gen/gconvfifo.rf/grf.rf/gntv_or_sync_fifo.gl0.rd/gr1.gr1_int.rfwft/empty_fwft_i_reg/PRE
                            (recovery check against rising-edge clock clk_out1_xlnx_clk_gen  {rise@0.000ns fall@12.500ns period=25.000ns})
  Path Group:             **async_default**
  Path Type:              Recovery (Max at Slow Process Corner)
  Requirement:            25.000ns  (clk_out1_xlnx_clk_gen rise@25.000ns - clk_out1_xlnx_clk_gen rise@0.000ns)
  Data Path Delay:        3.003ns  (logic 0.718ns (23.906%)  route 2.285ns (76.094%))
  Logic Levels:           1  (LUT3=1)
  Clock Path Skew:        -0.026ns (DCD - SCD + CPR)
    Destination Clock Delay (DCD):    -1.447ns = ( 23.553 - 25.000 ) 
    Source Clock Delay      (SCD):    -0.812ns
    Clock Pessimism Removal (CPR):    0.608ns
  Clock Uncertainty:      0.082ns  ((TSJ^2 + DJ^2)^1/2) / 2 + PE
    Total System Jitter     (TSJ):    0.071ns
    Discrete Jitter          (DJ):    0.149ns
    Phase Error              (PE):    0.000ns

    Location             Delay type                Incr(ns)  Path(ns)    Netlist Resource(s)
  -------------------------------------------------------------------    -------------------
                         (clock clk_out1_xlnx_clk_gen rise edge)
                                                      0.000     0.000 r  
    K17                                               0.000     0.000 r  clk_sys (IN)
                         net (fo=0)                   0.000     0.000    i_xlnx_clk_gen/inst/clk_in1
    K17                  IBUF (Prop_ibuf_I_O)         1.475     1.475 r  i_xlnx_clk_gen/inst/clkin1_ibufg/O
                         net (fo=1, routed)           1.285     2.760    i_xlnx_clk_gen/inst/clk_in1_xlnx_clk_gen
    MMCME2_ADV_X1Y2      MMCME2_ADV (Prop_mmcme2_adv_CLKIN1_CLKOUT0)
                                                     -7.759    -4.999 r  i_xlnx_clk_gen/inst/mmcm_adv_inst/CLKOUT0
                         net (fo=1, routed)           2.206    -2.793    i_xlnx_clk_gen/inst/clk_out1_xlnx_clk_gen
    BUFGCTRL_X0Y16       BUFG (Prop_bufg_I_O)         0.101    -2.692 r  i_xlnx_clk_gen/inst/clkout1_buf/O
                         net (fo=14914, routed)       1.880    -0.812    i_axi_dwidth_converter_dm_slave/inst/gen_downsizer.gen_simple_downsizer.axi_downsizer_inst/USE_WRITE.write_addr_inst/USE_B_CHANNEL.cmd_b_queue/inst/fifo_gen_inst/inst_fifo_gen/gconvfifo.rf/grf.rf/rstblk/ngwrdrst.grst.g7serrst.gnsckt_wrst.rst_wr_reg2_inst/dest_clk
    SLICE_X106Y8         FDPE                                         r  i_axi_dwidth_converter_dm_slave/inst/gen_downsizer.gen_simple_downsizer.axi_downsizer_inst/USE_WRITE.write_addr_inst/USE_B_CHANNEL.cmd_b_queue/inst/fifo_gen_inst/inst_fifo_gen/gconvfifo.rf/grf.rf/rstblk/ngwrdrst.grst.g7serrst.gnsckt_wrst.rst_wr_reg2_inst/arststages_ff_reg[1]/C
  -------------------------------------------------------------------    -------------------
    SLICE_X106Y8         FDPE (Prop_fdpe_C_Q)         0.419    -0.393 f  i_axi_dwidth_converter_dm_slave/inst/gen_downsizer.gen_simple_downsizer.axi_downsizer_inst/USE_WRITE.write_addr_inst/USE_B_CHANNEL.cmd_b_queue/inst/fifo_gen_inst/inst_fifo_gen/gconvfifo.rf/grf.rf/rstblk/ngwrdrst.grst.g7serrst.gnsckt_wrst.rst_wr_reg2_inst/arststages_ff_reg[1]/Q
                         net (fo=3, routed)           0.822     0.428    i_axi_dwidth_converter_dm_slave/inst/gen_downsizer.gen_simple_downsizer.axi_downsizer_inst/USE_WRITE.write_addr_inst/USE_B_CHANNEL.cmd_b_queue/inst/fifo_gen_inst/inst_fifo_gen/gconvfifo.rf/grf.rf/rstblk/ngwrdrst.rst_wr_reg2
    SLICE_X108Y8         LUT3 (Prop_lut3_I2_O)        0.299     0.727 f  i_axi_dwidth_converter_dm_slave/inst/gen_downsizer.gen_simple_downsizer.axi_downsizer_inst/USE_WRITE.write_addr_inst/USE_B_CHANNEL.cmd_b_queue/inst/fifo_gen_inst/inst_fifo_gen/gconvfifo.rf/grf.rf/rstblk/gpregsm1.curr_fwft_state[1]_i_2/O
                         net (fo=32, routed)          1.464     2.191    i_axi_dwidth_converter_dm_slave/inst/gen_downsizer.gen_simple_downsizer.axi_downsizer_inst/USE_WRITE.write_addr_inst/USE_B_CHANNEL.cmd_b_queue/inst/fifo_gen_inst/inst_fifo_gen/gconvfifo.rf/grf.rf/gntv_or_sync_fifo.gl0.rd/gr1.gr1_int.rfwft/gpregsm1.user_valid_reg_0
    SLICE_X106Y9         FDPE                                         f  i_axi_dwidth_converter_dm_slave/inst/gen_downsizer.gen_simple_downsizer.axi_downsizer_inst/USE_WRITE.write_addr_inst/USE_B_CHANNEL.cmd_b_queue/inst/fifo_gen_inst/inst_fifo_gen/gconvfifo.rf/grf.rf/gntv_or_sync_fifo.gl0.rd/gr1.gr1_int.rfwft/empty_fwft_i_reg/PRE
  -------------------------------------------------------------------    -------------------

                         (clock clk_out1_xlnx_clk_gen rise edge)
                                                     25.000    25.000 r  
    K17                                               0.000    25.000 r  clk_sys (IN)
                         net (fo=0)                   0.000    25.000    i_xlnx_clk_gen/inst/clk_in1
    K17                  IBUF (Prop_ibuf_I_O)         1.404    26.404 r  i_xlnx_clk_gen/inst/clkin1_ibufg/O
                         net (fo=1, routed)           1.162    27.566    i_xlnx_clk_gen/inst/clk_in1_xlnx_clk_gen
    MMCME2_ADV_X1Y2      MMCME2_ADV (Prop_mmcme2_adv_CLKIN1_CLKOUT0)
                                                     -7.814    19.752 r  i_xlnx_clk_gen/inst/mmcm_adv_inst/CLKOUT0
                         net (fo=1, routed)           2.012    21.764    i_xlnx_clk_gen/inst/clk_out1_xlnx_clk_gen
    BUFGCTRL_X0Y16       BUFG (Prop_bufg_I_O)         0.091    21.855 r  i_xlnx_clk_gen/inst/clkout1_buf/O
                         net (fo=14914, routed)       1.698    23.553    i_axi_dwidth_converter_dm_slave/inst/gen_downsizer.gen_simple_downsizer.axi_downsizer_inst/USE_WRITE.write_addr_inst/USE_B_CHANNEL.cmd_b_queue/inst/fifo_gen_inst/inst_fifo_gen/gconvfifo.rf/grf.rf/gntv_or_sync_fifo.gl0.rd/gr1.gr1_int.rfwft/clk
    SLICE_X106Y9         FDPE                                         r  i_axi_dwidth_converter_dm_slave/inst/gen_downsizer.gen_simple_downsizer.axi_downsizer_inst/USE_WRITE.write_addr_inst/USE_B_CHANNEL.cmd_b_queue/inst/fifo_gen_inst/inst_fifo_gen/gconvfifo.rf/grf.rf/gntv_or_sync_fifo.gl0.rd/gr1.gr1_int.rfwft/empty_fwft_i_reg/C
                         clock pessimism              0.608    24.162    
                         clock uncertainty           -0.082    24.080    
    SLICE_X106Y9         FDPE (Recov_fdpe_C_PRE)     -0.359    23.721    i_axi_dwidth_converter_dm_slave/inst/gen_downsizer.gen_simple_downsizer.axi_downsizer_inst/USE_WRITE.write_addr_inst/USE_B_CHANNEL.cmd_b_queue/inst/fifo_gen_inst/inst_fifo_gen/gconvfifo.rf/grf.rf/gntv_or_sync_fifo.gl0.rd/gr1.gr1_int.rfwft/empty_fwft_i_reg
  -------------------------------------------------------------------
                         required time                         23.721    
                         arrival time                          -2.191    
  -------------------------------------------------------------------
                         slack                                 21.529    

Slack (MET) :             21.700ns  (required time - arrival time)
  Source:                 i_dm_top/i_dm_csrs/dmcontrol_q_reg[ndmreset]/C
                            (rising edge-triggered cell FDCE clocked by clk_out1_xlnx_clk_gen  {rise@0.000ns fall@12.500ns period=25.000ns})
  Destination:            i_rstgen_main/i_rstgen_bypass/synch_regs_q_reg[2]/CLR
                            (recovery check against rising-edge clock clk_out1_xlnx_clk_gen  {rise@0.000ns fall@12.500ns period=25.000ns})
  Path Group:             **async_default**
  Path Type:              Recovery (Max at Slow Process Corner)
  Requirement:            25.000ns  (clk_out1_xlnx_clk_gen rise@25.000ns - clk_out1_xlnx_clk_gen rise@0.000ns)
  Data Path Delay:        2.830ns  (logic 0.580ns (20.498%)  route 2.250ns (79.502%))
  Logic Levels:           1  (LUT2=1)
  Clock Path Skew:        -0.069ns (DCD - SCD + CPR)
    Destination Clock Delay (DCD):    -1.529ns = ( 23.471 - 25.000 ) 
    Source Clock Delay      (SCD):    -0.892ns
    Clock Pessimism Removal (CPR):    0.567ns
  Clock Uncertainty:      0.082ns  ((TSJ^2 + DJ^2)^1/2) / 2 + PE
    Total System Jitter     (TSJ):    0.071ns
    Discrete Jitter          (DJ):    0.149ns
    Phase Error              (PE):    0.000ns

    Location             Delay type                Incr(ns)  Path(ns)    Netlist Resource(s)
  -------------------------------------------------------------------    -------------------
                         (clock clk_out1_xlnx_clk_gen rise edge)
                                                      0.000     0.000 r  
    K17                                               0.000     0.000 r  clk_sys (IN)
                         net (fo=0)                   0.000     0.000    i_xlnx_clk_gen/inst/clk_in1
    K17                  IBUF (Prop_ibuf_I_O)         1.475     1.475 r  i_xlnx_clk_gen/inst/clkin1_ibufg/O
                         net (fo=1, routed)           1.285     2.760    i_xlnx_clk_gen/inst/clk_in1_xlnx_clk_gen
    MMCME2_ADV_X1Y2      MMCME2_ADV (Prop_mmcme2_adv_CLKIN1_CLKOUT0)
                                                     -7.759    -4.999 r  i_xlnx_clk_gen/inst/mmcm_adv_inst/CLKOUT0
                         net (fo=1, routed)           2.206    -2.793    i_xlnx_clk_gen/inst/clk_out1_xlnx_clk_gen
    BUFGCTRL_X0Y16       BUFG (Prop_bufg_I_O)         0.101    -2.692 r  i_xlnx_clk_gen/inst/clkout1_buf/O
                         net (fo=14914, routed)       1.800    -0.892    i_dm_top/i_dm_csrs/clk_out1
    SLICE_X93Y5          FDCE                                         r  i_dm_top/i_dm_csrs/dmcontrol_q_reg[ndmreset]/C
  -------------------------------------------------------------------    -------------------
    SLICE_X93Y5          FDCE (Prop_fdce_C_Q)         0.456    -0.436 f  i_dm_top/i_dm_csrs/dmcontrol_q_reg[ndmreset]/Q
                         net (fo=3, routed)           1.459     1.023    i_dm_top/i_dm_csrs/ndmreset
    SLICE_X97Y13         LUT2 (Prop_lut2_I0_O)        0.124     1.147 f  i_dm_top/i_dm_csrs/synch_regs_q[3]_i_1/O
                         net (fo=4, routed)           0.791     1.937    i_rstgen_main/i_rstgen_bypass/synch_regs_q_reg[3]_1
    SLICE_X94Y17         FDCE                                         f  i_rstgen_main/i_rstgen_bypass/synch_regs_q_reg[2]/CLR
  -------------------------------------------------------------------    -------------------

                         (clock clk_out1_xlnx_clk_gen rise edge)
                                                     25.000    25.000 r  
    K17                                               0.000    25.000 r  clk_sys (IN)
                         net (fo=0)                   0.000    25.000    i_xlnx_clk_gen/inst/clk_in1
    K17                  IBUF (Prop_ibuf_I_O)         1.404    26.404 r  i_xlnx_clk_gen/inst/clkin1_ibufg/O
                         net (fo=1, routed)           1.162    27.566    i_xlnx_clk_gen/inst/clk_in1_xlnx_clk_gen
    MMCME2_ADV_X1Y2      MMCME2_ADV (Prop_mmcme2_adv_CLKIN1_CLKOUT0)
                                                     -7.814    19.752 r  i_xlnx_clk_gen/inst/mmcm_adv_inst/CLKOUT0
                         net (fo=1, routed)           2.012    21.764    i_xlnx_clk_gen/inst/clk_out1_xlnx_clk_gen
    BUFGCTRL_X0Y16       BUFG (Prop_bufg_I_O)         0.091    21.855 r  i_xlnx_clk_gen/inst/clkout1_buf/O
                         net (fo=14914, routed)       1.616    23.471    i_rstgen_main/i_rstgen_bypass/clk_out1
    SLICE_X94Y17         FDCE                                         r  i_rstgen_main/i_rstgen_bypass/synch_regs_q_reg[2]/C
                         clock pessimism              0.567    24.039    
                         clock uncertainty           -0.082    23.957    
    SLICE_X94Y17         FDCE (Recov_fdce_C_CLR)     -0.319    23.638    i_rstgen_main/i_rstgen_bypass/synch_regs_q_reg[2]
  -------------------------------------------------------------------
                         required time                         23.638    
                         arrival time                          -1.937    
  -------------------------------------------------------------------
                         slack                                 21.700    

Slack (MET) :             21.717ns  (required time - arrival time)
  Source:                 i_axi_dwidth_converter_dm_slave/inst/gen_downsizer.gen_simple_downsizer.axi_downsizer_inst/USE_WRITE.write_addr_inst/cmd_queue/inst/fifo_gen_inst/inst_fifo_gen/gconvfifo.rf/grf.rf/rstblk/ngwrdrst.grst.g7serrst.gnsckt_wrst.gcc_rst.sckt_wr_rst_cc_reg[1]/C
                            (rising edge-triggered cell FDRE clocked by clk_out1_xlnx_clk_gen  {rise@0.000ns fall@12.500ns period=25.000ns})
  Destination:            i_axi_dwidth_converter_dm_slave/inst/gen_downsizer.gen_simple_downsizer.axi_downsizer_inst/USE_WRITE.write_addr_inst/cmd_queue/inst/fifo_gen_inst/inst_fifo_gen/gconvfifo.rf/grf.rf/gntv_or_sync_fifo.gl0.rd/rpntr/gc0.count_reg[1]/CLR
                            (recovery check against rising-edge clock clk_out1_xlnx_clk_gen  {rise@0.000ns fall@12.500ns period=25.000ns})
  Path Group:             **async_default**
  Path Type:              Recovery (Max at Slow Process Corner)
  Requirement:            25.000ns  (clk_out1_xlnx_clk_gen rise@25.000ns - clk_out1_xlnx_clk_gen rise@0.000ns)
  Data Path Delay:        2.731ns  (logic 0.642ns (23.506%)  route 2.089ns (76.494%))
  Logic Levels:           1  (LUT3=1)
  Clock Path Skew:        -0.064ns (DCD - SCD + CPR)
    Destination Clock Delay (DCD):    -1.522ns = ( 23.478 - 25.000 ) 
    Source Clock Delay      (SCD):    -0.890ns
    Clock Pessimism Removal (CPR):    0.567ns
  Clock Uncertainty:      0.082ns  ((TSJ^2 + DJ^2)^1/2) / 2 + PE
    Total System Jitter     (TSJ):    0.071ns
    Discrete Jitter          (DJ):    0.149ns
    Phase Error              (PE):    0.000ns

    Location             Delay type                Incr(ns)  Path(ns)    Netlist Resource(s)
  -------------------------------------------------------------------    -------------------
                         (clock clk_out1_xlnx_clk_gen rise edge)
                                                      0.000     0.000 r  
    K17                                               0.000     0.000 r  clk_sys (IN)
                         net (fo=0)                   0.000     0.000    i_xlnx_clk_gen/inst/clk_in1
    K17                  IBUF (Prop_ibuf_I_O)         1.475     1.475 r  i_xlnx_clk_gen/inst/clkin1_ibufg/O
                         net (fo=1, routed)           1.285     2.760    i_xlnx_clk_gen/inst/clk_in1_xlnx_clk_gen
    MMCME2_ADV_X1Y2      MMCME2_ADV (Prop_mmcme2_adv_CLKIN1_CLKOUT0)
                                                     -7.759    -4.999 r  i_xlnx_clk_gen/inst/mmcm_adv_inst/CLKOUT0
                         net (fo=1, routed)           2.206    -2.793    i_xlnx_clk_gen/inst/clk_out1_xlnx_clk_gen
    BUFGCTRL_X0Y16       BUFG (Prop_bufg_I_O)         0.101    -2.692 r  i_xlnx_clk_gen/inst/clkout1_buf/O
                         net (fo=14914, routed)       1.802    -0.890    i_axi_dwidth_converter_dm_slave/inst/gen_downsizer.gen_simple_downsizer.axi_downsizer_inst/USE_WRITE.write_addr_inst/cmd_queue/inst/fifo_gen_inst/inst_fifo_gen/gconvfifo.rf/grf.rf/rstblk/clk
    SLICE_X102Y7         FDRE                                         r  i_axi_dwidth_converter_dm_slave/inst/gen_downsizer.gen_simple_downsizer.axi_downsizer_inst/USE_WRITE.write_addr_inst/cmd_queue/inst/fifo_gen_inst/inst_fifo_gen/gconvfifo.rf/grf.rf/rstblk/ngwrdrst.grst.g7serrst.gnsckt_wrst.gcc_rst.sckt_wr_rst_cc_reg[1]/C
  -------------------------------------------------------------------    -------------------
    SLICE_X102Y7         FDRE (Prop_fdre_C_Q)         0.518    -0.372 f  i_axi_dwidth_converter_dm_slave/inst/gen_downsizer.gen_simple_downsizer.axi_downsizer_inst/USE_WRITE.write_addr_inst/cmd_queue/inst/fifo_gen_inst/inst_fifo_gen/gconvfifo.rf/grf.rf/rstblk/ngwrdrst.grst.g7serrst.gnsckt_wrst.gcc_rst.sckt_wr_rst_cc_reg[1]/Q
                         net (fo=2, routed)           0.664     0.292    i_axi_dwidth_converter_dm_slave/inst/gen_downsizer.gen_simple_downsizer.axi_downsizer_inst/USE_WRITE.write_addr_inst/cmd_queue/inst/fifo_gen_inst/inst_fifo_gen/gconvfifo.rf/grf.rf/rstblk/ngwrdrst.grst.g7serrst.gnsckt_wrst.gcc_rst.sckt_wr_rst_cc[1]
    SLICE_X102Y7         LUT3 (Prop_lut3_I0_O)        0.124     0.416 f  i_axi_dwidth_converter_dm_slave/inst/gen_downsizer.gen_simple_downsizer.axi_downsizer_inst/USE_WRITE.write_addr_inst/cmd_queue/inst/fifo_gen_inst/inst_fifo_gen/gconvfifo.rf/grf.rf/rstblk/gpregsm1.curr_fwft_state[1]_i_2/O
                         net (fo=32, routed)          1.425     1.841    i_axi_dwidth_converter_dm_slave/inst/gen_downsizer.gen_simple_downsizer.axi_downsizer_inst/USE_WRITE.write_addr_inst/cmd_queue/inst/fifo_gen_inst/inst_fifo_gen/gconvfifo.rf/grf.rf/gntv_or_sync_fifo.gl0.rd/rpntr/gc0.count_d1_reg[4]_1
    SLICE_X105Y11        FDCE                                         f  i_axi_dwidth_converter_dm_slave/inst/gen_downsizer.gen_simple_downsizer.axi_downsizer_inst/USE_WRITE.write_addr_inst/cmd_queue/inst/fifo_gen_inst/inst_fifo_gen/gconvfifo.rf/grf.rf/gntv_or_sync_fifo.gl0.rd/rpntr/gc0.count_reg[1]/CLR
  -------------------------------------------------------------------    -------------------

                         (clock clk_out1_xlnx_clk_gen rise edge)
                                                     25.000    25.000 r  
    K17                                               0.000    25.000 r  clk_sys (IN)
                         net (fo=0)                   0.000    25.000    i_xlnx_clk_gen/inst/clk_in1
    K17                  IBUF (Prop_ibuf_I_O)         1.404    26.404 r  i_xlnx_clk_gen/inst/clkin1_ibufg/O
                         net (fo=1, routed)           1.162    27.566    i_xlnx_clk_gen/inst/clk_in1_xlnx_clk_gen
    MMCME2_ADV_X1Y2      MMCME2_ADV (Prop_mmcme2_adv_CLKIN1_CLKOUT0)
                                                     -7.814    19.752 r  i_xlnx_clk_gen/inst/mmcm_adv_inst/CLKOUT0
                         net (fo=1, routed)           2.012    21.764    i_xlnx_clk_gen/inst/clk_out1_xlnx_clk_gen
    BUFGCTRL_X0Y16       BUFG (Prop_bufg_I_O)         0.091    21.855 r  i_xlnx_clk_gen/inst/clkout1_buf/O
                         net (fo=14914, routed)       1.623    23.478    i_axi_dwidth_converter_dm_slave/inst/gen_downsizer.gen_simple_downsizer.axi_downsizer_inst/USE_WRITE.write_addr_inst/cmd_queue/inst/fifo_gen_inst/inst_fifo_gen/gconvfifo.rf/grf.rf/gntv_or_sync_fifo.gl0.rd/rpntr/clk
    SLICE_X105Y11        FDCE                                         r  i_axi_dwidth_converter_dm_slave/inst/gen_downsizer.gen_simple_downsizer.axi_downsizer_inst/USE_WRITE.write_addr_inst/cmd_queue/inst/fifo_gen_inst/inst_fifo_gen/gconvfifo.rf/grf.rf/gntv_or_sync_fifo.gl0.rd/rpntr/gc0.count_reg[1]/C
                         clock pessimism              0.567    24.046    
                         clock uncertainty           -0.082    23.964    
    SLICE_X105Y11        FDCE (Recov_fdce_C_CLR)     -0.405    23.559    i_axi_dwidth_converter_dm_slave/inst/gen_downsizer.gen_simple_downsizer.axi_downsizer_inst/USE_WRITE.write_addr_inst/cmd_queue/inst/fifo_gen_inst/inst_fifo_gen/gconvfifo.rf/grf.rf/gntv_or_sync_fifo.gl0.rd/rpntr/gc0.count_reg[1]
  -------------------------------------------------------------------
                         required time                         23.559    
                         arrival time                          -1.841    
  -------------------------------------------------------------------
                         slack                                 21.717    

Slack (MET) :             21.717ns  (required time - arrival time)
  Source:                 i_axi_dwidth_converter_dm_slave/inst/gen_downsizer.gen_simple_downsizer.axi_downsizer_inst/USE_WRITE.write_addr_inst/cmd_queue/inst/fifo_gen_inst/inst_fifo_gen/gconvfifo.rf/grf.rf/rstblk/ngwrdrst.grst.g7serrst.gnsckt_wrst.gcc_rst.sckt_wr_rst_cc_reg[1]/C
                            (rising edge-triggered cell FDRE clocked by clk_out1_xlnx_clk_gen  {rise@0.000ns fall@12.500ns period=25.000ns})
  Destination:            i_axi_dwidth_converter_dm_slave/inst/gen_downsizer.gen_simple_downsizer.axi_downsizer_inst/USE_WRITE.write_addr_inst/cmd_queue/inst/fifo_gen_inst/inst_fifo_gen/gconvfifo.rf/grf.rf/gntv_or_sync_fifo.gl0.rd/rpntr/gc0.count_reg[2]/CLR
                            (recovery check against rising-edge clock clk_out1_xlnx_clk_gen  {rise@0.000ns fall@12.500ns period=25.000ns})
  Path Group:             **async_default**
  Path Type:              Recovery (Max at Slow Process Corner)
  Requirement:            25.000ns  (clk_out1_xlnx_clk_gen rise@25.000ns - clk_out1_xlnx_clk_gen rise@0.000ns)
  Data Path Delay:        2.731ns  (logic 0.642ns (23.506%)  route 2.089ns (76.494%))
  Logic Levels:           1  (LUT3=1)
  Clock Path Skew:        -0.064ns (DCD - SCD + CPR)
    Destination Clock Delay (DCD):    -1.522ns = ( 23.478 - 25.000 ) 
    Source Clock Delay      (SCD):    -0.890ns
    Clock Pessimism Removal (CPR):    0.567ns
  Clock Uncertainty:      0.082ns  ((TSJ^2 + DJ^2)^1/2) / 2 + PE
    Total System Jitter     (TSJ):    0.071ns
    Discrete Jitter          (DJ):    0.149ns
    Phase Error              (PE):    0.000ns

    Location             Delay type                Incr(ns)  Path(ns)    Netlist Resource(s)
  -------------------------------------------------------------------    -------------------
                         (clock clk_out1_xlnx_clk_gen rise edge)
                                                      0.000     0.000 r  
    K17                                               0.000     0.000 r  clk_sys (IN)
                         net (fo=0)                   0.000     0.000    i_xlnx_clk_gen/inst/clk_in1
    K17                  IBUF (Prop_ibuf_I_O)         1.475     1.475 r  i_xlnx_clk_gen/inst/clkin1_ibufg/O
                         net (fo=1, routed)           1.285     2.760    i_xlnx_clk_gen/inst/clk_in1_xlnx_clk_gen
    MMCME2_ADV_X1Y2      MMCME2_ADV (Prop_mmcme2_adv_CLKIN1_CLKOUT0)
                                                     -7.759    -4.999 r  i_xlnx_clk_gen/inst/mmcm_adv_inst/CLKOUT0
                         net (fo=1, routed)           2.206    -2.793    i_xlnx_clk_gen/inst/clk_out1_xlnx_clk_gen
    BUFGCTRL_X0Y16       BUFG (Prop_bufg_I_O)         0.101    -2.692 r  i_xlnx_clk_gen/inst/clkout1_buf/O
                         net (fo=14914, routed)       1.802    -0.890    i_axi_dwidth_converter_dm_slave/inst/gen_downsizer.gen_simple_downsizer.axi_downsizer_inst/USE_WRITE.write_addr_inst/cmd_queue/inst/fifo_gen_inst/inst_fifo_gen/gconvfifo.rf/grf.rf/rstblk/clk
    SLICE_X102Y7         FDRE                                         r  i_axi_dwidth_converter_dm_slave/inst/gen_downsizer.gen_simple_downsizer.axi_downsizer_inst/USE_WRITE.write_addr_inst/cmd_queue/inst/fifo_gen_inst/inst_fifo_gen/gconvfifo.rf/grf.rf/rstblk/ngwrdrst.grst.g7serrst.gnsckt_wrst.gcc_rst.sckt_wr_rst_cc_reg[1]/C
  -------------------------------------------------------------------    -------------------
    SLICE_X102Y7         FDRE (Prop_fdre_C_Q)         0.518    -0.372 f  i_axi_dwidth_converter_dm_slave/inst/gen_downsizer.gen_simple_downsizer.axi_downsizer_inst/USE_WRITE.write_addr_inst/cmd_queue/inst/fifo_gen_inst/inst_fifo_gen/gconvfifo.rf/grf.rf/rstblk/ngwrdrst.grst.g7serrst.gnsckt_wrst.gcc_rst.sckt_wr_rst_cc_reg[1]/Q
                         net (fo=2, routed)           0.664     0.292    i_axi_dwidth_converter_dm_slave/inst/gen_downsizer.gen_simple_downsizer.axi_downsizer_inst/USE_WRITE.write_addr_inst/cmd_queue/inst/fifo_gen_inst/inst_fifo_gen/gconvfifo.rf/grf.rf/rstblk/ngwrdrst.grst.g7serrst.gnsckt_wrst.gcc_rst.sckt_wr_rst_cc[1]
    SLICE_X102Y7         LUT3 (Prop_lut3_I0_O)        0.124     0.416 f  i_axi_dwidth_converter_dm_slave/inst/gen_downsizer.gen_simple_downsizer.axi_downsizer_inst/USE_WRITE.write_addr_inst/cmd_queue/inst/fifo_gen_inst/inst_fifo_gen/gconvfifo.rf/grf.rf/rstblk/gpregsm1.curr_fwft_state[1]_i_2/O
                         net (fo=32, routed)          1.425     1.841    i_axi_dwidth_converter_dm_slave/inst/gen_downsizer.gen_simple_downsizer.axi_downsizer_inst/USE_WRITE.write_addr_inst/cmd_queue/inst/fifo_gen_inst/inst_fifo_gen/gconvfifo.rf/grf.rf/gntv_or_sync_fifo.gl0.rd/rpntr/gc0.count_d1_reg[4]_1
    SLICE_X105Y11        FDCE                                         f  i_axi_dwidth_converter_dm_slave/inst/gen_downsizer.gen_simple_downsizer.axi_downsizer_inst/USE_WRITE.write_addr_inst/cmd_queue/inst/fifo_gen_inst/inst_fifo_gen/gconvfifo.rf/grf.rf/gntv_or_sync_fifo.gl0.rd/rpntr/gc0.count_reg[2]/CLR
  -------------------------------------------------------------------    -------------------

                         (clock clk_out1_xlnx_clk_gen rise edge)
                                                     25.000    25.000 r  
    K17                                               0.000    25.000 r  clk_sys (IN)
                         net (fo=0)                   0.000    25.000    i_xlnx_clk_gen/inst/clk_in1
    K17                  IBUF (Prop_ibuf_I_O)         1.404    26.404 r  i_xlnx_clk_gen/inst/clkin1_ibufg/O
                         net (fo=1, routed)           1.162    27.566    i_xlnx_clk_gen/inst/clk_in1_xlnx_clk_gen
    MMCME2_ADV_X1Y2      MMCME2_ADV (Prop_mmcme2_adv_CLKIN1_CLKOUT0)
                                                     -7.814    19.752 r  i_xlnx_clk_gen/inst/mmcm_adv_inst/CLKOUT0
                         net (fo=1, routed)           2.012    21.764    i_xlnx_clk_gen/inst/clk_out1_xlnx_clk_gen
    BUFGCTRL_X0Y16       BUFG (Prop_bufg_I_O)         0.091    21.855 r  i_xlnx_clk_gen/inst/clkout1_buf/O
                         net (fo=14914, routed)       1.623    23.478    i_axi_dwidth_converter_dm_slave/inst/gen_downsizer.gen_simple_downsizer.axi_downsizer_inst/USE_WRITE.write_addr_inst/cmd_queue/inst/fifo_gen_inst/inst_fifo_gen/gconvfifo.rf/grf.rf/gntv_or_sync_fifo.gl0.rd/rpntr/clk
    SLICE_X105Y11        FDCE                                         r  i_axi_dwidth_converter_dm_slave/inst/gen_downsizer.gen_simple_downsizer.axi_downsizer_inst/USE_WRITE.write_addr_inst/cmd_queue/inst/fifo_gen_inst/inst_fifo_gen/gconvfifo.rf/grf.rf/gntv_or_sync_fifo.gl0.rd/rpntr/gc0.count_reg[2]/C
                         clock pessimism              0.567    24.046    
                         clock uncertainty           -0.082    23.964    
    SLICE_X105Y11        FDCE (Recov_fdce_C_CLR)     -0.405    23.559    i_axi_dwidth_converter_dm_slave/inst/gen_downsizer.gen_simple_downsizer.axi_downsizer_inst/USE_WRITE.write_addr_inst/cmd_queue/inst/fifo_gen_inst/inst_fifo_gen/gconvfifo.rf/grf.rf/gntv_or_sync_fifo.gl0.rd/rpntr/gc0.count_reg[2]
  -------------------------------------------------------------------
                         required time                         23.559    
                         arrival time                          -1.841    
  -------------------------------------------------------------------
                         slack                                 21.717    

Slack (MET) :             21.763ns  (required time - arrival time)
  Source:                 i_axi_dwidth_converter_dm_slave/inst/gen_downsizer.gen_simple_downsizer.axi_downsizer_inst/USE_WRITE.write_addr_inst/USE_B_CHANNEL.cmd_b_queue/inst/fifo_gen_inst/inst_fifo_gen/gconvfifo.rf/grf.rf/rstblk/ngwrdrst.grst.g7serrst.gnsckt_wrst.rst_wr_reg2_inst/arststages_ff_reg[1]/C
                            (rising edge-triggered cell FDPE clocked by clk_out1_xlnx_clk_gen  {rise@0.000ns fall@12.500ns period=25.000ns})
  Destination:            i_axi_dwidth_converter_dm_slave/inst/gen_downsizer.gen_simple_downsizer.axi_downsizer_inst/USE_WRITE.write_addr_inst/USE_B_CHANNEL.cmd_b_queue/inst/fifo_gen_inst/inst_fifo_gen/gconvfifo.rf/grf.rf/gntv_or_sync_fifo.gl0.rd/rpntr/gc0.count_d1_reg[3]/CLR
                            (recovery check against rising-edge clock clk_out1_xlnx_clk_gen  {rise@0.000ns fall@12.500ns period=25.000ns})
  Path Group:             **async_default**
  Path Type:              Recovery (Max at Slow Process Corner)
  Requirement:            25.000ns  (clk_out1_xlnx_clk_gen rise@25.000ns - clk_out1_xlnx_clk_gen rise@0.000ns)
  Data Path Delay:        2.724ns  (logic 0.718ns (26.359%)  route 2.006ns (73.641%))
  Logic Levels:           1  (LUT3=1)
  Clock Path Skew:        -0.026ns (DCD - SCD + CPR)
    Destination Clock Delay (DCD):    -1.447ns = ( 23.553 - 25.000 ) 
    Source Clock Delay      (SCD):    -0.812ns
    Clock Pessimism Removal (CPR):    0.608ns
  Clock Uncertainty:      0.082ns  ((TSJ^2 + DJ^2)^1/2) / 2 + PE
    Total System Jitter     (TSJ):    0.071ns
    Discrete Jitter          (DJ):    0.149ns
    Phase Error              (PE):    0.000ns

    Location             Delay type                Incr(ns)  Path(ns)    Netlist Resource(s)
  -------------------------------------------------------------------    -------------------
                         (clock clk_out1_xlnx_clk_gen rise edge)
                                                      0.000     0.000 r  
    K17                                               0.000     0.000 r  clk_sys (IN)
                         net (fo=0)                   0.000     0.000    i_xlnx_clk_gen/inst/clk_in1
    K17                  IBUF (Prop_ibuf_I_O)         1.475     1.475 r  i_xlnx_clk_gen/inst/clkin1_ibufg/O
                         net (fo=1, routed)           1.285     2.760    i_xlnx_clk_gen/inst/clk_in1_xlnx_clk_gen
    MMCME2_ADV_X1Y2      MMCME2_ADV (Prop_mmcme2_adv_CLKIN1_CLKOUT0)
                                                     -7.759    -4.999 r  i_xlnx_clk_gen/inst/mmcm_adv_inst/CLKOUT0
                         net (fo=1, routed)           2.206    -2.793    i_xlnx_clk_gen/inst/clk_out1_xlnx_clk_gen
    BUFGCTRL_X0Y16       BUFG (Prop_bufg_I_O)         0.101    -2.692 r  i_xlnx_clk_gen/inst/clkout1_buf/O
                         net (fo=14914, routed)       1.880    -0.812    i_axi_dwidth_converter_dm_slave/inst/gen_downsizer.gen_simple_downsizer.axi_downsizer_inst/USE_WRITE.write_addr_inst/USE_B_CHANNEL.cmd_b_queue/inst/fifo_gen_inst/inst_fifo_gen/gconvfifo.rf/grf.rf/rstblk/ngwrdrst.grst.g7serrst.gnsckt_wrst.rst_wr_reg2_inst/dest_clk
    SLICE_X106Y8         FDPE                                         r  i_axi_dwidth_converter_dm_slave/inst/gen_downsizer.gen_simple_downsizer.axi_downsizer_inst/USE_WRITE.write_addr_inst/USE_B_CHANNEL.cmd_b_queue/inst/fifo_gen_inst/inst_fifo_gen/gconvfifo.rf/grf.rf/rstblk/ngwrdrst.grst.g7serrst.gnsckt_wrst.rst_wr_reg2_inst/arststages_ff_reg[1]/C
  -------------------------------------------------------------------    -------------------
    SLICE_X106Y8         FDPE (Prop_fdpe_C_Q)         0.419    -0.393 f  i_axi_dwidth_converter_dm_slave/inst/gen_downsizer.gen_simple_downsizer.axi_downsizer_inst/USE_WRITE.write_addr_inst/USE_B_CHANNEL.cmd_b_queue/inst/fifo_gen_inst/inst_fifo_gen/gconvfifo.rf/grf.rf/rstblk/ngwrdrst.grst.g7serrst.gnsckt_wrst.rst_wr_reg2_inst/arststages_ff_reg[1]/Q
                         net (fo=3, routed)           0.822     0.428    i_axi_dwidth_converter_dm_slave/inst/gen_downsizer.gen_simple_downsizer.axi_downsizer_inst/USE_WRITE.write_addr_inst/USE_B_CHANNEL.cmd_b_queue/inst/fifo_gen_inst/inst_fifo_gen/gconvfifo.rf/grf.rf/rstblk/ngwrdrst.rst_wr_reg2
    SLICE_X108Y8         LUT3 (Prop_lut3_I2_O)        0.299     0.727 f  i_axi_dwidth_converter_dm_slave/inst/gen_downsizer.gen_simple_downsizer.axi_downsizer_inst/USE_WRITE.write_addr_inst/USE_B_CHANNEL.cmd_b_queue/inst/fifo_gen_inst/inst_fifo_gen/gconvfifo.rf/grf.rf/rstblk/gpregsm1.curr_fwft_state[1]_i_2/O
                         net (fo=32, routed)          1.184     1.912    i_axi_dwidth_converter_dm_slave/inst/gen_downsizer.gen_simple_downsizer.axi_downsizer_inst/USE_WRITE.write_addr_inst/USE_B_CHANNEL.cmd_b_queue/inst/fifo_gen_inst/inst_fifo_gen/gconvfifo.rf/grf.rf/gntv_or_sync_fifo.gl0.rd/rpntr/gc0.count_d1_reg[4]_1
    SLICE_X106Y10        FDCE                                         f  i_axi_dwidth_converter_dm_slave/inst/gen_downsizer.gen_simple_downsizer.axi_downsizer_inst/USE_WRITE.write_addr_inst/USE_B_CHANNEL.cmd_b_queue/inst/fifo_gen_inst/inst_fifo_gen/gconvfifo.rf/grf.rf/gntv_or_sync_fifo.gl0.rd/rpntr/gc0.count_d1_reg[3]/CLR
  -------------------------------------------------------------------    -------------------

                         (clock clk_out1_xlnx_clk_gen rise edge)
                                                     25.000    25.000 r  
    K17                                               0.000    25.000 r  clk_sys (IN)
                         net (fo=0)                   0.000    25.000    i_xlnx_clk_gen/inst/clk_in1
    K17                  IBUF (Prop_ibuf_I_O)         1.404    26.404 r  i_xlnx_clk_gen/inst/clkin1_ibufg/O
                         net (fo=1, routed)           1.162    27.566    i_xlnx_clk_gen/inst/clk_in1_xlnx_clk_gen
    MMCME2_ADV_X1Y2      MMCME2_ADV (Prop_mmcme2_adv_CLKIN1_CLKOUT0)
                                                     -7.814    19.752 r  i_xlnx_clk_gen/inst/mmcm_adv_inst/CLKOUT0
                         net (fo=1, routed)           2.012    21.764    i_xlnx_clk_gen/inst/clk_out1_xlnx_clk_gen
    BUFGCTRL_X0Y16       BUFG (Prop_bufg_I_O)         0.091    21.855 r  i_xlnx_clk_gen/inst/clkout1_buf/O
                         net (fo=14914, routed)       1.698    23.553    i_axi_dwidth_converter_dm_slave/inst/gen_downsizer.gen_simple_downsizer.axi_downsizer_inst/USE_WRITE.write_addr_inst/USE_B_CHANNEL.cmd_b_queue/inst/fifo_gen_inst/inst_fifo_gen/gconvfifo.rf/grf.rf/gntv_or_sync_fifo.gl0.rd/rpntr/clk
    SLICE_X106Y10        FDCE                                         r  i_axi_dwidth_converter_dm_slave/inst/gen_downsizer.gen_simple_downsizer.axi_downsizer_inst/USE_WRITE.write_addr_inst/USE_B_CHANNEL.cmd_b_queue/inst/fifo_gen_inst/inst_fifo_gen/gconvfifo.rf/grf.rf/gntv_or_sync_fifo.gl0.rd/rpntr/gc0.count_d1_reg[3]/C
                         clock pessimism              0.608    24.162    
                         clock uncertainty           -0.082    24.080    
    SLICE_X106Y10        FDCE (Recov_fdce_C_CLR)     -0.405    23.675    i_axi_dwidth_converter_dm_slave/inst/gen_downsizer.gen_simple_downsizer.axi_downsizer_inst/USE_WRITE.write_addr_inst/USE_B_CHANNEL.cmd_b_queue/inst/fifo_gen_inst/inst_fifo_gen/gconvfifo.rf/grf.rf/gntv_or_sync_fifo.gl0.rd/rpntr/gc0.count_d1_reg[3]
  -------------------------------------------------------------------
                         required time                         23.675    
                         arrival time                          -1.912    
  -------------------------------------------------------------------
                         slack                                 21.763    

Slack (MET) :             21.763ns  (required time - arrival time)
  Source:                 i_axi_dwidth_converter_dm_slave/inst/gen_downsizer.gen_simple_downsizer.axi_downsizer_inst/USE_WRITE.write_addr_inst/USE_B_CHANNEL.cmd_b_queue/inst/fifo_gen_inst/inst_fifo_gen/gconvfifo.rf/grf.rf/rstblk/ngwrdrst.grst.g7serrst.gnsckt_wrst.rst_wr_reg2_inst/arststages_ff_reg[1]/C
                            (rising edge-triggered cell FDPE clocked by clk_out1_xlnx_clk_gen  {rise@0.000ns fall@12.500ns period=25.000ns})
  Destination:            i_axi_dwidth_converter_dm_slave/inst/gen_downsizer.gen_simple_downsizer.axi_downsizer_inst/USE_WRITE.write_addr_inst/USE_B_CHANNEL.cmd_b_queue/inst/fifo_gen_inst/inst_fifo_gen/gconvfifo.rf/grf.rf/gntv_or_sync_fifo.gl0.rd/rpntr/gc0.count_d1_reg[4]/CLR
                            (recovery check against rising-edge clock clk_out1_xlnx_clk_gen  {rise@0.000ns fall@12.500ns period=25.000ns})
  Path Group:             **async_default**
  Path Type:              Recovery (Max at Slow Process Corner)
  Requirement:            25.000ns  (clk_out1_xlnx_clk_gen rise@25.000ns - clk_out1_xlnx_clk_gen rise@0.000ns)
  Data Path Delay:        2.724ns  (logic 0.718ns (26.359%)  route 2.006ns (73.641%))
  Logic Levels:           1  (LUT3=1)
  Clock Path Skew:        -0.026ns (DCD - SCD + CPR)
    Destination Clock Delay (DCD):    -1.447ns = ( 23.553 - 25.000 ) 
    Source Clock Delay      (SCD):    -0.812ns
    Clock Pessimism Removal (CPR):    0.608ns
  Clock Uncertainty:      0.082ns  ((TSJ^2 + DJ^2)^1/2) / 2 + PE
    Total System Jitter     (TSJ):    0.071ns
    Discrete Jitter          (DJ):    0.149ns
    Phase Error              (PE):    0.000ns

    Location             Delay type                Incr(ns)  Path(ns)    Netlist Resource(s)
  -------------------------------------------------------------------    -------------------
                         (clock clk_out1_xlnx_clk_gen rise edge)
                                                      0.000     0.000 r  
    K17                                               0.000     0.000 r  clk_sys (IN)
                         net (fo=0)                   0.000     0.000    i_xlnx_clk_gen/inst/clk_in1
    K17                  IBUF (Prop_ibuf_I_O)         1.475     1.475 r  i_xlnx_clk_gen/inst/clkin1_ibufg/O
                         net (fo=1, routed)           1.285     2.760    i_xlnx_clk_gen/inst/clk_in1_xlnx_clk_gen
    MMCME2_ADV_X1Y2      MMCME2_ADV (Prop_mmcme2_adv_CLKIN1_CLKOUT0)
                                                     -7.759    -4.999 r  i_xlnx_clk_gen/inst/mmcm_adv_inst/CLKOUT0
                         net (fo=1, routed)           2.206    -2.793    i_xlnx_clk_gen/inst/clk_out1_xlnx_clk_gen
    BUFGCTRL_X0Y16       BUFG (Prop_bufg_I_O)         0.101    -2.692 r  i_xlnx_clk_gen/inst/clkout1_buf/O
                         net (fo=14914, routed)       1.880    -0.812    i_axi_dwidth_converter_dm_slave/inst/gen_downsizer.gen_simple_downsizer.axi_downsizer_inst/USE_WRITE.write_addr_inst/USE_B_CHANNEL.cmd_b_queue/inst/fifo_gen_inst/inst_fifo_gen/gconvfifo.rf/grf.rf/rstblk/ngwrdrst.grst.g7serrst.gnsckt_wrst.rst_wr_reg2_inst/dest_clk
    SLICE_X106Y8         FDPE                                         r  i_axi_dwidth_converter_dm_slave/inst/gen_downsizer.gen_simple_downsizer.axi_downsizer_inst/USE_WRITE.write_addr_inst/USE_B_CHANNEL.cmd_b_queue/inst/fifo_gen_inst/inst_fifo_gen/gconvfifo.rf/grf.rf/rstblk/ngwrdrst.grst.g7serrst.gnsckt_wrst.rst_wr_reg2_inst/arststages_ff_reg[1]/C
  -------------------------------------------------------------------    -------------------
    SLICE_X106Y8         FDPE (Prop_fdpe_C_Q)         0.419    -0.393 f  i_axi_dwidth_converter_dm_slave/inst/gen_downsizer.gen_simple_downsizer.axi_downsizer_inst/USE_WRITE.write_addr_inst/USE_B_CHANNEL.cmd_b_queue/inst/fifo_gen_inst/inst_fifo_gen/gconvfifo.rf/grf.rf/rstblk/ngwrdrst.grst.g7serrst.gnsckt_wrst.rst_wr_reg2_inst/arststages_ff_reg[1]/Q
                         net (fo=3, routed)           0.822     0.428    i_axi_dwidth_converter_dm_slave/inst/gen_downsizer.gen_simple_downsizer.axi_downsizer_inst/USE_WRITE.write_addr_inst/USE_B_CHANNEL.cmd_b_queue/inst/fifo_gen_inst/inst_fifo_gen/gconvfifo.rf/grf.rf/rstblk/ngwrdrst.rst_wr_reg2
    SLICE_X108Y8         LUT3 (Prop_lut3_I2_O)        0.299     0.727 f  i_axi_dwidth_converter_dm_slave/inst/gen_downsizer.gen_simple_downsizer.axi_downsizer_inst/USE_WRITE.write_addr_inst/USE_B_CHANNEL.cmd_b_queue/inst/fifo_gen_inst/inst_fifo_gen/gconvfifo.rf/grf.rf/rstblk/gpregsm1.curr_fwft_state[1]_i_2/O
                         net (fo=32, routed)          1.184     1.912    i_axi_dwidth_converter_dm_slave/inst/gen_downsizer.gen_simple_downsizer.axi_downsizer_inst/USE_WRITE.write_addr_inst/USE_B_CHANNEL.cmd_b_queue/inst/fifo_gen_inst/inst_fifo_gen/gconvfifo.rf/grf.rf/gntv_or_sync_fifo.gl0.rd/rpntr/gc0.count_d1_reg[4]_1
    SLICE_X106Y10        FDCE                                         f  i_axi_dwidth_converter_dm_slave/inst/gen_downsizer.gen_simple_downsizer.axi_downsizer_inst/USE_WRITE.write_addr_inst/USE_B_CHANNEL.cmd_b_queue/inst/fifo_gen_inst/inst_fifo_gen/gconvfifo.rf/grf.rf/gntv_or_sync_fifo.gl0.rd/rpntr/gc0.count_d1_reg[4]/CLR
  -------------------------------------------------------------------    -------------------

                         (clock clk_out1_xlnx_clk_gen rise edge)
                                                     25.000    25.000 r  
    K17                                               0.000    25.000 r  clk_sys (IN)
                         net (fo=0)                   0.000    25.000    i_xlnx_clk_gen/inst/clk_in1
    K17                  IBUF (Prop_ibuf_I_O)         1.404    26.404 r  i_xlnx_clk_gen/inst/clkin1_ibufg/O
                         net (fo=1, routed)           1.162    27.566    i_xlnx_clk_gen/inst/clk_in1_xlnx_clk_gen
    MMCME2_ADV_X1Y2      MMCME2_ADV (Prop_mmcme2_adv_CLKIN1_CLKOUT0)
                                                     -7.814    19.752 r  i_xlnx_clk_gen/inst/mmcm_adv_inst/CLKOUT0
                         net (fo=1, routed)           2.012    21.764    i_xlnx_clk_gen/inst/clk_out1_xlnx_clk_gen
    BUFGCTRL_X0Y16       BUFG (Prop_bufg_I_O)         0.091    21.855 r  i_xlnx_clk_gen/inst/clkout1_buf/O
                         net (fo=14914, routed)       1.698    23.553    i_axi_dwidth_converter_dm_slave/inst/gen_downsizer.gen_simple_downsizer.axi_downsizer_inst/USE_WRITE.write_addr_inst/USE_B_CHANNEL.cmd_b_queue/inst/fifo_gen_inst/inst_fifo_gen/gconvfifo.rf/grf.rf/gntv_or_sync_fifo.gl0.rd/rpntr/clk
    SLICE_X106Y10        FDCE                                         r  i_axi_dwidth_converter_dm_slave/inst/gen_downsizer.gen_simple_downsizer.axi_downsizer_inst/USE_WRITE.write_addr_inst/USE_B_CHANNEL.cmd_b_queue/inst/fifo_gen_inst/inst_fifo_gen/gconvfifo.rf/grf.rf/gntv_or_sync_fifo.gl0.rd/rpntr/gc0.count_d1_reg[4]/C
                         clock pessimism              0.608    24.162    
                         clock uncertainty           -0.082    24.080    
    SLICE_X106Y10        FDCE (Recov_fdce_C_CLR)     -0.405    23.675    i_axi_dwidth_converter_dm_slave/inst/gen_downsizer.gen_simple_downsizer.axi_downsizer_inst/USE_WRITE.write_addr_inst/USE_B_CHANNEL.cmd_b_queue/inst/fifo_gen_inst/inst_fifo_gen/gconvfifo.rf/grf.rf/gntv_or_sync_fifo.gl0.rd/rpntr/gc0.count_d1_reg[4]
  -------------------------------------------------------------------
                         required time                         23.675    
                         arrival time                          -1.912    
  -------------------------------------------------------------------
                         slack                                 21.763    

Slack (MET) :             21.763ns  (required time - arrival time)
  Source:                 i_axi_dwidth_converter_dm_slave/inst/gen_downsizer.gen_simple_downsizer.axi_downsizer_inst/USE_WRITE.write_addr_inst/USE_B_CHANNEL.cmd_b_queue/inst/fifo_gen_inst/inst_fifo_gen/gconvfifo.rf/grf.rf/rstblk/ngwrdrst.grst.g7serrst.gnsckt_wrst.rst_wr_reg2_inst/arststages_ff_reg[1]/C
                            (rising edge-triggered cell FDPE clocked by clk_out1_xlnx_clk_gen  {rise@0.000ns fall@12.500ns period=25.000ns})
  Destination:            i_axi_dwidth_converter_dm_slave/inst/gen_downsizer.gen_simple_downsizer.axi_downsizer_inst/USE_WRITE.write_addr_inst/USE_B_CHANNEL.cmd_b_queue/inst/fifo_gen_inst/inst_fifo_gen/gconvfifo.rf/grf.rf/gntv_or_sync_fifo.gl0.rd/rpntr/gc0.count_reg[3]/CLR
                            (recovery check against rising-edge clock clk_out1_xlnx_clk_gen  {rise@0.000ns fall@12.500ns period=25.000ns})
  Path Group:             **async_default**
  Path Type:              Recovery (Max at Slow Process Corner)
  Requirement:            25.000ns  (clk_out1_xlnx_clk_gen rise@25.000ns - clk_out1_xlnx_clk_gen rise@0.000ns)
  Data Path Delay:        2.724ns  (logic 0.718ns (26.359%)  route 2.006ns (73.641%))
  Logic Levels:           1  (LUT3=1)
  Clock Path Skew:        -0.026ns (DCD - SCD + CPR)
    Destination Clock Delay (DCD):    -1.447ns = ( 23.553 - 25.000 ) 
    Source Clock Delay      (SCD):    -0.812ns
    Clock Pessimism Removal (CPR):    0.608ns
  Clock Uncertainty:      0.082ns  ((TSJ^2 + DJ^2)^1/2) / 2 + PE
    Total System Jitter     (TSJ):    0.071ns
    Discrete Jitter          (DJ):    0.149ns
    Phase Error              (PE):    0.000ns

    Location             Delay type                Incr(ns)  Path(ns)    Netlist Resource(s)
  -------------------------------------------------------------------    -------------------
                         (clock clk_out1_xlnx_clk_gen rise edge)
                                                      0.000     0.000 r  
    K17                                               0.000     0.000 r  clk_sys (IN)
                         net (fo=0)                   0.000     0.000    i_xlnx_clk_gen/inst/clk_in1
    K17                  IBUF (Prop_ibuf_I_O)         1.475     1.475 r  i_xlnx_clk_gen/inst/clkin1_ibufg/O
                         net (fo=1, routed)           1.285     2.760    i_xlnx_clk_gen/inst/clk_in1_xlnx_clk_gen
    MMCME2_ADV_X1Y2      MMCME2_ADV (Prop_mmcme2_adv_CLKIN1_CLKOUT0)
                                                     -7.759    -4.999 r  i_xlnx_clk_gen/inst/mmcm_adv_inst/CLKOUT0
                         net (fo=1, routed)           2.206    -2.793    i_xlnx_clk_gen/inst/clk_out1_xlnx_clk_gen
    BUFGCTRL_X0Y16       BUFG (Prop_bufg_I_O)         0.101    -2.692 r  i_xlnx_clk_gen/inst/clkout1_buf/O
                         net (fo=14914, routed)       1.880    -0.812    i_axi_dwidth_converter_dm_slave/inst/gen_downsizer.gen_simple_downsizer.axi_downsizer_inst/USE_WRITE.write_addr_inst/USE_B_CHANNEL.cmd_b_queue/inst/fifo_gen_inst/inst_fifo_gen/gconvfifo.rf/grf.rf/rstblk/ngwrdrst.grst.g7serrst.gnsckt_wrst.rst_wr_reg2_inst/dest_clk
    SLICE_X106Y8         FDPE                                         r  i_axi_dwidth_converter_dm_slave/inst/gen_downsizer.gen_simple_downsizer.axi_downsizer_inst/USE_WRITE.write_addr_inst/USE_B_CHANNEL.cmd_b_queue/inst/fifo_gen_inst/inst_fifo_gen/gconvfifo.rf/grf.rf/rstblk/ngwrdrst.grst.g7serrst.gnsckt_wrst.rst_wr_reg2_inst/arststages_ff_reg[1]/C
  -------------------------------------------------------------------    -------------------
    SLICE_X106Y8         FDPE (Prop_fdpe_C_Q)         0.419    -0.393 f  i_axi_dwidth_converter_dm_slave/inst/gen_downsizer.gen_simple_downsizer.axi_downsizer_inst/USE_WRITE.write_addr_inst/USE_B_CHANNEL.cmd_b_queue/inst/fifo_gen_inst/inst_fifo_gen/gconvfifo.rf/grf.rf/rstblk/ngwrdrst.grst.g7serrst.gnsckt_wrst.rst_wr_reg2_inst/arststages_ff_reg[1]/Q
                         net (fo=3, routed)           0.822     0.428    i_axi_dwidth_converter_dm_slave/inst/gen_downsizer.gen_simple_downsizer.axi_downsizer_inst/USE_WRITE.write_addr_inst/USE_B_CHANNEL.cmd_b_queue/inst/fifo_gen_inst/inst_fifo_gen/gconvfifo.rf/grf.rf/rstblk/ngwrdrst.rst_wr_reg2
    SLICE_X108Y8         LUT3 (Prop_lut3_I2_O)        0.299     0.727 f  i_axi_dwidth_converter_dm_slave/inst/gen_downsizer.gen_simple_downsizer.axi_downsizer_inst/USE_WRITE.write_addr_inst/USE_B_CHANNEL.cmd_b_queue/inst/fifo_gen_inst/inst_fifo_gen/gconvfifo.rf/grf.rf/rstblk/gpregsm1.curr_fwft_state[1]_i_2/O
                         net (fo=32, routed)          1.184     1.912    i_axi_dwidth_converter_dm_slave/inst/gen_downsizer.gen_simple_downsizer.axi_downsizer_inst/USE_WRITE.write_addr_inst/USE_B_CHANNEL.cmd_b_queue/inst/fifo_gen_inst/inst_fifo_gen/gconvfifo.rf/grf.rf/gntv_or_sync_fifo.gl0.rd/rpntr/gc0.count_d1_reg[4]_1
    SLICE_X106Y10        FDCE                                         f  i_axi_dwidth_converter_dm_slave/inst/gen_downsizer.gen_simple_downsizer.axi_downsizer_inst/USE_WRITE.write_addr_inst/USE_B_CHANNEL.cmd_b_queue/inst/fifo_gen_inst/inst_fifo_gen/gconvfifo.rf/grf.rf/gntv_or_sync_fifo.gl0.rd/rpntr/gc0.count_reg[3]/CLR
  -------------------------------------------------------------------    -------------------

                         (clock clk_out1_xlnx_clk_gen rise edge)
                                                     25.000    25.000 r  
    K17                                               0.000    25.000 r  clk_sys (IN)
                         net (fo=0)                   0.000    25.000    i_xlnx_clk_gen/inst/clk_in1
    K17                  IBUF (Prop_ibuf_I_O)         1.404    26.404 r  i_xlnx_clk_gen/inst/clkin1_ibufg/O
                         net (fo=1, routed)           1.162    27.566    i_xlnx_clk_gen/inst/clk_in1_xlnx_clk_gen
    MMCME2_ADV_X1Y2      MMCME2_ADV (Prop_mmcme2_adv_CLKIN1_CLKOUT0)
                                                     -7.814    19.752 r  i_xlnx_clk_gen/inst/mmcm_adv_inst/CLKOUT0
                         net (fo=1, routed)           2.012    21.764    i_xlnx_clk_gen/inst/clk_out1_xlnx_clk_gen
    BUFGCTRL_X0Y16       BUFG (Prop_bufg_I_O)         0.091    21.855 r  i_xlnx_clk_gen/inst/clkout1_buf/O
                         net (fo=14914, routed)       1.698    23.553    i_axi_dwidth_converter_dm_slave/inst/gen_downsizer.gen_simple_downsizer.axi_downsizer_inst/USE_WRITE.write_addr_inst/USE_B_CHANNEL.cmd_b_queue/inst/fifo_gen_inst/inst_fifo_gen/gconvfifo.rf/grf.rf/gntv_or_sync_fifo.gl0.rd/rpntr/clk
    SLICE_X106Y10        FDCE                                         r  i_axi_dwidth_converter_dm_slave/inst/gen_downsizer.gen_simple_downsizer.axi_downsizer_inst/USE_WRITE.write_addr_inst/USE_B_CHANNEL.cmd_b_queue/inst/fifo_gen_inst/inst_fifo_gen/gconvfifo.rf/grf.rf/gntv_or_sync_fifo.gl0.rd/rpntr/gc0.count_reg[3]/C
                         clock pessimism              0.608    24.162    
                         clock uncertainty           -0.082    24.080    
    SLICE_X106Y10        FDCE (Recov_fdce_C_CLR)     -0.405    23.675    i_axi_dwidth_converter_dm_slave/inst/gen_downsizer.gen_simple_downsizer.axi_downsizer_inst/USE_WRITE.write_addr_inst/USE_B_CHANNEL.cmd_b_queue/inst/fifo_gen_inst/inst_fifo_gen/gconvfifo.rf/grf.rf/gntv_or_sync_fifo.gl0.rd/rpntr/gc0.count_reg[3]
  -------------------------------------------------------------------
                         required time                         23.675    
                         arrival time                          -1.912    
  -------------------------------------------------------------------
                         slack                                 21.763    





Min Delay Paths
--------------------------------------------------------------------------------------
Slack (MET) :             0.486ns  (arrival time - required time)
  Source:                 i_axi_dwidth_converter_dm_slave/inst/gen_downsizer.gen_simple_downsizer.axi_downsizer_inst/USE_READ.read_addr_inst/cmd_queue/inst/fifo_gen_inst/inst_fifo_gen/gconvfifo.rf/grf.rf/rstblk/ngwrdrst.grst.g7serrst.gnsckt_wrst.gcc_rst.sckt_wr_rst_cc_reg[0]/C
                            (rising edge-triggered cell FDRE clocked by clk_out1_xlnx_clk_gen  {rise@0.000ns fall@12.500ns period=25.000ns})
  Destination:            i_axi_dwidth_converter_dm_slave/inst/gen_downsizer.gen_simple_downsizer.axi_downsizer_inst/USE_READ.read_addr_inst/cmd_queue/inst/fifo_gen_inst/inst_fifo_gen/gconvfifo.rf/grf.rf/gntv_or_sync_fifo.gl0.rd/rpntr/gc0.count_d1_reg[1]/CLR
                            (removal check against rising-edge clock clk_out1_xlnx_clk_gen  {rise@0.000ns fall@12.500ns period=25.000ns})
  Path Group:             **async_default**
  Path Type:              Removal (Min at Fast Process Corner)
  Requirement:            0.000ns  (clk_out1_xlnx_clk_gen rise@0.000ns - clk_out1_xlnx_clk_gen rise@0.000ns)
  Data Path Delay:        0.434ns  (logic 0.186ns (42.854%)  route 0.248ns (57.146%))
  Logic Levels:           1  (LUT3=1)
  Clock Path Skew:        0.015ns (DCD - SCD - CPR)
    Destination Clock Delay (DCD):    -0.837ns
    Source Clock Delay      (SCD):    -0.599ns
    Clock Pessimism Removal (CPR):    -0.254ns

    Location             Delay type                Incr(ns)  Path(ns)    Netlist Resource(s)
  -------------------------------------------------------------------    -------------------
                         (clock clk_out1_xlnx_clk_gen rise edge)
                                                      0.000     0.000 r  
    K17                                               0.000     0.000 r  clk_sys (IN)
                         net (fo=0)                   0.000     0.000    i_xlnx_clk_gen/inst/clk_in1
    K17                  IBUF (Prop_ibuf_I_O)         0.243     0.243 r  i_xlnx_clk_gen/inst/clkin1_ibufg/O
                         net (fo=1, routed)           0.440     0.683    i_xlnx_clk_gen/inst/clk_in1_xlnx_clk_gen
    MMCME2_ADV_X1Y2      MMCME2_ADV (Prop_mmcme2_adv_CLKIN1_CLKOUT0)
                                                     -2.613    -1.930 r  i_xlnx_clk_gen/inst/mmcm_adv_inst/CLKOUT0
                         net (fo=1, routed)           0.696    -1.233    i_xlnx_clk_gen/inst/clk_out1_xlnx_clk_gen
    BUFGCTRL_X0Y16       BUFG (Prop_bufg_I_O)         0.026    -1.207 r  i_xlnx_clk_gen/inst/clkout1_buf/O
                         net (fo=14914, routed)       0.609    -0.599    i_axi_dwidth_converter_dm_slave/inst/gen_downsizer.gen_simple_downsizer.axi_downsizer_inst/USE_READ.read_addr_inst/cmd_queue/inst/fifo_gen_inst/inst_fifo_gen/gconvfifo.rf/grf.rf/rstblk/clk
    SLICE_X97Y14         FDRE                                         r  i_axi_dwidth_converter_dm_slave/inst/gen_downsizer.gen_simple_downsizer.axi_downsizer_inst/USE_READ.read_addr_inst/cmd_queue/inst/fifo_gen_inst/inst_fifo_gen/gconvfifo.rf/grf.rf/rstblk/ngwrdrst.grst.g7serrst.gnsckt_wrst.gcc_rst.sckt_wr_rst_cc_reg[0]/C
  -------------------------------------------------------------------    -------------------
    SLICE_X97Y14         FDRE (Prop_fdre_C_Q)         0.141    -0.458 f  i_axi_dwidth_converter_dm_slave/inst/gen_downsizer.gen_simple_downsizer.axi_downsizer_inst/USE_READ.read_addr_inst/cmd_queue/inst/fifo_gen_inst/inst_fifo_gen/gconvfifo.rf/grf.rf/rstblk/ngwrdrst.grst.g7serrst.gnsckt_wrst.gcc_rst.sckt_wr_rst_cc_reg[0]/Q
                         net (fo=3, routed)           0.114    -0.343    i_axi_dwidth_converter_dm_slave/inst/gen_downsizer.gen_simple_downsizer.axi_downsizer_inst/USE_READ.read_addr_inst/cmd_queue/inst/fifo_gen_inst/inst_fifo_gen/gconvfifo.rf/grf.rf/rstblk/ngwrdrst.grst.g7serrst.gnsckt_wrst.gcc_rst.sckt_wr_rst_cc[0]
    SLICE_X96Y14         LUT3 (Prop_lut3_I1_O)        0.045    -0.298 f  i_axi_dwidth_converter_dm_slave/inst/gen_downsizer.gen_simple_downsizer.axi_downsizer_inst/USE_READ.read_addr_inst/cmd_queue/inst/fifo_gen_inst/inst_fifo_gen/gconvfifo.rf/grf.rf/rstblk/gpregsm1.curr_fwft_state[1]_i_2/O
                         net (fo=32, routed)          0.134    -0.165    i_axi_dwidth_converter_dm_slave/inst/gen_downsizer.gen_simple_downsizer.axi_downsizer_inst/USE_READ.read_addr_inst/cmd_queue/inst/fifo_gen_inst/inst_fifo_gen/gconvfifo.rf/grf.rf/gntv_or_sync_fifo.gl0.rd/rpntr/gc0.count_d1_reg[4]_1
    SLICE_X94Y14         FDCE                                         f  i_axi_dwidth_converter_dm_slave/inst/gen_downsizer.gen_simple_downsizer.axi_downsizer_inst/USE_READ.read_addr_inst/cmd_queue/inst/fifo_gen_inst/inst_fifo_gen/gconvfifo.rf/grf.rf/gntv_or_sync_fifo.gl0.rd/rpntr/gc0.count_d1_reg[1]/CLR
  -------------------------------------------------------------------    -------------------

                         (clock clk_out1_xlnx_clk_gen rise edge)
                                                      0.000     0.000 r  
    K17                                               0.000     0.000 r  clk_sys (IN)
                         net (fo=0)                   0.000     0.000    i_xlnx_clk_gen/inst/clk_in1
    K17                  IBUF (Prop_ibuf_I_O)         0.431     0.431 r  i_xlnx_clk_gen/inst/clkin1_ibufg/O
                         net (fo=1, routed)           0.480     0.911    i_xlnx_clk_gen/inst/clk_in1_xlnx_clk_gen
    MMCME2_ADV_X1Y2      MMCME2_ADV (Prop_mmcme2_adv_CLKIN1_CLKOUT0)
                                                     -3.407    -2.496 r  i_xlnx_clk_gen/inst/mmcm_adv_inst/CLKOUT0
                         net (fo=1, routed)           0.752    -1.744    i_xlnx_clk_gen/inst/clk_out1_xlnx_clk_gen
    BUFGCTRL_X0Y16       BUFG (Prop_bufg_I_O)         0.029    -1.715 r  i_xlnx_clk_gen/inst/clkout1_buf/O
                         net (fo=14914, routed)       0.878    -0.837    i_axi_dwidth_converter_dm_slave/inst/gen_downsizer.gen_simple_downsizer.axi_downsizer_inst/USE_READ.read_addr_inst/cmd_queue/inst/fifo_gen_inst/inst_fifo_gen/gconvfifo.rf/grf.rf/gntv_or_sync_fifo.gl0.rd/rpntr/clk
    SLICE_X94Y14         FDCE                                         r  i_axi_dwidth_converter_dm_slave/inst/gen_downsizer.gen_simple_downsizer.axi_downsizer_inst/USE_READ.read_addr_inst/cmd_queue/inst/fifo_gen_inst/inst_fifo_gen/gconvfifo.rf/grf.rf/gntv_or_sync_fifo.gl0.rd/rpntr/gc0.count_d1_reg[1]/C
                         clock pessimism              0.254    -0.584    
    SLICE_X94Y14         FDCE (Remov_fdce_C_CLR)     -0.067    -0.651    i_axi_dwidth_converter_dm_slave/inst/gen_downsizer.gen_simple_downsizer.axi_downsizer_inst/USE_READ.read_addr_inst/cmd_queue/inst/fifo_gen_inst/inst_fifo_gen/gconvfifo.rf/grf.rf/gntv_or_sync_fifo.gl0.rd/rpntr/gc0.count_d1_reg[1]
  -------------------------------------------------------------------
                         required time                          0.651    
                         arrival time                          -0.165    
  -------------------------------------------------------------------
                         slack                                  0.486    

Slack (MET) :             0.486ns  (arrival time - required time)
  Source:                 i_axi_dwidth_converter_dm_slave/inst/gen_downsizer.gen_simple_downsizer.axi_downsizer_inst/USE_READ.read_addr_inst/cmd_queue/inst/fifo_gen_inst/inst_fifo_gen/gconvfifo.rf/grf.rf/rstblk/ngwrdrst.grst.g7serrst.gnsckt_wrst.gcc_rst.sckt_wr_rst_cc_reg[0]/C
                            (rising edge-triggered cell FDRE clocked by clk_out1_xlnx_clk_gen  {rise@0.000ns fall@12.500ns period=25.000ns})
  Destination:            i_axi_dwidth_converter_dm_slave/inst/gen_downsizer.gen_simple_downsizer.axi_downsizer_inst/USE_READ.read_addr_inst/cmd_queue/inst/fifo_gen_inst/inst_fifo_gen/gconvfifo.rf/grf.rf/gntv_or_sync_fifo.gl0.rd/rpntr/gc0.count_d1_reg[2]/CLR
                            (removal check against rising-edge clock clk_out1_xlnx_clk_gen  {rise@0.000ns fall@12.500ns period=25.000ns})
  Path Group:             **async_default**
  Path Type:              Removal (Min at Fast Process Corner)
  Requirement:            0.000ns  (clk_out1_xlnx_clk_gen rise@0.000ns - clk_out1_xlnx_clk_gen rise@0.000ns)
  Data Path Delay:        0.434ns  (logic 0.186ns (42.854%)  route 0.248ns (57.146%))
  Logic Levels:           1  (LUT3=1)
  Clock Path Skew:        0.015ns (DCD - SCD - CPR)
    Destination Clock Delay (DCD):    -0.837ns
    Source Clock Delay      (SCD):    -0.599ns
    Clock Pessimism Removal (CPR):    -0.254ns

    Location             Delay type                Incr(ns)  Path(ns)    Netlist Resource(s)
  -------------------------------------------------------------------    -------------------
                         (clock clk_out1_xlnx_clk_gen rise edge)
                                                      0.000     0.000 r  
    K17                                               0.000     0.000 r  clk_sys (IN)
                         net (fo=0)                   0.000     0.000    i_xlnx_clk_gen/inst/clk_in1
    K17                  IBUF (Prop_ibuf_I_O)         0.243     0.243 r  i_xlnx_clk_gen/inst/clkin1_ibufg/O
                         net (fo=1, routed)           0.440     0.683    i_xlnx_clk_gen/inst/clk_in1_xlnx_clk_gen
    MMCME2_ADV_X1Y2      MMCME2_ADV (Prop_mmcme2_adv_CLKIN1_CLKOUT0)
                                                     -2.613    -1.930 r  i_xlnx_clk_gen/inst/mmcm_adv_inst/CLKOUT0
                         net (fo=1, routed)           0.696    -1.233    i_xlnx_clk_gen/inst/clk_out1_xlnx_clk_gen
    BUFGCTRL_X0Y16       BUFG (Prop_bufg_I_O)         0.026    -1.207 r  i_xlnx_clk_gen/inst/clkout1_buf/O
                         net (fo=14914, routed)       0.609    -0.599    i_axi_dwidth_converter_dm_slave/inst/gen_downsizer.gen_simple_downsizer.axi_downsizer_inst/USE_READ.read_addr_inst/cmd_queue/inst/fifo_gen_inst/inst_fifo_gen/gconvfifo.rf/grf.rf/rstblk/clk
    SLICE_X97Y14         FDRE                                         r  i_axi_dwidth_converter_dm_slave/inst/gen_downsizer.gen_simple_downsizer.axi_downsizer_inst/USE_READ.read_addr_inst/cmd_queue/inst/fifo_gen_inst/inst_fifo_gen/gconvfifo.rf/grf.rf/rstblk/ngwrdrst.grst.g7serrst.gnsckt_wrst.gcc_rst.sckt_wr_rst_cc_reg[0]/C
  -------------------------------------------------------------------    -------------------
    SLICE_X97Y14         FDRE (Prop_fdre_C_Q)         0.141    -0.458 f  i_axi_dwidth_converter_dm_slave/inst/gen_downsizer.gen_simple_downsizer.axi_downsizer_inst/USE_READ.read_addr_inst/cmd_queue/inst/fifo_gen_inst/inst_fifo_gen/gconvfifo.rf/grf.rf/rstblk/ngwrdrst.grst.g7serrst.gnsckt_wrst.gcc_rst.sckt_wr_rst_cc_reg[0]/Q
                         net (fo=3, routed)           0.114    -0.343    i_axi_dwidth_converter_dm_slave/inst/gen_downsizer.gen_simple_downsizer.axi_downsizer_inst/USE_READ.read_addr_inst/cmd_queue/inst/fifo_gen_inst/inst_fifo_gen/gconvfifo.rf/grf.rf/rstblk/ngwrdrst.grst.g7serrst.gnsckt_wrst.gcc_rst.sckt_wr_rst_cc[0]
    SLICE_X96Y14         LUT3 (Prop_lut3_I1_O)        0.045    -0.298 f  i_axi_dwidth_converter_dm_slave/inst/gen_downsizer.gen_simple_downsizer.axi_downsizer_inst/USE_READ.read_addr_inst/cmd_queue/inst/fifo_gen_inst/inst_fifo_gen/gconvfifo.rf/grf.rf/rstblk/gpregsm1.curr_fwft_state[1]_i_2/O
                         net (fo=32, routed)          0.134    -0.165    i_axi_dwidth_converter_dm_slave/inst/gen_downsizer.gen_simple_downsizer.axi_downsizer_inst/USE_READ.read_addr_inst/cmd_queue/inst/fifo_gen_inst/inst_fifo_gen/gconvfifo.rf/grf.rf/gntv_or_sync_fifo.gl0.rd/rpntr/gc0.count_d1_reg[4]_1
    SLICE_X94Y14         FDCE                                         f  i_axi_dwidth_converter_dm_slave/inst/gen_downsizer.gen_simple_downsizer.axi_downsizer_inst/USE_READ.read_addr_inst/cmd_queue/inst/fifo_gen_inst/inst_fifo_gen/gconvfifo.rf/grf.rf/gntv_or_sync_fifo.gl0.rd/rpntr/gc0.count_d1_reg[2]/CLR
  -------------------------------------------------------------------    -------------------

                         (clock clk_out1_xlnx_clk_gen rise edge)
                                                      0.000     0.000 r  
    K17                                               0.000     0.000 r  clk_sys (IN)
                         net (fo=0)                   0.000     0.000    i_xlnx_clk_gen/inst/clk_in1
    K17                  IBUF (Prop_ibuf_I_O)         0.431     0.431 r  i_xlnx_clk_gen/inst/clkin1_ibufg/O
                         net (fo=1, routed)           0.480     0.911    i_xlnx_clk_gen/inst/clk_in1_xlnx_clk_gen
    MMCME2_ADV_X1Y2      MMCME2_ADV (Prop_mmcme2_adv_CLKIN1_CLKOUT0)
                                                     -3.407    -2.496 r  i_xlnx_clk_gen/inst/mmcm_adv_inst/CLKOUT0
                         net (fo=1, routed)           0.752    -1.744    i_xlnx_clk_gen/inst/clk_out1_xlnx_clk_gen
    BUFGCTRL_X0Y16       BUFG (Prop_bufg_I_O)         0.029    -1.715 r  i_xlnx_clk_gen/inst/clkout1_buf/O
                         net (fo=14914, routed)       0.878    -0.837    i_axi_dwidth_converter_dm_slave/inst/gen_downsizer.gen_simple_downsizer.axi_downsizer_inst/USE_READ.read_addr_inst/cmd_queue/inst/fifo_gen_inst/inst_fifo_gen/gconvfifo.rf/grf.rf/gntv_or_sync_fifo.gl0.rd/rpntr/clk
    SLICE_X94Y14         FDCE                                         r  i_axi_dwidth_converter_dm_slave/inst/gen_downsizer.gen_simple_downsizer.axi_downsizer_inst/USE_READ.read_addr_inst/cmd_queue/inst/fifo_gen_inst/inst_fifo_gen/gconvfifo.rf/grf.rf/gntv_or_sync_fifo.gl0.rd/rpntr/gc0.count_d1_reg[2]/C
                         clock pessimism              0.254    -0.584    
    SLICE_X94Y14         FDCE (Remov_fdce_C_CLR)     -0.067    -0.651    i_axi_dwidth_converter_dm_slave/inst/gen_downsizer.gen_simple_downsizer.axi_downsizer_inst/USE_READ.read_addr_inst/cmd_queue/inst/fifo_gen_inst/inst_fifo_gen/gconvfifo.rf/grf.rf/gntv_or_sync_fifo.gl0.rd/rpntr/gc0.count_d1_reg[2]
  -------------------------------------------------------------------
                         required time                          0.651    
                         arrival time                          -0.165    
  -------------------------------------------------------------------
                         slack                                  0.486    

Slack (MET) :             0.486ns  (arrival time - required time)
  Source:                 i_axi_dwidth_converter_dm_slave/inst/gen_downsizer.gen_simple_downsizer.axi_downsizer_inst/USE_READ.read_addr_inst/cmd_queue/inst/fifo_gen_inst/inst_fifo_gen/gconvfifo.rf/grf.rf/rstblk/ngwrdrst.grst.g7serrst.gnsckt_wrst.gcc_rst.sckt_wr_rst_cc_reg[0]/C
                            (rising edge-triggered cell FDRE clocked by clk_out1_xlnx_clk_gen  {rise@0.000ns fall@12.500ns period=25.000ns})
  Destination:            i_axi_dwidth_converter_dm_slave/inst/gen_downsizer.gen_simple_downsizer.axi_downsizer_inst/USE_READ.read_addr_inst/cmd_queue/inst/fifo_gen_inst/inst_fifo_gen/gconvfifo.rf/grf.rf/gntv_or_sync_fifo.gl0.rd/rpntr/gc0.count_d1_reg[3]/CLR
                            (removal check against rising-edge clock clk_out1_xlnx_clk_gen  {rise@0.000ns fall@12.500ns period=25.000ns})
  Path Group:             **async_default**
  Path Type:              Removal (Min at Fast Process Corner)
  Requirement:            0.000ns  (clk_out1_xlnx_clk_gen rise@0.000ns - clk_out1_xlnx_clk_gen rise@0.000ns)
  Data Path Delay:        0.434ns  (logic 0.186ns (42.854%)  route 0.248ns (57.146%))
  Logic Levels:           1  (LUT3=1)
  Clock Path Skew:        0.015ns (DCD - SCD - CPR)
    Destination Clock Delay (DCD):    -0.837ns
    Source Clock Delay      (SCD):    -0.599ns
    Clock Pessimism Removal (CPR):    -0.254ns

    Location             Delay type                Incr(ns)  Path(ns)    Netlist Resource(s)
  -------------------------------------------------------------------    -------------------
                         (clock clk_out1_xlnx_clk_gen rise edge)
                                                      0.000     0.000 r  
    K17                                               0.000     0.000 r  clk_sys (IN)
                         net (fo=0)                   0.000     0.000    i_xlnx_clk_gen/inst/clk_in1
    K17                  IBUF (Prop_ibuf_I_O)         0.243     0.243 r  i_xlnx_clk_gen/inst/clkin1_ibufg/O
                         net (fo=1, routed)           0.440     0.683    i_xlnx_clk_gen/inst/clk_in1_xlnx_clk_gen
    MMCME2_ADV_X1Y2      MMCME2_ADV (Prop_mmcme2_adv_CLKIN1_CLKOUT0)
                                                     -2.613    -1.930 r  i_xlnx_clk_gen/inst/mmcm_adv_inst/CLKOUT0
                         net (fo=1, routed)           0.696    -1.233    i_xlnx_clk_gen/inst/clk_out1_xlnx_clk_gen
    BUFGCTRL_X0Y16       BUFG (Prop_bufg_I_O)         0.026    -1.207 r  i_xlnx_clk_gen/inst/clkout1_buf/O
                         net (fo=14914, routed)       0.609    -0.599    i_axi_dwidth_converter_dm_slave/inst/gen_downsizer.gen_simple_downsizer.axi_downsizer_inst/USE_READ.read_addr_inst/cmd_queue/inst/fifo_gen_inst/inst_fifo_gen/gconvfifo.rf/grf.rf/rstblk/clk
    SLICE_X97Y14         FDRE                                         r  i_axi_dwidth_converter_dm_slave/inst/gen_downsizer.gen_simple_downsizer.axi_downsizer_inst/USE_READ.read_addr_inst/cmd_queue/inst/fifo_gen_inst/inst_fifo_gen/gconvfifo.rf/grf.rf/rstblk/ngwrdrst.grst.g7serrst.gnsckt_wrst.gcc_rst.sckt_wr_rst_cc_reg[0]/C
  -------------------------------------------------------------------    -------------------
    SLICE_X97Y14         FDRE (Prop_fdre_C_Q)         0.141    -0.458 f  i_axi_dwidth_converter_dm_slave/inst/gen_downsizer.gen_simple_downsizer.axi_downsizer_inst/USE_READ.read_addr_inst/cmd_queue/inst/fifo_gen_inst/inst_fifo_gen/gconvfifo.rf/grf.rf/rstblk/ngwrdrst.grst.g7serrst.gnsckt_wrst.gcc_rst.sckt_wr_rst_cc_reg[0]/Q
                         net (fo=3, routed)           0.114    -0.343    i_axi_dwidth_converter_dm_slave/inst/gen_downsizer.gen_simple_downsizer.axi_downsizer_inst/USE_READ.read_addr_inst/cmd_queue/inst/fifo_gen_inst/inst_fifo_gen/gconvfifo.rf/grf.rf/rstblk/ngwrdrst.grst.g7serrst.gnsckt_wrst.gcc_rst.sckt_wr_rst_cc[0]
    SLICE_X96Y14         LUT3 (Prop_lut3_I1_O)        0.045    -0.298 f  i_axi_dwidth_converter_dm_slave/inst/gen_downsizer.gen_simple_downsizer.axi_downsizer_inst/USE_READ.read_addr_inst/cmd_queue/inst/fifo_gen_inst/inst_fifo_gen/gconvfifo.rf/grf.rf/rstblk/gpregsm1.curr_fwft_state[1]_i_2/O
                         net (fo=32, routed)          0.134    -0.165    i_axi_dwidth_converter_dm_slave/inst/gen_downsizer.gen_simple_downsizer.axi_downsizer_inst/USE_READ.read_addr_inst/cmd_queue/inst/fifo_gen_inst/inst_fifo_gen/gconvfifo.rf/grf.rf/gntv_or_sync_fifo.gl0.rd/rpntr/gc0.count_d1_reg[4]_1
    SLICE_X94Y14         FDCE                                         f  i_axi_dwidth_converter_dm_slave/inst/gen_downsizer.gen_simple_downsizer.axi_downsizer_inst/USE_READ.read_addr_inst/cmd_queue/inst/fifo_gen_inst/inst_fifo_gen/gconvfifo.rf/grf.rf/gntv_or_sync_fifo.gl0.rd/rpntr/gc0.count_d1_reg[3]/CLR
  -------------------------------------------------------------------    -------------------

                         (clock clk_out1_xlnx_clk_gen rise edge)
                                                      0.000     0.000 r  
    K17                                               0.000     0.000 r  clk_sys (IN)
                         net (fo=0)                   0.000     0.000    i_xlnx_clk_gen/inst/clk_in1
    K17                  IBUF (Prop_ibuf_I_O)         0.431     0.431 r  i_xlnx_clk_gen/inst/clkin1_ibufg/O
                         net (fo=1, routed)           0.480     0.911    i_xlnx_clk_gen/inst/clk_in1_xlnx_clk_gen
    MMCME2_ADV_X1Y2      MMCME2_ADV (Prop_mmcme2_adv_CLKIN1_CLKOUT0)
                                                     -3.407    -2.496 r  i_xlnx_clk_gen/inst/mmcm_adv_inst/CLKOUT0
                         net (fo=1, routed)           0.752    -1.744    i_xlnx_clk_gen/inst/clk_out1_xlnx_clk_gen
    BUFGCTRL_X0Y16       BUFG (Prop_bufg_I_O)         0.029    -1.715 r  i_xlnx_clk_gen/inst/clkout1_buf/O
                         net (fo=14914, routed)       0.878    -0.837    i_axi_dwidth_converter_dm_slave/inst/gen_downsizer.gen_simple_downsizer.axi_downsizer_inst/USE_READ.read_addr_inst/cmd_queue/inst/fifo_gen_inst/inst_fifo_gen/gconvfifo.rf/grf.rf/gntv_or_sync_fifo.gl0.rd/rpntr/clk
    SLICE_X94Y14         FDCE                                         r  i_axi_dwidth_converter_dm_slave/inst/gen_downsizer.gen_simple_downsizer.axi_downsizer_inst/USE_READ.read_addr_inst/cmd_queue/inst/fifo_gen_inst/inst_fifo_gen/gconvfifo.rf/grf.rf/gntv_or_sync_fifo.gl0.rd/rpntr/gc0.count_d1_reg[3]/C
                         clock pessimism              0.254    -0.584    
    SLICE_X94Y14         FDCE (Remov_fdce_C_CLR)     -0.067    -0.651    i_axi_dwidth_converter_dm_slave/inst/gen_downsizer.gen_simple_downsizer.axi_downsizer_inst/USE_READ.read_addr_inst/cmd_queue/inst/fifo_gen_inst/inst_fifo_gen/gconvfifo.rf/grf.rf/gntv_or_sync_fifo.gl0.rd/rpntr/gc0.count_d1_reg[3]
  -------------------------------------------------------------------
                         required time                          0.651    
                         arrival time                          -0.165    
  -------------------------------------------------------------------
                         slack                                  0.486    

Slack (MET) :             0.486ns  (arrival time - required time)
  Source:                 i_axi_dwidth_converter_dm_slave/inst/gen_downsizer.gen_simple_downsizer.axi_downsizer_inst/USE_READ.read_addr_inst/cmd_queue/inst/fifo_gen_inst/inst_fifo_gen/gconvfifo.rf/grf.rf/rstblk/ngwrdrst.grst.g7serrst.gnsckt_wrst.gcc_rst.sckt_wr_rst_cc_reg[0]/C
                            (rising edge-triggered cell FDRE clocked by clk_out1_xlnx_clk_gen  {rise@0.000ns fall@12.500ns period=25.000ns})
  Destination:            i_axi_dwidth_converter_dm_slave/inst/gen_downsizer.gen_simple_downsizer.axi_downsizer_inst/USE_READ.read_addr_inst/cmd_queue/inst/fifo_gen_inst/inst_fifo_gen/gconvfifo.rf/grf.rf/gntv_or_sync_fifo.gl0.rd/rpntr/gc0.count_d1_reg[4]/CLR
                            (removal check against rising-edge clock clk_out1_xlnx_clk_gen  {rise@0.000ns fall@12.500ns period=25.000ns})
  Path Group:             **async_default**
  Path Type:              Removal (Min at Fast Process Corner)
  Requirement:            0.000ns  (clk_out1_xlnx_clk_gen rise@0.000ns - clk_out1_xlnx_clk_gen rise@0.000ns)
  Data Path Delay:        0.434ns  (logic 0.186ns (42.854%)  route 0.248ns (57.146%))
  Logic Levels:           1  (LUT3=1)
  Clock Path Skew:        0.015ns (DCD - SCD - CPR)
    Destination Clock Delay (DCD):    -0.837ns
    Source Clock Delay      (SCD):    -0.599ns
    Clock Pessimism Removal (CPR):    -0.254ns

    Location             Delay type                Incr(ns)  Path(ns)    Netlist Resource(s)
  -------------------------------------------------------------------    -------------------
                         (clock clk_out1_xlnx_clk_gen rise edge)
                                                      0.000     0.000 r  
    K17                                               0.000     0.000 r  clk_sys (IN)
                         net (fo=0)                   0.000     0.000    i_xlnx_clk_gen/inst/clk_in1
    K17                  IBUF (Prop_ibuf_I_O)         0.243     0.243 r  i_xlnx_clk_gen/inst/clkin1_ibufg/O
                         net (fo=1, routed)           0.440     0.683    i_xlnx_clk_gen/inst/clk_in1_xlnx_clk_gen
    MMCME2_ADV_X1Y2      MMCME2_ADV (Prop_mmcme2_adv_CLKIN1_CLKOUT0)
                                                     -2.613    -1.930 r  i_xlnx_clk_gen/inst/mmcm_adv_inst/CLKOUT0
                         net (fo=1, routed)           0.696    -1.233    i_xlnx_clk_gen/inst/clk_out1_xlnx_clk_gen
    BUFGCTRL_X0Y16       BUFG (Prop_bufg_I_O)         0.026    -1.207 r  i_xlnx_clk_gen/inst/clkout1_buf/O
                         net (fo=14914, routed)       0.609    -0.599    i_axi_dwidth_converter_dm_slave/inst/gen_downsizer.gen_simple_downsizer.axi_downsizer_inst/USE_READ.read_addr_inst/cmd_queue/inst/fifo_gen_inst/inst_fifo_gen/gconvfifo.rf/grf.rf/rstblk/clk
    SLICE_X97Y14         FDRE                                         r  i_axi_dwidth_converter_dm_slave/inst/gen_downsizer.gen_simple_downsizer.axi_downsizer_inst/USE_READ.read_addr_inst/cmd_queue/inst/fifo_gen_inst/inst_fifo_gen/gconvfifo.rf/grf.rf/rstblk/ngwrdrst.grst.g7serrst.gnsckt_wrst.gcc_rst.sckt_wr_rst_cc_reg[0]/C
  -------------------------------------------------------------------    -------------------
    SLICE_X97Y14         FDRE (Prop_fdre_C_Q)         0.141    -0.458 f  i_axi_dwidth_converter_dm_slave/inst/gen_downsizer.gen_simple_downsizer.axi_downsizer_inst/USE_READ.read_addr_inst/cmd_queue/inst/fifo_gen_inst/inst_fifo_gen/gconvfifo.rf/grf.rf/rstblk/ngwrdrst.grst.g7serrst.gnsckt_wrst.gcc_rst.sckt_wr_rst_cc_reg[0]/Q
                         net (fo=3, routed)           0.114    -0.343    i_axi_dwidth_converter_dm_slave/inst/gen_downsizer.gen_simple_downsizer.axi_downsizer_inst/USE_READ.read_addr_inst/cmd_queue/inst/fifo_gen_inst/inst_fifo_gen/gconvfifo.rf/grf.rf/rstblk/ngwrdrst.grst.g7serrst.gnsckt_wrst.gcc_rst.sckt_wr_rst_cc[0]
    SLICE_X96Y14         LUT3 (Prop_lut3_I1_O)        0.045    -0.298 f  i_axi_dwidth_converter_dm_slave/inst/gen_downsizer.gen_simple_downsizer.axi_downsizer_inst/USE_READ.read_addr_inst/cmd_queue/inst/fifo_gen_inst/inst_fifo_gen/gconvfifo.rf/grf.rf/rstblk/gpregsm1.curr_fwft_state[1]_i_2/O
                         net (fo=32, routed)          0.134    -0.165    i_axi_dwidth_converter_dm_slave/inst/gen_downsizer.gen_simple_downsizer.axi_downsizer_inst/USE_READ.read_addr_inst/cmd_queue/inst/fifo_gen_inst/inst_fifo_gen/gconvfifo.rf/grf.rf/gntv_or_sync_fifo.gl0.rd/rpntr/gc0.count_d1_reg[4]_1
    SLICE_X94Y14         FDCE                                         f  i_axi_dwidth_converter_dm_slave/inst/gen_downsizer.gen_simple_downsizer.axi_downsizer_inst/USE_READ.read_addr_inst/cmd_queue/inst/fifo_gen_inst/inst_fifo_gen/gconvfifo.rf/grf.rf/gntv_or_sync_fifo.gl0.rd/rpntr/gc0.count_d1_reg[4]/CLR
  -------------------------------------------------------------------    -------------------

                         (clock clk_out1_xlnx_clk_gen rise edge)
                                                      0.000     0.000 r  
    K17                                               0.000     0.000 r  clk_sys (IN)
                         net (fo=0)                   0.000     0.000    i_xlnx_clk_gen/inst/clk_in1
    K17                  IBUF (Prop_ibuf_I_O)         0.431     0.431 r  i_xlnx_clk_gen/inst/clkin1_ibufg/O
                         net (fo=1, routed)           0.480     0.911    i_xlnx_clk_gen/inst/clk_in1_xlnx_clk_gen
    MMCME2_ADV_X1Y2      MMCME2_ADV (Prop_mmcme2_adv_CLKIN1_CLKOUT0)
                                                     -3.407    -2.496 r  i_xlnx_clk_gen/inst/mmcm_adv_inst/CLKOUT0
                         net (fo=1, routed)           0.752    -1.744    i_xlnx_clk_gen/inst/clk_out1_xlnx_clk_gen
    BUFGCTRL_X0Y16       BUFG (Prop_bufg_I_O)         0.029    -1.715 r  i_xlnx_clk_gen/inst/clkout1_buf/O
                         net (fo=14914, routed)       0.878    -0.837    i_axi_dwidth_converter_dm_slave/inst/gen_downsizer.gen_simple_downsizer.axi_downsizer_inst/USE_READ.read_addr_inst/cmd_queue/inst/fifo_gen_inst/inst_fifo_gen/gconvfifo.rf/grf.rf/gntv_or_sync_fifo.gl0.rd/rpntr/clk
    SLICE_X94Y14         FDCE                                         r  i_axi_dwidth_converter_dm_slave/inst/gen_downsizer.gen_simple_downsizer.axi_downsizer_inst/USE_READ.read_addr_inst/cmd_queue/inst/fifo_gen_inst/inst_fifo_gen/gconvfifo.rf/grf.rf/gntv_or_sync_fifo.gl0.rd/rpntr/gc0.count_d1_reg[4]/C
                         clock pessimism              0.254    -0.584    
    SLICE_X94Y14         FDCE (Remov_fdce_C_CLR)     -0.067    -0.651    i_axi_dwidth_converter_dm_slave/inst/gen_downsizer.gen_simple_downsizer.axi_downsizer_inst/USE_READ.read_addr_inst/cmd_queue/inst/fifo_gen_inst/inst_fifo_gen/gconvfifo.rf/grf.rf/gntv_or_sync_fifo.gl0.rd/rpntr/gc0.count_d1_reg[4]
  -------------------------------------------------------------------
                         required time                          0.651    
                         arrival time                          -0.165    
  -------------------------------------------------------------------
                         slack                                  0.486    

Slack (MET) :             0.486ns  (arrival time - required time)
  Source:                 i_axi_dwidth_converter_dm_slave/inst/gen_downsizer.gen_simple_downsizer.axi_downsizer_inst/USE_READ.read_addr_inst/cmd_queue/inst/fifo_gen_inst/inst_fifo_gen/gconvfifo.rf/grf.rf/rstblk/ngwrdrst.grst.g7serrst.gnsckt_wrst.gcc_rst.sckt_wr_rst_cc_reg[0]/C
                            (rising edge-triggered cell FDRE clocked by clk_out1_xlnx_clk_gen  {rise@0.000ns fall@12.500ns period=25.000ns})
  Destination:            i_axi_dwidth_converter_dm_slave/inst/gen_downsizer.gen_simple_downsizer.axi_downsizer_inst/USE_READ.read_addr_inst/cmd_queue/inst/fifo_gen_inst/inst_fifo_gen/gconvfifo.rf/grf.rf/gntv_or_sync_fifo.gl0.rd/rpntr/gc0.count_reg[3]/CLR
                            (removal check against rising-edge clock clk_out1_xlnx_clk_gen  {rise@0.000ns fall@12.500ns period=25.000ns})
  Path Group:             **async_default**
  Path Type:              Removal (Min at Fast Process Corner)
  Requirement:            0.000ns  (clk_out1_xlnx_clk_gen rise@0.000ns - clk_out1_xlnx_clk_gen rise@0.000ns)
  Data Path Delay:        0.434ns  (logic 0.186ns (42.854%)  route 0.248ns (57.146%))
  Logic Levels:           1  (LUT3=1)
  Clock Path Skew:        0.015ns (DCD - SCD - CPR)
    Destination Clock Delay (DCD):    -0.837ns
    Source Clock Delay      (SCD):    -0.599ns
    Clock Pessimism Removal (CPR):    -0.254ns

    Location             Delay type                Incr(ns)  Path(ns)    Netlist Resource(s)
  -------------------------------------------------------------------    -------------------
                         (clock clk_out1_xlnx_clk_gen rise edge)
                                                      0.000     0.000 r  
    K17                                               0.000     0.000 r  clk_sys (IN)
                         net (fo=0)                   0.000     0.000    i_xlnx_clk_gen/inst/clk_in1
    K17                  IBUF (Prop_ibuf_I_O)         0.243     0.243 r  i_xlnx_clk_gen/inst/clkin1_ibufg/O
                         net (fo=1, routed)           0.440     0.683    i_xlnx_clk_gen/inst/clk_in1_xlnx_clk_gen
    MMCME2_ADV_X1Y2      MMCME2_ADV (Prop_mmcme2_adv_CLKIN1_CLKOUT0)
                                                     -2.613    -1.930 r  i_xlnx_clk_gen/inst/mmcm_adv_inst/CLKOUT0
                         net (fo=1, routed)           0.696    -1.233    i_xlnx_clk_gen/inst/clk_out1_xlnx_clk_gen
    BUFGCTRL_X0Y16       BUFG (Prop_bufg_I_O)         0.026    -1.207 r  i_xlnx_clk_gen/inst/clkout1_buf/O
                         net (fo=14914, routed)       0.609    -0.599    i_axi_dwidth_converter_dm_slave/inst/gen_downsizer.gen_simple_downsizer.axi_downsizer_inst/USE_READ.read_addr_inst/cmd_queue/inst/fifo_gen_inst/inst_fifo_gen/gconvfifo.rf/grf.rf/rstblk/clk
    SLICE_X97Y14         FDRE                                         r  i_axi_dwidth_converter_dm_slave/inst/gen_downsizer.gen_simple_downsizer.axi_downsizer_inst/USE_READ.read_addr_inst/cmd_queue/inst/fifo_gen_inst/inst_fifo_gen/gconvfifo.rf/grf.rf/rstblk/ngwrdrst.grst.g7serrst.gnsckt_wrst.gcc_rst.sckt_wr_rst_cc_reg[0]/C
  -------------------------------------------------------------------    -------------------
    SLICE_X97Y14         FDRE (Prop_fdre_C_Q)         0.141    -0.458 f  i_axi_dwidth_converter_dm_slave/inst/gen_downsizer.gen_simple_downsizer.axi_downsizer_inst/USE_READ.read_addr_inst/cmd_queue/inst/fifo_gen_inst/inst_fifo_gen/gconvfifo.rf/grf.rf/rstblk/ngwrdrst.grst.g7serrst.gnsckt_wrst.gcc_rst.sckt_wr_rst_cc_reg[0]/Q
                         net (fo=3, routed)           0.114    -0.343    i_axi_dwidth_converter_dm_slave/inst/gen_downsizer.gen_simple_downsizer.axi_downsizer_inst/USE_READ.read_addr_inst/cmd_queue/inst/fifo_gen_inst/inst_fifo_gen/gconvfifo.rf/grf.rf/rstblk/ngwrdrst.grst.g7serrst.gnsckt_wrst.gcc_rst.sckt_wr_rst_cc[0]
    SLICE_X96Y14         LUT3 (Prop_lut3_I1_O)        0.045    -0.298 f  i_axi_dwidth_converter_dm_slave/inst/gen_downsizer.gen_simple_downsizer.axi_downsizer_inst/USE_READ.read_addr_inst/cmd_queue/inst/fifo_gen_inst/inst_fifo_gen/gconvfifo.rf/grf.rf/rstblk/gpregsm1.curr_fwft_state[1]_i_2/O
                         net (fo=32, routed)          0.134    -0.165    i_axi_dwidth_converter_dm_slave/inst/gen_downsizer.gen_simple_downsizer.axi_downsizer_inst/USE_READ.read_addr_inst/cmd_queue/inst/fifo_gen_inst/inst_fifo_gen/gconvfifo.rf/grf.rf/gntv_or_sync_fifo.gl0.rd/rpntr/gc0.count_d1_reg[4]_1
    SLICE_X94Y14         FDCE                                         f  i_axi_dwidth_converter_dm_slave/inst/gen_downsizer.gen_simple_downsizer.axi_downsizer_inst/USE_READ.read_addr_inst/cmd_queue/inst/fifo_gen_inst/inst_fifo_gen/gconvfifo.rf/grf.rf/gntv_or_sync_fifo.gl0.rd/rpntr/gc0.count_reg[3]/CLR
  -------------------------------------------------------------------    -------------------

                         (clock clk_out1_xlnx_clk_gen rise edge)
                                                      0.000     0.000 r  
    K17                                               0.000     0.000 r  clk_sys (IN)
                         net (fo=0)                   0.000     0.000    i_xlnx_clk_gen/inst/clk_in1
    K17                  IBUF (Prop_ibuf_I_O)         0.431     0.431 r  i_xlnx_clk_gen/inst/clkin1_ibufg/O
                         net (fo=1, routed)           0.480     0.911    i_xlnx_clk_gen/inst/clk_in1_xlnx_clk_gen
    MMCME2_ADV_X1Y2      MMCME2_ADV (Prop_mmcme2_adv_CLKIN1_CLKOUT0)
                                                     -3.407    -2.496 r  i_xlnx_clk_gen/inst/mmcm_adv_inst/CLKOUT0
                         net (fo=1, routed)           0.752    -1.744    i_xlnx_clk_gen/inst/clk_out1_xlnx_clk_gen
    BUFGCTRL_X0Y16       BUFG (Prop_bufg_I_O)         0.029    -1.715 r  i_xlnx_clk_gen/inst/clkout1_buf/O
                         net (fo=14914, routed)       0.878    -0.837    i_axi_dwidth_converter_dm_slave/inst/gen_downsizer.gen_simple_downsizer.axi_downsizer_inst/USE_READ.read_addr_inst/cmd_queue/inst/fifo_gen_inst/inst_fifo_gen/gconvfifo.rf/grf.rf/gntv_or_sync_fifo.gl0.rd/rpntr/clk
    SLICE_X94Y14         FDCE                                         r  i_axi_dwidth_converter_dm_slave/inst/gen_downsizer.gen_simple_downsizer.axi_downsizer_inst/USE_READ.read_addr_inst/cmd_queue/inst/fifo_gen_inst/inst_fifo_gen/gconvfifo.rf/grf.rf/gntv_or_sync_fifo.gl0.rd/rpntr/gc0.count_reg[3]/C
                         clock pessimism              0.254    -0.584    
    SLICE_X94Y14         FDCE (Remov_fdce_C_CLR)     -0.067    -0.651    i_axi_dwidth_converter_dm_slave/inst/gen_downsizer.gen_simple_downsizer.axi_downsizer_inst/USE_READ.read_addr_inst/cmd_queue/inst/fifo_gen_inst/inst_fifo_gen/gconvfifo.rf/grf.rf/gntv_or_sync_fifo.gl0.rd/rpntr/gc0.count_reg[3]
  -------------------------------------------------------------------
                         required time                          0.651    
                         arrival time                          -0.165    
  -------------------------------------------------------------------
                         slack                                  0.486    

Slack (MET) :             0.486ns  (arrival time - required time)
  Source:                 i_axi_dwidth_converter_dm_slave/inst/gen_downsizer.gen_simple_downsizer.axi_downsizer_inst/USE_READ.read_addr_inst/cmd_queue/inst/fifo_gen_inst/inst_fifo_gen/gconvfifo.rf/grf.rf/rstblk/ngwrdrst.grst.g7serrst.gnsckt_wrst.gcc_rst.sckt_wr_rst_cc_reg[0]/C
                            (rising edge-triggered cell FDRE clocked by clk_out1_xlnx_clk_gen  {rise@0.000ns fall@12.500ns period=25.000ns})
  Destination:            i_axi_dwidth_converter_dm_slave/inst/gen_downsizer.gen_simple_downsizer.axi_downsizer_inst/USE_READ.read_addr_inst/cmd_queue/inst/fifo_gen_inst/inst_fifo_gen/gconvfifo.rf/grf.rf/gntv_or_sync_fifo.gl0.rd/rpntr/gc0.count_reg[4]/CLR
                            (removal check against rising-edge clock clk_out1_xlnx_clk_gen  {rise@0.000ns fall@12.500ns period=25.000ns})
  Path Group:             **async_default**
  Path Type:              Removal (Min at Fast Process Corner)
  Requirement:            0.000ns  (clk_out1_xlnx_clk_gen rise@0.000ns - clk_out1_xlnx_clk_gen rise@0.000ns)
  Data Path Delay:        0.434ns  (logic 0.186ns (42.854%)  route 0.248ns (57.146%))
  Logic Levels:           1  (LUT3=1)
  Clock Path Skew:        0.015ns (DCD - SCD - CPR)
    Destination Clock Delay (DCD):    -0.837ns
    Source Clock Delay      (SCD):    -0.599ns
    Clock Pessimism Removal (CPR):    -0.254ns

    Location             Delay type                Incr(ns)  Path(ns)    Netlist Resource(s)
  -------------------------------------------------------------------    -------------------
                         (clock clk_out1_xlnx_clk_gen rise edge)
                                                      0.000     0.000 r  
    K17                                               0.000     0.000 r  clk_sys (IN)
                         net (fo=0)                   0.000     0.000    i_xlnx_clk_gen/inst/clk_in1
    K17                  IBUF (Prop_ibuf_I_O)         0.243     0.243 r  i_xlnx_clk_gen/inst/clkin1_ibufg/O
                         net (fo=1, routed)           0.440     0.683    i_xlnx_clk_gen/inst/clk_in1_xlnx_clk_gen
    MMCME2_ADV_X1Y2      MMCME2_ADV (Prop_mmcme2_adv_CLKIN1_CLKOUT0)
                                                     -2.613    -1.930 r  i_xlnx_clk_gen/inst/mmcm_adv_inst/CLKOUT0
                         net (fo=1, routed)           0.696    -1.233    i_xlnx_clk_gen/inst/clk_out1_xlnx_clk_gen
    BUFGCTRL_X0Y16       BUFG (Prop_bufg_I_O)         0.026    -1.207 r  i_xlnx_clk_gen/inst/clkout1_buf/O
                         net (fo=14914, routed)       0.609    -0.599    i_axi_dwidth_converter_dm_slave/inst/gen_downsizer.gen_simple_downsizer.axi_downsizer_inst/USE_READ.read_addr_inst/cmd_queue/inst/fifo_gen_inst/inst_fifo_gen/gconvfifo.rf/grf.rf/rstblk/clk
    SLICE_X97Y14         FDRE                                         r  i_axi_dwidth_converter_dm_slave/inst/gen_downsizer.gen_simple_downsizer.axi_downsizer_inst/USE_READ.read_addr_inst/cmd_queue/inst/fifo_gen_inst/inst_fifo_gen/gconvfifo.rf/grf.rf/rstblk/ngwrdrst.grst.g7serrst.gnsckt_wrst.gcc_rst.sckt_wr_rst_cc_reg[0]/C
  -------------------------------------------------------------------    -------------------
    SLICE_X97Y14         FDRE (Prop_fdre_C_Q)         0.141    -0.458 f  i_axi_dwidth_converter_dm_slave/inst/gen_downsizer.gen_simple_downsizer.axi_downsizer_inst/USE_READ.read_addr_inst/cmd_queue/inst/fifo_gen_inst/inst_fifo_gen/gconvfifo.rf/grf.rf/rstblk/ngwrdrst.grst.g7serrst.gnsckt_wrst.gcc_rst.sckt_wr_rst_cc_reg[0]/Q
                         net (fo=3, routed)           0.114    -0.343    i_axi_dwidth_converter_dm_slave/inst/gen_downsizer.gen_simple_downsizer.axi_downsizer_inst/USE_READ.read_addr_inst/cmd_queue/inst/fifo_gen_inst/inst_fifo_gen/gconvfifo.rf/grf.rf/rstblk/ngwrdrst.grst.g7serrst.gnsckt_wrst.gcc_rst.sckt_wr_rst_cc[0]
    SLICE_X96Y14         LUT3 (Prop_lut3_I1_O)        0.045    -0.298 f  i_axi_dwidth_converter_dm_slave/inst/gen_downsizer.gen_simple_downsizer.axi_downsizer_inst/USE_READ.read_addr_inst/cmd_queue/inst/fifo_gen_inst/inst_fifo_gen/gconvfifo.rf/grf.rf/rstblk/gpregsm1.curr_fwft_state[1]_i_2/O
                         net (fo=32, routed)          0.134    -0.165    i_axi_dwidth_converter_dm_slave/inst/gen_downsizer.gen_simple_downsizer.axi_downsizer_inst/USE_READ.read_addr_inst/cmd_queue/inst/fifo_gen_inst/inst_fifo_gen/gconvfifo.rf/grf.rf/gntv_or_sync_fifo.gl0.rd/rpntr/gc0.count_d1_reg[4]_1
    SLICE_X94Y14         FDCE                                         f  i_axi_dwidth_converter_dm_slave/inst/gen_downsizer.gen_simple_downsizer.axi_downsizer_inst/USE_READ.read_addr_inst/cmd_queue/inst/fifo_gen_inst/inst_fifo_gen/gconvfifo.rf/grf.rf/gntv_or_sync_fifo.gl0.rd/rpntr/gc0.count_reg[4]/CLR
  -------------------------------------------------------------------    -------------------

                         (clock clk_out1_xlnx_clk_gen rise edge)
                                                      0.000     0.000 r  
    K17                                               0.000     0.000 r  clk_sys (IN)
                         net (fo=0)                   0.000     0.000    i_xlnx_clk_gen/inst/clk_in1
    K17                  IBUF (Prop_ibuf_I_O)         0.431     0.431 r  i_xlnx_clk_gen/inst/clkin1_ibufg/O
                         net (fo=1, routed)           0.480     0.911    i_xlnx_clk_gen/inst/clk_in1_xlnx_clk_gen
    MMCME2_ADV_X1Y2      MMCME2_ADV (Prop_mmcme2_adv_CLKIN1_CLKOUT0)
                                                     -3.407    -2.496 r  i_xlnx_clk_gen/inst/mmcm_adv_inst/CLKOUT0
                         net (fo=1, routed)           0.752    -1.744    i_xlnx_clk_gen/inst/clk_out1_xlnx_clk_gen
    BUFGCTRL_X0Y16       BUFG (Prop_bufg_I_O)         0.029    -1.715 r  i_xlnx_clk_gen/inst/clkout1_buf/O
                         net (fo=14914, routed)       0.878    -0.837    i_axi_dwidth_converter_dm_slave/inst/gen_downsizer.gen_simple_downsizer.axi_downsizer_inst/USE_READ.read_addr_inst/cmd_queue/inst/fifo_gen_inst/inst_fifo_gen/gconvfifo.rf/grf.rf/gntv_or_sync_fifo.gl0.rd/rpntr/clk
    SLICE_X94Y14         FDCE                                         r  i_axi_dwidth_converter_dm_slave/inst/gen_downsizer.gen_simple_downsizer.axi_downsizer_inst/USE_READ.read_addr_inst/cmd_queue/inst/fifo_gen_inst/inst_fifo_gen/gconvfifo.rf/grf.rf/gntv_or_sync_fifo.gl0.rd/rpntr/gc0.count_reg[4]/C
                         clock pessimism              0.254    -0.584    
    SLICE_X94Y14         FDCE (Remov_fdce_C_CLR)     -0.067    -0.651    i_axi_dwidth_converter_dm_slave/inst/gen_downsizer.gen_simple_downsizer.axi_downsizer_inst/USE_READ.read_addr_inst/cmd_queue/inst/fifo_gen_inst/inst_fifo_gen/gconvfifo.rf/grf.rf/gntv_or_sync_fifo.gl0.rd/rpntr/gc0.count_reg[4]
  -------------------------------------------------------------------
                         required time                          0.651    
                         arrival time                          -0.165    
  -------------------------------------------------------------------
                         slack                                  0.486    

Slack (MET) :             0.511ns  (arrival time - required time)
  Source:                 i_axi_dwidth_converter_dm_slave/inst/gen_downsizer.gen_simple_downsizer.axi_downsizer_inst/USE_READ.read_addr_inst/cmd_queue/inst/fifo_gen_inst/inst_fifo_gen/gconvfifo.rf/grf.rf/rstblk/ngwrdrst.grst.g7serrst.gnsckt_wrst.gcc_rst.sckt_wr_rst_cc_reg[0]/C
                            (rising edge-triggered cell FDRE clocked by clk_out1_xlnx_clk_gen  {rise@0.000ns fall@12.500ns period=25.000ns})
  Destination:            i_axi_dwidth_converter_dm_slave/inst/gen_downsizer.gen_simple_downsizer.axi_downsizer_inst/USE_READ.read_addr_inst/cmd_queue/inst/fifo_gen_inst/inst_fifo_gen/gconvfifo.rf/grf.rf/gntv_or_sync_fifo.gl0.wr/gwss.wsts/ram_full_fb_i_reg/CLR
                            (removal check against rising-edge clock clk_out1_xlnx_clk_gen  {rise@0.000ns fall@12.500ns period=25.000ns})
  Path Group:             **async_default**
  Path Type:              Removal (Min at Fast Process Corner)
  Requirement:            0.000ns  (clk_out1_xlnx_clk_gen rise@0.000ns - clk_out1_xlnx_clk_gen rise@0.000ns)
  Data Path Delay:        0.434ns  (logic 0.186ns (42.854%)  route 0.248ns (57.146%))
  Logic Levels:           1  (LUT3=1)
  Clock Path Skew:        0.015ns (DCD - SCD - CPR)
    Destination Clock Delay (DCD):    -0.837ns
    Source Clock Delay      (SCD):    -0.599ns
    Clock Pessimism Removal (CPR):    -0.254ns

    Location             Delay type                Incr(ns)  Path(ns)    Netlist Resource(s)
  -------------------------------------------------------------------    -------------------
                         (clock clk_out1_xlnx_clk_gen rise edge)
                                                      0.000     0.000 r  
    K17                                               0.000     0.000 r  clk_sys (IN)
                         net (fo=0)                   0.000     0.000    i_xlnx_clk_gen/inst/clk_in1
    K17                  IBUF (Prop_ibuf_I_O)         0.243     0.243 r  i_xlnx_clk_gen/inst/clkin1_ibufg/O
                         net (fo=1, routed)           0.440     0.683    i_xlnx_clk_gen/inst/clk_in1_xlnx_clk_gen
    MMCME2_ADV_X1Y2      MMCME2_ADV (Prop_mmcme2_adv_CLKIN1_CLKOUT0)
                                                     -2.613    -1.930 r  i_xlnx_clk_gen/inst/mmcm_adv_inst/CLKOUT0
                         net (fo=1, routed)           0.696    -1.233    i_xlnx_clk_gen/inst/clk_out1_xlnx_clk_gen
    BUFGCTRL_X0Y16       BUFG (Prop_bufg_I_O)         0.026    -1.207 r  i_xlnx_clk_gen/inst/clkout1_buf/O
                         net (fo=14914, routed)       0.609    -0.599    i_axi_dwidth_converter_dm_slave/inst/gen_downsizer.gen_simple_downsizer.axi_downsizer_inst/USE_READ.read_addr_inst/cmd_queue/inst/fifo_gen_inst/inst_fifo_gen/gconvfifo.rf/grf.rf/rstblk/clk
    SLICE_X97Y14         FDRE                                         r  i_axi_dwidth_converter_dm_slave/inst/gen_downsizer.gen_simple_downsizer.axi_downsizer_inst/USE_READ.read_addr_inst/cmd_queue/inst/fifo_gen_inst/inst_fifo_gen/gconvfifo.rf/grf.rf/rstblk/ngwrdrst.grst.g7serrst.gnsckt_wrst.gcc_rst.sckt_wr_rst_cc_reg[0]/C
  -------------------------------------------------------------------    -------------------
    SLICE_X97Y14         FDRE (Prop_fdre_C_Q)         0.141    -0.458 f  i_axi_dwidth_converter_dm_slave/inst/gen_downsizer.gen_simple_downsizer.axi_downsizer_inst/USE_READ.read_addr_inst/cmd_queue/inst/fifo_gen_inst/inst_fifo_gen/gconvfifo.rf/grf.rf/rstblk/ngwrdrst.grst.g7serrst.gnsckt_wrst.gcc_rst.sckt_wr_rst_cc_reg[0]/Q
                         net (fo=3, routed)           0.114    -0.343    i_axi_dwidth_converter_dm_slave/inst/gen_downsizer.gen_simple_downsizer.axi_downsizer_inst/USE_READ.read_addr_inst/cmd_queue/inst/fifo_gen_inst/inst_fifo_gen/gconvfifo.rf/grf.rf/rstblk/ngwrdrst.grst.g7serrst.gnsckt_wrst.gcc_rst.sckt_wr_rst_cc[0]
    SLICE_X96Y14         LUT3 (Prop_lut3_I1_O)        0.045    -0.298 f  i_axi_dwidth_converter_dm_slave/inst/gen_downsizer.gen_simple_downsizer.axi_downsizer_inst/USE_READ.read_addr_inst/cmd_queue/inst/fifo_gen_inst/inst_fifo_gen/gconvfifo.rf/grf.rf/rstblk/gpregsm1.curr_fwft_state[1]_i_2/O
                         net (fo=32, routed)          0.134    -0.165    i_axi_dwidth_converter_dm_slave/inst/gen_downsizer.gen_simple_downsizer.axi_downsizer_inst/USE_READ.read_addr_inst/cmd_queue/inst/fifo_gen_inst/inst_fifo_gen/gconvfifo.rf/grf.rf/gntv_or_sync_fifo.gl0.wr/gwss.wsts/AR[0]
    SLICE_X95Y14         FDCE                                         f  i_axi_dwidth_converter_dm_slave/inst/gen_downsizer.gen_simple_downsizer.axi_downsizer_inst/USE_READ.read_addr_inst/cmd_queue/inst/fifo_gen_inst/inst_fifo_gen/gconvfifo.rf/grf.rf/gntv_or_sync_fifo.gl0.wr/gwss.wsts/ram_full_fb_i_reg/CLR
  -------------------------------------------------------------------    -------------------

                         (clock clk_out1_xlnx_clk_gen rise edge)
                                                      0.000     0.000 r  
    K17                                               0.000     0.000 r  clk_sys (IN)
                         net (fo=0)                   0.000     0.000    i_xlnx_clk_gen/inst/clk_in1
    K17                  IBUF (Prop_ibuf_I_O)         0.431     0.431 r  i_xlnx_clk_gen/inst/clkin1_ibufg/O
                         net (fo=1, routed)           0.480     0.911    i_xlnx_clk_gen/inst/clk_in1_xlnx_clk_gen
    MMCME2_ADV_X1Y2      MMCME2_ADV (Prop_mmcme2_adv_CLKIN1_CLKOUT0)
                                                     -3.407    -2.496 r  i_xlnx_clk_gen/inst/mmcm_adv_inst/CLKOUT0
                         net (fo=1, routed)           0.752    -1.744    i_xlnx_clk_gen/inst/clk_out1_xlnx_clk_gen
    BUFGCTRL_X0Y16       BUFG (Prop_bufg_I_O)         0.029    -1.715 r  i_xlnx_clk_gen/inst/clkout1_buf/O
                         net (fo=14914, routed)       0.878    -0.837    i_axi_dwidth_converter_dm_slave/inst/gen_downsizer.gen_simple_downsizer.axi_downsizer_inst/USE_READ.read_addr_inst/cmd_queue/inst/fifo_gen_inst/inst_fifo_gen/gconvfifo.rf/grf.rf/gntv_or_sync_fifo.gl0.wr/gwss.wsts/clk
    SLICE_X95Y14         FDCE                                         r  i_axi_dwidth_converter_dm_slave/inst/gen_downsizer.gen_simple_downsizer.axi_downsizer_inst/USE_READ.read_addr_inst/cmd_queue/inst/fifo_gen_inst/inst_fifo_gen/gconvfifo.rf/grf.rf/gntv_or_sync_fifo.gl0.wr/gwss.wsts/ram_full_fb_i_reg/C
                         clock pessimism              0.254    -0.584    
    SLICE_X95Y14         FDCE (Remov_fdce_C_CLR)     -0.092    -0.676    i_axi_dwidth_converter_dm_slave/inst/gen_downsizer.gen_simple_downsizer.axi_downsizer_inst/USE_READ.read_addr_inst/cmd_queue/inst/fifo_gen_inst/inst_fifo_gen/gconvfifo.rf/grf.rf/gntv_or_sync_fifo.gl0.wr/gwss.wsts/ram_full_fb_i_reg
  -------------------------------------------------------------------
                         required time                          0.676    
                         arrival time                          -0.165    
  -------------------------------------------------------------------
                         slack                                  0.511    

Slack (MET) :             0.514ns  (arrival time - required time)
  Source:                 i_axi_dwidth_converter_dm_slave/inst/gen_downsizer.gen_simple_downsizer.axi_downsizer_inst/USE_READ.read_addr_inst/cmd_queue/inst/fifo_gen_inst/inst_fifo_gen/gconvfifo.rf/grf.rf/rstblk/ngwrdrst.grst.g7serrst.gnsckt_wrst.gcc_rst.sckt_wr_rst_cc_reg[0]/C
                            (rising edge-triggered cell FDRE clocked by clk_out1_xlnx_clk_gen  {rise@0.000ns fall@12.500ns period=25.000ns})
  Destination:            i_axi_dwidth_converter_dm_slave/inst/gen_downsizer.gen_simple_downsizer.axi_downsizer_inst/USE_READ.read_addr_inst/cmd_queue/inst/fifo_gen_inst/inst_fifo_gen/gconvfifo.rf/grf.rf/gntv_or_sync_fifo.gl0.rd/gr1.gr1_int.rfwft/aempty_fwft_fb_i_reg/PRE
                            (removal check against rising-edge clock clk_out1_xlnx_clk_gen  {rise@0.000ns fall@12.500ns period=25.000ns})
  Path Group:             **async_default**
  Path Type:              Removal (Min at Fast Process Corner)
  Requirement:            0.000ns  (clk_out1_xlnx_clk_gen rise@0.000ns - clk_out1_xlnx_clk_gen rise@0.000ns)
  Data Path Delay:        0.434ns  (logic 0.186ns (42.854%)  route 0.248ns (57.146%))
  Logic Levels:           1  (LUT3=1)
  Clock Path Skew:        0.015ns (DCD - SCD - CPR)
    Destination Clock Delay (DCD):    -0.837ns
    Source Clock Delay      (SCD):    -0.599ns
    Clock Pessimism Removal (CPR):    -0.254ns

    Location             Delay type                Incr(ns)  Path(ns)    Netlist Resource(s)
  -------------------------------------------------------------------    -------------------
                         (clock clk_out1_xlnx_clk_gen rise edge)
                                                      0.000     0.000 r  
    K17                                               0.000     0.000 r  clk_sys (IN)
                         net (fo=0)                   0.000     0.000    i_xlnx_clk_gen/inst/clk_in1
    K17                  IBUF (Prop_ibuf_I_O)         0.243     0.243 r  i_xlnx_clk_gen/inst/clkin1_ibufg/O
                         net (fo=1, routed)           0.440     0.683    i_xlnx_clk_gen/inst/clk_in1_xlnx_clk_gen
    MMCME2_ADV_X1Y2      MMCME2_ADV (Prop_mmcme2_adv_CLKIN1_CLKOUT0)
                                                     -2.613    -1.930 r  i_xlnx_clk_gen/inst/mmcm_adv_inst/CLKOUT0
                         net (fo=1, routed)           0.696    -1.233    i_xlnx_clk_gen/inst/clk_out1_xlnx_clk_gen
    BUFGCTRL_X0Y16       BUFG (Prop_bufg_I_O)         0.026    -1.207 r  i_xlnx_clk_gen/inst/clkout1_buf/O
                         net (fo=14914, routed)       0.609    -0.599    i_axi_dwidth_converter_dm_slave/inst/gen_downsizer.gen_simple_downsizer.axi_downsizer_inst/USE_READ.read_addr_inst/cmd_queue/inst/fifo_gen_inst/inst_fifo_gen/gconvfifo.rf/grf.rf/rstblk/clk
    SLICE_X97Y14         FDRE                                         r  i_axi_dwidth_converter_dm_slave/inst/gen_downsizer.gen_simple_downsizer.axi_downsizer_inst/USE_READ.read_addr_inst/cmd_queue/inst/fifo_gen_inst/inst_fifo_gen/gconvfifo.rf/grf.rf/rstblk/ngwrdrst.grst.g7serrst.gnsckt_wrst.gcc_rst.sckt_wr_rst_cc_reg[0]/C
  -------------------------------------------------------------------    -------------------
    SLICE_X97Y14         FDRE (Prop_fdre_C_Q)         0.141    -0.458 f  i_axi_dwidth_converter_dm_slave/inst/gen_downsizer.gen_simple_downsizer.axi_downsizer_inst/USE_READ.read_addr_inst/cmd_queue/inst/fifo_gen_inst/inst_fifo_gen/gconvfifo.rf/grf.rf/rstblk/ngwrdrst.grst.g7serrst.gnsckt_wrst.gcc_rst.sckt_wr_rst_cc_reg[0]/Q
                         net (fo=3, routed)           0.114    -0.343    i_axi_dwidth_converter_dm_slave/inst/gen_downsizer.gen_simple_downsizer.axi_downsizer_inst/USE_READ.read_addr_inst/cmd_queue/inst/fifo_gen_inst/inst_fifo_gen/gconvfifo.rf/grf.rf/rstblk/ngwrdrst.grst.g7serrst.gnsckt_wrst.gcc_rst.sckt_wr_rst_cc[0]
    SLICE_X96Y14         LUT3 (Prop_lut3_I1_O)        0.045    -0.298 f  i_axi_dwidth_converter_dm_slave/inst/gen_downsizer.gen_simple_downsizer.axi_downsizer_inst/USE_READ.read_addr_inst/cmd_queue/inst/fifo_gen_inst/inst_fifo_gen/gconvfifo.rf/grf.rf/rstblk/gpregsm1.curr_fwft_state[1]_i_2/O
                         net (fo=32, routed)          0.134    -0.165    i_axi_dwidth_converter_dm_slave/inst/gen_downsizer.gen_simple_downsizer.axi_downsizer_inst/USE_READ.read_addr_inst/cmd_queue/inst/fifo_gen_inst/inst_fifo_gen/gconvfifo.rf/grf.rf/gntv_or_sync_fifo.gl0.rd/gr1.gr1_int.rfwft/gpregsm1.user_valid_reg_0
    SLICE_X95Y14         FDPE                                         f  i_axi_dwidth_converter_dm_slave/inst/gen_downsizer.gen_simple_downsizer.axi_downsizer_inst/USE_READ.read_addr_inst/cmd_queue/inst/fifo_gen_inst/inst_fifo_gen/gconvfifo.rf/grf.rf/gntv_or_sync_fifo.gl0.rd/gr1.gr1_int.rfwft/aempty_fwft_fb_i_reg/PRE
  -------------------------------------------------------------------    -------------------

                         (clock clk_out1_xlnx_clk_gen rise edge)
                                                      0.000     0.000 r  
    K17                                               0.000     0.000 r  clk_sys (IN)
                         net (fo=0)                   0.000     0.000    i_xlnx_clk_gen/inst/clk_in1
    K17                  IBUF (Prop_ibuf_I_O)         0.431     0.431 r  i_xlnx_clk_gen/inst/clkin1_ibufg/O
                         net (fo=1, routed)           0.480     0.911    i_xlnx_clk_gen/inst/clk_in1_xlnx_clk_gen
    MMCME2_ADV_X1Y2      MMCME2_ADV (Prop_mmcme2_adv_CLKIN1_CLKOUT0)
                                                     -3.407    -2.496 r  i_xlnx_clk_gen/inst/mmcm_adv_inst/CLKOUT0
                         net (fo=1, routed)           0.752    -1.744    i_xlnx_clk_gen/inst/clk_out1_xlnx_clk_gen
    BUFGCTRL_X0Y16       BUFG (Prop_bufg_I_O)         0.029    -1.715 r  i_xlnx_clk_gen/inst/clkout1_buf/O
                         net (fo=14914, routed)       0.878    -0.837    i_axi_dwidth_converter_dm_slave/inst/gen_downsizer.gen_simple_downsizer.axi_downsizer_inst/USE_READ.read_addr_inst/cmd_queue/inst/fifo_gen_inst/inst_fifo_gen/gconvfifo.rf/grf.rf/gntv_or_sync_fifo.gl0.rd/gr1.gr1_int.rfwft/clk
    SLICE_X95Y14         FDPE                                         r  i_axi_dwidth_converter_dm_slave/inst/gen_downsizer.gen_simple_downsizer.axi_downsizer_inst/USE_READ.read_addr_inst/cmd_queue/inst/fifo_gen_inst/inst_fifo_gen/gconvfifo.rf/grf.rf/gntv_or_sync_fifo.gl0.rd/gr1.gr1_int.rfwft/aempty_fwft_fb_i_reg/C
                         clock pessimism              0.254    -0.584    
    SLICE_X95Y14         FDPE (Remov_fdpe_C_PRE)     -0.095    -0.679    i_axi_dwidth_converter_dm_slave/inst/gen_downsizer.gen_simple_downsizer.axi_downsizer_inst/USE_READ.read_addr_inst/cmd_queue/inst/fifo_gen_inst/inst_fifo_gen/gconvfifo.rf/grf.rf/gntv_or_sync_fifo.gl0.rd/gr1.gr1_int.rfwft/aempty_fwft_fb_i_reg
  -------------------------------------------------------------------
                         required time                          0.679    
                         arrival time                          -0.165    
  -------------------------------------------------------------------
                         slack                                  0.514    

Slack (MET) :             0.514ns  (arrival time - required time)
  Source:                 i_axi_dwidth_converter_dm_slave/inst/gen_downsizer.gen_simple_downsizer.axi_downsizer_inst/USE_READ.read_addr_inst/cmd_queue/inst/fifo_gen_inst/inst_fifo_gen/gconvfifo.rf/grf.rf/rstblk/ngwrdrst.grst.g7serrst.gnsckt_wrst.gcc_rst.sckt_wr_rst_cc_reg[0]/C
                            (rising edge-triggered cell FDRE clocked by clk_out1_xlnx_clk_gen  {rise@0.000ns fall@12.500ns period=25.000ns})
  Destination:            i_axi_dwidth_converter_dm_slave/inst/gen_downsizer.gen_simple_downsizer.axi_downsizer_inst/USE_READ.read_addr_inst/cmd_queue/inst/fifo_gen_inst/inst_fifo_gen/gconvfifo.rf/grf.rf/gntv_or_sync_fifo.gl0.rd/gr1.gr1_int.rfwft/aempty_fwft_i_reg/PRE
                            (removal check against rising-edge clock clk_out1_xlnx_clk_gen  {rise@0.000ns fall@12.500ns period=25.000ns})
  Path Group:             **async_default**
  Path Type:              Removal (Min at Fast Process Corner)
  Requirement:            0.000ns  (clk_out1_xlnx_clk_gen rise@0.000ns - clk_out1_xlnx_clk_gen rise@0.000ns)
  Data Path Delay:        0.434ns  (logic 0.186ns (42.854%)  route 0.248ns (57.146%))
  Logic Levels:           1  (LUT3=1)
  Clock Path Skew:        0.015ns (DCD - SCD - CPR)
    Destination Clock Delay (DCD):    -0.837ns
    Source Clock Delay      (SCD):    -0.599ns
    Clock Pessimism Removal (CPR):    -0.254ns

    Location             Delay type                Incr(ns)  Path(ns)    Netlist Resource(s)
  -------------------------------------------------------------------    -------------------
                         (clock clk_out1_xlnx_clk_gen rise edge)
                                                      0.000     0.000 r  
    K17                                               0.000     0.000 r  clk_sys (IN)
                         net (fo=0)                   0.000     0.000    i_xlnx_clk_gen/inst/clk_in1
    K17                  IBUF (Prop_ibuf_I_O)         0.243     0.243 r  i_xlnx_clk_gen/inst/clkin1_ibufg/O
                         net (fo=1, routed)           0.440     0.683    i_xlnx_clk_gen/inst/clk_in1_xlnx_clk_gen
    MMCME2_ADV_X1Y2      MMCME2_ADV (Prop_mmcme2_adv_CLKIN1_CLKOUT0)
                                                     -2.613    -1.930 r  i_xlnx_clk_gen/inst/mmcm_adv_inst/CLKOUT0
                         net (fo=1, routed)           0.696    -1.233    i_xlnx_clk_gen/inst/clk_out1_xlnx_clk_gen
    BUFGCTRL_X0Y16       BUFG (Prop_bufg_I_O)         0.026    -1.207 r  i_xlnx_clk_gen/inst/clkout1_buf/O
                         net (fo=14914, routed)       0.609    -0.599    i_axi_dwidth_converter_dm_slave/inst/gen_downsizer.gen_simple_downsizer.axi_downsizer_inst/USE_READ.read_addr_inst/cmd_queue/inst/fifo_gen_inst/inst_fifo_gen/gconvfifo.rf/grf.rf/rstblk/clk
    SLICE_X97Y14         FDRE                                         r  i_axi_dwidth_converter_dm_slave/inst/gen_downsizer.gen_simple_downsizer.axi_downsizer_inst/USE_READ.read_addr_inst/cmd_queue/inst/fifo_gen_inst/inst_fifo_gen/gconvfifo.rf/grf.rf/rstblk/ngwrdrst.grst.g7serrst.gnsckt_wrst.gcc_rst.sckt_wr_rst_cc_reg[0]/C
  -------------------------------------------------------------------    -------------------
    SLICE_X97Y14         FDRE (Prop_fdre_C_Q)         0.141    -0.458 f  i_axi_dwidth_converter_dm_slave/inst/gen_downsizer.gen_simple_downsizer.axi_downsizer_inst/USE_READ.read_addr_inst/cmd_queue/inst/fifo_gen_inst/inst_fifo_gen/gconvfifo.rf/grf.rf/rstblk/ngwrdrst.grst.g7serrst.gnsckt_wrst.gcc_rst.sckt_wr_rst_cc_reg[0]/Q
                         net (fo=3, routed)           0.114    -0.343    i_axi_dwidth_converter_dm_slave/inst/gen_downsizer.gen_simple_downsizer.axi_downsizer_inst/USE_READ.read_addr_inst/cmd_queue/inst/fifo_gen_inst/inst_fifo_gen/gconvfifo.rf/grf.rf/rstblk/ngwrdrst.grst.g7serrst.gnsckt_wrst.gcc_rst.sckt_wr_rst_cc[0]
    SLICE_X96Y14         LUT3 (Prop_lut3_I1_O)        0.045    -0.298 f  i_axi_dwidth_converter_dm_slave/inst/gen_downsizer.gen_simple_downsizer.axi_downsizer_inst/USE_READ.read_addr_inst/cmd_queue/inst/fifo_gen_inst/inst_fifo_gen/gconvfifo.rf/grf.rf/rstblk/gpregsm1.curr_fwft_state[1]_i_2/O
                         net (fo=32, routed)          0.134    -0.165    i_axi_dwidth_converter_dm_slave/inst/gen_downsizer.gen_simple_downsizer.axi_downsizer_inst/USE_READ.read_addr_inst/cmd_queue/inst/fifo_gen_inst/inst_fifo_gen/gconvfifo.rf/grf.rf/gntv_or_sync_fifo.gl0.rd/gr1.gr1_int.rfwft/gpregsm1.user_valid_reg_0
    SLICE_X95Y14         FDPE                                         f  i_axi_dwidth_converter_dm_slave/inst/gen_downsizer.gen_simple_downsizer.axi_downsizer_inst/USE_READ.read_addr_inst/cmd_queue/inst/fifo_gen_inst/inst_fifo_gen/gconvfifo.rf/grf.rf/gntv_or_sync_fifo.gl0.rd/gr1.gr1_int.rfwft/aempty_fwft_i_reg/PRE
  -------------------------------------------------------------------    -------------------

                         (clock clk_out1_xlnx_clk_gen rise edge)
                                                      0.000     0.000 r  
    K17                                               0.000     0.000 r  clk_sys (IN)
                         net (fo=0)                   0.000     0.000    i_xlnx_clk_gen/inst/clk_in1
    K17                  IBUF (Prop_ibuf_I_O)         0.431     0.431 r  i_xlnx_clk_gen/inst/clkin1_ibufg/O
                         net (fo=1, routed)           0.480     0.911    i_xlnx_clk_gen/inst/clk_in1_xlnx_clk_gen
    MMCME2_ADV_X1Y2      MMCME2_ADV (Prop_mmcme2_adv_CLKIN1_CLKOUT0)
                                                     -3.407    -2.496 r  i_xlnx_clk_gen/inst/mmcm_adv_inst/CLKOUT0
                         net (fo=1, routed)           0.752    -1.744    i_xlnx_clk_gen/inst/clk_out1_xlnx_clk_gen
    BUFGCTRL_X0Y16       BUFG (Prop_bufg_I_O)         0.029    -1.715 r  i_xlnx_clk_gen/inst/clkout1_buf/O
                         net (fo=14914, routed)       0.878    -0.837    i_axi_dwidth_converter_dm_slave/inst/gen_downsizer.gen_simple_downsizer.axi_downsizer_inst/USE_READ.read_addr_inst/cmd_queue/inst/fifo_gen_inst/inst_fifo_gen/gconvfifo.rf/grf.rf/gntv_or_sync_fifo.gl0.rd/gr1.gr1_int.rfwft/clk
    SLICE_X95Y14         FDPE                                         r  i_axi_dwidth_converter_dm_slave/inst/gen_downsizer.gen_simple_downsizer.axi_downsizer_inst/USE_READ.read_addr_inst/cmd_queue/inst/fifo_gen_inst/inst_fifo_gen/gconvfifo.rf/grf.rf/gntv_or_sync_fifo.gl0.rd/gr1.gr1_int.rfwft/aempty_fwft_i_reg/C
                         clock pessimism              0.254    -0.584    
    SLICE_X95Y14         FDPE (Remov_fdpe_C_PRE)     -0.095    -0.679    i_axi_dwidth_converter_dm_slave/inst/gen_downsizer.gen_simple_downsizer.axi_downsizer_inst/USE_READ.read_addr_inst/cmd_queue/inst/fifo_gen_inst/inst_fifo_gen/gconvfifo.rf/grf.rf/gntv_or_sync_fifo.gl0.rd/gr1.gr1_int.rfwft/aempty_fwft_i_reg
  -------------------------------------------------------------------
                         required time                          0.679    
                         arrival time                          -0.165    
  -------------------------------------------------------------------
                         slack                                  0.514    

Slack (MET) :             0.514ns  (arrival time - required time)
  Source:                 i_axi_dwidth_converter_dm_slave/inst/gen_downsizer.gen_simple_downsizer.axi_downsizer_inst/USE_READ.read_addr_inst/cmd_queue/inst/fifo_gen_inst/inst_fifo_gen/gconvfifo.rf/grf.rf/rstblk/ngwrdrst.grst.g7serrst.gnsckt_wrst.gcc_rst.sckt_wr_rst_cc_reg[0]/C
                            (rising edge-triggered cell FDRE clocked by clk_out1_xlnx_clk_gen  {rise@0.000ns fall@12.500ns period=25.000ns})
  Destination:            i_axi_dwidth_converter_dm_slave/inst/gen_downsizer.gen_simple_downsizer.axi_downsizer_inst/USE_READ.read_addr_inst/cmd_queue/inst/fifo_gen_inst/inst_fifo_gen/gconvfifo.rf/grf.rf/gntv_or_sync_fifo.gl0.rd/grss.rsts/ram_empty_fb_i_reg/PRE
                            (removal check against rising-edge clock clk_out1_xlnx_clk_gen  {rise@0.000ns fall@12.500ns period=25.000ns})
  Path Group:             **async_default**
  Path Type:              Removal (Min at Fast Process Corner)
  Requirement:            0.000ns  (clk_out1_xlnx_clk_gen rise@0.000ns - clk_out1_xlnx_clk_gen rise@0.000ns)
  Data Path Delay:        0.434ns  (logic 0.186ns (42.854%)  route 0.248ns (57.146%))
  Logic Levels:           1  (LUT3=1)
  Clock Path Skew:        0.015ns (DCD - SCD - CPR)
    Destination Clock Delay (DCD):    -0.837ns
    Source Clock Delay      (SCD):    -0.599ns
    Clock Pessimism Removal (CPR):    -0.254ns

    Location             Delay type                Incr(ns)  Path(ns)    Netlist Resource(s)
  -------------------------------------------------------------------    -------------------
                         (clock clk_out1_xlnx_clk_gen rise edge)
                                                      0.000     0.000 r  
    K17                                               0.000     0.000 r  clk_sys (IN)
                         net (fo=0)                   0.000     0.000    i_xlnx_clk_gen/inst/clk_in1
    K17                  IBUF (Prop_ibuf_I_O)         0.243     0.243 r  i_xlnx_clk_gen/inst/clkin1_ibufg/O
                         net (fo=1, routed)           0.440     0.683    i_xlnx_clk_gen/inst/clk_in1_xlnx_clk_gen
    MMCME2_ADV_X1Y2      MMCME2_ADV (Prop_mmcme2_adv_CLKIN1_CLKOUT0)
                                                     -2.613    -1.930 r  i_xlnx_clk_gen/inst/mmcm_adv_inst/CLKOUT0
                         net (fo=1, routed)           0.696    -1.233    i_xlnx_clk_gen/inst/clk_out1_xlnx_clk_gen
    BUFGCTRL_X0Y16       BUFG (Prop_bufg_I_O)         0.026    -1.207 r  i_xlnx_clk_gen/inst/clkout1_buf/O
                         net (fo=14914, routed)       0.609    -0.599    i_axi_dwidth_converter_dm_slave/inst/gen_downsizer.gen_simple_downsizer.axi_downsizer_inst/USE_READ.read_addr_inst/cmd_queue/inst/fifo_gen_inst/inst_fifo_gen/gconvfifo.rf/grf.rf/rstblk/clk
    SLICE_X97Y14         FDRE                                         r  i_axi_dwidth_converter_dm_slave/inst/gen_downsizer.gen_simple_downsizer.axi_downsizer_inst/USE_READ.read_addr_inst/cmd_queue/inst/fifo_gen_inst/inst_fifo_gen/gconvfifo.rf/grf.rf/rstblk/ngwrdrst.grst.g7serrst.gnsckt_wrst.gcc_rst.sckt_wr_rst_cc_reg[0]/C
  -------------------------------------------------------------------    -------------------
    SLICE_X97Y14         FDRE (Prop_fdre_C_Q)         0.141    -0.458 f  i_axi_dwidth_converter_dm_slave/inst/gen_downsizer.gen_simple_downsizer.axi_downsizer_inst/USE_READ.read_addr_inst/cmd_queue/inst/fifo_gen_inst/inst_fifo_gen/gconvfifo.rf/grf.rf/rstblk/ngwrdrst.grst.g7serrst.gnsckt_wrst.gcc_rst.sckt_wr_rst_cc_reg[0]/Q
                         net (fo=3, routed)           0.114    -0.343    i_axi_dwidth_converter_dm_slave/inst/gen_downsizer.gen_simple_downsizer.axi_downsizer_inst/USE_READ.read_addr_inst/cmd_queue/inst/fifo_gen_inst/inst_fifo_gen/gconvfifo.rf/grf.rf/rstblk/ngwrdrst.grst.g7serrst.gnsckt_wrst.gcc_rst.sckt_wr_rst_cc[0]
    SLICE_X96Y14         LUT3 (Prop_lut3_I1_O)        0.045    -0.298 f  i_axi_dwidth_converter_dm_slave/inst/gen_downsizer.gen_simple_downsizer.axi_downsizer_inst/USE_READ.read_addr_inst/cmd_queue/inst/fifo_gen_inst/inst_fifo_gen/gconvfifo.rf/grf.rf/rstblk/gpregsm1.curr_fwft_state[1]_i_2/O
                         net (fo=32, routed)          0.134    -0.165    i_axi_dwidth_converter_dm_slave/inst/gen_downsizer.gen_simple_downsizer.axi_downsizer_inst/USE_READ.read_addr_inst/cmd_queue/inst/fifo_gen_inst/inst_fifo_gen/gconvfifo.rf/grf.rf/gntv_or_sync_fifo.gl0.rd/grss.rsts/ram_empty_i_reg_1
    SLICE_X95Y14         FDPE                                         f  i_axi_dwidth_converter_dm_slave/inst/gen_downsizer.gen_simple_downsizer.axi_downsizer_inst/USE_READ.read_addr_inst/cmd_queue/inst/fifo_gen_inst/inst_fifo_gen/gconvfifo.rf/grf.rf/gntv_or_sync_fifo.gl0.rd/grss.rsts/ram_empty_fb_i_reg/PRE
  -------------------------------------------------------------------    -------------------

                         (clock clk_out1_xlnx_clk_gen rise edge)
                                                      0.000     0.000 r  
    K17                                               0.000     0.000 r  clk_sys (IN)
                         net (fo=0)                   0.000     0.000    i_xlnx_clk_gen/inst/clk_in1
    K17                  IBUF (Prop_ibuf_I_O)         0.431     0.431 r  i_xlnx_clk_gen/inst/clkin1_ibufg/O
                         net (fo=1, routed)           0.480     0.911    i_xlnx_clk_gen/inst/clk_in1_xlnx_clk_gen
    MMCME2_ADV_X1Y2      MMCME2_ADV (Prop_mmcme2_adv_CLKIN1_CLKOUT0)
                                                     -3.407    -2.496 r  i_xlnx_clk_gen/inst/mmcm_adv_inst/CLKOUT0
                         net (fo=1, routed)           0.752    -1.744    i_xlnx_clk_gen/inst/clk_out1_xlnx_clk_gen
    BUFGCTRL_X0Y16       BUFG (Prop_bufg_I_O)         0.029    -1.715 r  i_xlnx_clk_gen/inst/clkout1_buf/O
                         net (fo=14914, routed)       0.878    -0.837    i_axi_dwidth_converter_dm_slave/inst/gen_downsizer.gen_simple_downsizer.axi_downsizer_inst/USE_READ.read_addr_inst/cmd_queue/inst/fifo_gen_inst/inst_fifo_gen/gconvfifo.rf/grf.rf/gntv_or_sync_fifo.gl0.rd/grss.rsts/clk
    SLICE_X95Y14         FDPE                                         r  i_axi_dwidth_converter_dm_slave/inst/gen_downsizer.gen_simple_downsizer.axi_downsizer_inst/USE_READ.read_addr_inst/cmd_queue/inst/fifo_gen_inst/inst_fifo_gen/gconvfifo.rf/grf.rf/gntv_or_sync_fifo.gl0.rd/grss.rsts/ram_empty_fb_i_reg/C
                         clock pessimism              0.254    -0.584    
    SLICE_X95Y14         FDPE (Remov_fdpe_C_PRE)     -0.095    -0.679    i_axi_dwidth_converter_dm_slave/inst/gen_downsizer.gen_simple_downsizer.axi_downsizer_inst/USE_READ.read_addr_inst/cmd_queue/inst/fifo_gen_inst/inst_fifo_gen/gconvfifo.rf/grf.rf/gntv_or_sync_fifo.gl0.rd/grss.rsts/ram_empty_fb_i_reg
  -------------------------------------------------------------------
                         required time                          0.679    
                         arrival time                          -0.165    
  -------------------------------------------------------------------
                         slack                                  0.514    





--------------------------------------------------------------------------------------
Path Group:  (none)
From Clock:  clk_out1_xlnx_clk_gen
  To Clock:  clk_out1_xlnx_clk_gen

Max Delay             6 Endpoints
Min Delay             6 Endpoints
--------------------------------------------------------------------------------------


Max Delay Paths
--------------------------------------------------------------------------------------
Slack:                    inf
  Source:                 i_rstgen_main/i_rstgen_bypass/synch_regs_q_reg[3]/C
                            (rising edge-triggered cell FDCE clocked by clk_out1_xlnx_clk_gen  {rise@0.000ns fall@12.500ns period=25.000ns})
  Destination:            i_axi_dwidth_converter_dm_slave/inst/gen_downsizer.gen_simple_downsizer.axi_downsizer_inst/USE_WRITE.write_addr_inst/USE_B_CHANNEL.cmd_b_queue/inst/fifo_gen_inst/inst_fifo_gen/gconvfifo.rf/grf.rf/rstblk/ngwrdrst.grst.g7serrst.gnsckt_wrst.rst_wr_reg2_inst/arststages_ff_reg[0]/PRE
                            (recovery check against rising-edge clock clk_out1_xlnx_clk_gen  {rise@0.000ns fall@12.500ns period=25.000ns})
  Path Group:             (none)
  Path Type:              Recovery (Max at Slow Process Corner)
  Data Path Delay:        5.683ns  (logic 0.580ns (10.206%)  route 5.103ns (89.794%))
  Logic Levels:           1  (LUT1=1)
  Clock Path Skew:        -0.474ns (DCD - SCD + CPR)
    Destination Clock Delay (DCD):    -1.446ns
    Source Clock Delay      (SCD):    -0.971ns
    Clock Pessimism Removal (CPR):    0.000ns
  Clock Uncertainty:      0.082ns  ((TSJ^2 + DJ^2)^1/2) / 2 + PE
    Total System Jitter     (TSJ):    0.071ns
    Discrete Jitter          (DJ):    0.149ns
    Phase Error              (PE):    0.000ns
  Timing Exception:       False Path

    Location             Delay type                Incr(ns)  Path(ns)    Netlist Resource(s)
  -------------------------------------------------------------------    -------------------
                         (clock clk_out1_xlnx_clk_gen rise edge)
                                                      0.000     0.000 r  
    K17                                               0.000     0.000 r  clk_sys (IN)
                         net (fo=0)                   0.000     0.000    i_xlnx_clk_gen/inst/clk_in1
    K17                  IBUF (Prop_ibuf_I_O)         1.475     1.475 r  i_xlnx_clk_gen/inst/clkin1_ibufg/O
                         net (fo=1, routed)           1.285     2.760    i_xlnx_clk_gen/inst/clk_in1_xlnx_clk_gen
    MMCME2_ADV_X1Y2      MMCME2_ADV (Prop_mmcme2_adv_CLKIN1_CLKOUT0)
                                                     -7.759    -4.999 r  i_xlnx_clk_gen/inst/mmcm_adv_inst/CLKOUT0
                         net (fo=1, routed)           2.206    -2.793    i_xlnx_clk_gen/inst/clk_out1_xlnx_clk_gen
    BUFGCTRL_X0Y16       BUFG (Prop_bufg_I_O)         0.101    -2.692 r  i_xlnx_clk_gen/inst/clkout1_buf/O
                         net (fo=14914, routed)       1.721    -0.971    i_rstgen_main/i_rstgen_bypass/clk_out1
    SLICE_X80Y27         FDCE                                         r  i_rstgen_main/i_rstgen_bypass/synch_regs_q_reg[3]/C
  -------------------------------------------------------------------    -------------------
    SLICE_X80Y27         FDCE (Prop_fdce_C_Q)         0.456    -0.515 r  i_rstgen_main/i_rstgen_bypass/synch_regs_q_reg[3]/Q
                         net (fo=29, routed)          2.134     1.619    i_axi_dwidth_converter_dm_slave/inst/gen_downsizer.gen_simple_downsizer.axi_downsizer_inst/USE_WRITE.write_addr_inst/USE_B_CHANNEL.cmd_b_queue/inst/out
    SLICE_X102Y13        LUT1 (Prop_lut1_I0_O)        0.124     1.743 f  i_axi_dwidth_converter_dm_slave/inst/gen_downsizer.gen_simple_downsizer.axi_downsizer_inst/USE_WRITE.write_addr_inst/USE_B_CHANNEL.cmd_b_queue/inst/S_AXI_AREADY_I_i_1/O
                         net (fo=156, routed)         2.969     4.712    i_axi_dwidth_converter_dm_slave/inst/gen_downsizer.gen_simple_downsizer.axi_downsizer_inst/USE_WRITE.write_addr_inst/USE_B_CHANNEL.cmd_b_queue/inst/fifo_gen_inst/inst_fifo_gen/gconvfifo.rf/grf.rf/rstblk/ngwrdrst.grst.g7serrst.gnsckt_wrst.rst_wr_reg2_inst/src_arst
    SLICE_X106Y8         FDPE                                         f  i_axi_dwidth_converter_dm_slave/inst/gen_downsizer.gen_simple_downsizer.axi_downsizer_inst/USE_WRITE.write_addr_inst/USE_B_CHANNEL.cmd_b_queue/inst/fifo_gen_inst/inst_fifo_gen/gconvfifo.rf/grf.rf/rstblk/ngwrdrst.grst.g7serrst.gnsckt_wrst.rst_wr_reg2_inst/arststages_ff_reg[0]/PRE
  -------------------------------------------------------------------    -------------------

                         (clock clk_out1_xlnx_clk_gen rise edge)
                                                      0.000     0.000 r  
    K17                                               0.000     0.000 r  clk_sys (IN)
                         net (fo=0)                   0.000     0.000    i_xlnx_clk_gen/inst/clk_in1
    K17                  IBUF (Prop_ibuf_I_O)         1.404     1.404 r  i_xlnx_clk_gen/inst/clkin1_ibufg/O
                         net (fo=1, routed)           1.162     2.566    i_xlnx_clk_gen/inst/clk_in1_xlnx_clk_gen
    MMCME2_ADV_X1Y2      MMCME2_ADV (Prop_mmcme2_adv_CLKIN1_CLKOUT0)
                                                     -7.814    -5.248 r  i_xlnx_clk_gen/inst/mmcm_adv_inst/CLKOUT0
                         net (fo=1, routed)           2.012    -3.236    i_xlnx_clk_gen/inst/clk_out1_xlnx_clk_gen
    BUFGCTRL_X0Y16       BUFG (Prop_bufg_I_O)         0.091    -3.145 r  i_xlnx_clk_gen/inst/clkout1_buf/O
                         net (fo=14914, routed)       1.699    -1.446    i_axi_dwidth_converter_dm_slave/inst/gen_downsizer.gen_simple_downsizer.axi_downsizer_inst/USE_WRITE.write_addr_inst/USE_B_CHANNEL.cmd_b_queue/inst/fifo_gen_inst/inst_fifo_gen/gconvfifo.rf/grf.rf/rstblk/ngwrdrst.grst.g7serrst.gnsckt_wrst.rst_wr_reg2_inst/dest_clk
    SLICE_X106Y8         FDPE                                         r  i_axi_dwidth_converter_dm_slave/inst/gen_downsizer.gen_simple_downsizer.axi_downsizer_inst/USE_WRITE.write_addr_inst/USE_B_CHANNEL.cmd_b_queue/inst/fifo_gen_inst/inst_fifo_gen/gconvfifo.rf/grf.rf/rstblk/ngwrdrst.grst.g7serrst.gnsckt_wrst.rst_wr_reg2_inst/arststages_ff_reg[0]/C

Slack:                    inf
  Source:                 i_rstgen_main/i_rstgen_bypass/synch_regs_q_reg[3]/C
                            (rising edge-triggered cell FDCE clocked by clk_out1_xlnx_clk_gen  {rise@0.000ns fall@12.500ns period=25.000ns})
  Destination:            i_axi_dwidth_converter_dm_slave/inst/gen_downsizer.gen_simple_downsizer.axi_downsizer_inst/USE_WRITE.write_addr_inst/USE_B_CHANNEL.cmd_b_queue/inst/fifo_gen_inst/inst_fifo_gen/gconvfifo.rf/grf.rf/rstblk/ngwrdrst.grst.g7serrst.gnsckt_wrst.rst_wr_reg2_inst/arststages_ff_reg[1]/PRE
                            (recovery check against rising-edge clock clk_out1_xlnx_clk_gen  {rise@0.000ns fall@12.500ns period=25.000ns})
  Path Group:             (none)
  Path Type:              Recovery (Max at Slow Process Corner)
  Data Path Delay:        5.683ns  (logic 0.580ns (10.206%)  route 5.103ns (89.794%))
  Logic Levels:           1  (LUT1=1)
  Clock Path Skew:        -0.474ns (DCD - SCD + CPR)
    Destination Clock Delay (DCD):    -1.446ns
    Source Clock Delay      (SCD):    -0.971ns
    Clock Pessimism Removal (CPR):    0.000ns
  Clock Uncertainty:      0.082ns  ((TSJ^2 + DJ^2)^1/2) / 2 + PE
    Total System Jitter     (TSJ):    0.071ns
    Discrete Jitter          (DJ):    0.149ns
    Phase Error              (PE):    0.000ns
  Timing Exception:       False Path

    Location             Delay type                Incr(ns)  Path(ns)    Netlist Resource(s)
  -------------------------------------------------------------------    -------------------
                         (clock clk_out1_xlnx_clk_gen rise edge)
                                                      0.000     0.000 r  
    K17                                               0.000     0.000 r  clk_sys (IN)
                         net (fo=0)                   0.000     0.000    i_xlnx_clk_gen/inst/clk_in1
    K17                  IBUF (Prop_ibuf_I_O)         1.475     1.475 r  i_xlnx_clk_gen/inst/clkin1_ibufg/O
                         net (fo=1, routed)           1.285     2.760    i_xlnx_clk_gen/inst/clk_in1_xlnx_clk_gen
    MMCME2_ADV_X1Y2      MMCME2_ADV (Prop_mmcme2_adv_CLKIN1_CLKOUT0)
                                                     -7.759    -4.999 r  i_xlnx_clk_gen/inst/mmcm_adv_inst/CLKOUT0
                         net (fo=1, routed)           2.206    -2.793    i_xlnx_clk_gen/inst/clk_out1_xlnx_clk_gen
    BUFGCTRL_X0Y16       BUFG (Prop_bufg_I_O)         0.101    -2.692 r  i_xlnx_clk_gen/inst/clkout1_buf/O
                         net (fo=14914, routed)       1.721    -0.971    i_rstgen_main/i_rstgen_bypass/clk_out1
    SLICE_X80Y27         FDCE                                         r  i_rstgen_main/i_rstgen_bypass/synch_regs_q_reg[3]/C
  -------------------------------------------------------------------    -------------------
    SLICE_X80Y27         FDCE (Prop_fdce_C_Q)         0.456    -0.515 r  i_rstgen_main/i_rstgen_bypass/synch_regs_q_reg[3]/Q
                         net (fo=29, routed)          2.134     1.619    i_axi_dwidth_converter_dm_slave/inst/gen_downsizer.gen_simple_downsizer.axi_downsizer_inst/USE_WRITE.write_addr_inst/USE_B_CHANNEL.cmd_b_queue/inst/out
    SLICE_X102Y13        LUT1 (Prop_lut1_I0_O)        0.124     1.743 f  i_axi_dwidth_converter_dm_slave/inst/gen_downsizer.gen_simple_downsizer.axi_downsizer_inst/USE_WRITE.write_addr_inst/USE_B_CHANNEL.cmd_b_queue/inst/S_AXI_AREADY_I_i_1/O
                         net (fo=156, routed)         2.969     4.712    i_axi_dwidth_converter_dm_slave/inst/gen_downsizer.gen_simple_downsizer.axi_downsizer_inst/USE_WRITE.write_addr_inst/USE_B_CHANNEL.cmd_b_queue/inst/fifo_gen_inst/inst_fifo_gen/gconvfifo.rf/grf.rf/rstblk/ngwrdrst.grst.g7serrst.gnsckt_wrst.rst_wr_reg2_inst/src_arst
    SLICE_X106Y8         FDPE                                         f  i_axi_dwidth_converter_dm_slave/inst/gen_downsizer.gen_simple_downsizer.axi_downsizer_inst/USE_WRITE.write_addr_inst/USE_B_CHANNEL.cmd_b_queue/inst/fifo_gen_inst/inst_fifo_gen/gconvfifo.rf/grf.rf/rstblk/ngwrdrst.grst.g7serrst.gnsckt_wrst.rst_wr_reg2_inst/arststages_ff_reg[1]/PRE
  -------------------------------------------------------------------    -------------------

                         (clock clk_out1_xlnx_clk_gen rise edge)
                                                      0.000     0.000 r  
    K17                                               0.000     0.000 r  clk_sys (IN)
                         net (fo=0)                   0.000     0.000    i_xlnx_clk_gen/inst/clk_in1
    K17                  IBUF (Prop_ibuf_I_O)         1.404     1.404 r  i_xlnx_clk_gen/inst/clkin1_ibufg/O
                         net (fo=1, routed)           1.162     2.566    i_xlnx_clk_gen/inst/clk_in1_xlnx_clk_gen
    MMCME2_ADV_X1Y2      MMCME2_ADV (Prop_mmcme2_adv_CLKIN1_CLKOUT0)
                                                     -7.814    -5.248 r  i_xlnx_clk_gen/inst/mmcm_adv_inst/CLKOUT0
                         net (fo=1, routed)           2.012    -3.236    i_xlnx_clk_gen/inst/clk_out1_xlnx_clk_gen
    BUFGCTRL_X0Y16       BUFG (Prop_bufg_I_O)         0.091    -3.145 r  i_xlnx_clk_gen/inst/clkout1_buf/O
                         net (fo=14914, routed)       1.699    -1.446    i_axi_dwidth_converter_dm_slave/inst/gen_downsizer.gen_simple_downsizer.axi_downsizer_inst/USE_WRITE.write_addr_inst/USE_B_CHANNEL.cmd_b_queue/inst/fifo_gen_inst/inst_fifo_gen/gconvfifo.rf/grf.rf/rstblk/ngwrdrst.grst.g7serrst.gnsckt_wrst.rst_wr_reg2_inst/dest_clk
    SLICE_X106Y8         FDPE                                         r  i_axi_dwidth_converter_dm_slave/inst/gen_downsizer.gen_simple_downsizer.axi_downsizer_inst/USE_WRITE.write_addr_inst/USE_B_CHANNEL.cmd_b_queue/inst/fifo_gen_inst/inst_fifo_gen/gconvfifo.rf/grf.rf/rstblk/ngwrdrst.grst.g7serrst.gnsckt_wrst.rst_wr_reg2_inst/arststages_ff_reg[1]/C

Slack:                    inf
  Source:                 i_rstgen_main/i_rstgen_bypass/synch_regs_q_reg[3]/C
                            (rising edge-triggered cell FDCE clocked by clk_out1_xlnx_clk_gen  {rise@0.000ns fall@12.500ns period=25.000ns})
  Destination:            i_axi_dwidth_converter_dm_slave/inst/gen_downsizer.gen_simple_downsizer.axi_downsizer_inst/USE_WRITE.write_addr_inst/cmd_queue/inst/fifo_gen_inst/inst_fifo_gen/gconvfifo.rf/grf.rf/rstblk/ngwrdrst.grst.g7serrst.gnsckt_wrst.rst_wr_reg2_inst/arststages_ff_reg[0]/PRE
                            (recovery check against rising-edge clock clk_out1_xlnx_clk_gen  {rise@0.000ns fall@12.500ns period=25.000ns})
  Path Group:             (none)
  Path Type:              Recovery (Max at Slow Process Corner)
  Data Path Delay:        5.045ns  (logic 0.580ns (11.496%)  route 4.465ns (88.504%))
  Logic Levels:           1  (LUT1=1)
  Clock Path Skew:        -0.549ns (DCD - SCD + CPR)
    Destination Clock Delay (DCD):    -1.521ns
    Source Clock Delay      (SCD):    -0.971ns
    Clock Pessimism Removal (CPR):    0.000ns
  Clock Uncertainty:      0.082ns  ((TSJ^2 + DJ^2)^1/2) / 2 + PE
    Total System Jitter     (TSJ):    0.071ns
    Discrete Jitter          (DJ):    0.149ns
    Phase Error              (PE):    0.000ns
  Timing Exception:       False Path

    Location             Delay type                Incr(ns)  Path(ns)    Netlist Resource(s)
  -------------------------------------------------------------------    -------------------
                         (clock clk_out1_xlnx_clk_gen rise edge)
                                                      0.000     0.000 r  
    K17                                               0.000     0.000 r  clk_sys (IN)
                         net (fo=0)                   0.000     0.000    i_xlnx_clk_gen/inst/clk_in1
    K17                  IBUF (Prop_ibuf_I_O)         1.475     1.475 r  i_xlnx_clk_gen/inst/clkin1_ibufg/O
                         net (fo=1, routed)           1.285     2.760    i_xlnx_clk_gen/inst/clk_in1_xlnx_clk_gen
    MMCME2_ADV_X1Y2      MMCME2_ADV (Prop_mmcme2_adv_CLKIN1_CLKOUT0)
                                                     -7.759    -4.999 r  i_xlnx_clk_gen/inst/mmcm_adv_inst/CLKOUT0
                         net (fo=1, routed)           2.206    -2.793    i_xlnx_clk_gen/inst/clk_out1_xlnx_clk_gen
    BUFGCTRL_X0Y16       BUFG (Prop_bufg_I_O)         0.101    -2.692 r  i_xlnx_clk_gen/inst/clkout1_buf/O
                         net (fo=14914, routed)       1.721    -0.971    i_rstgen_main/i_rstgen_bypass/clk_out1
    SLICE_X80Y27         FDCE                                         r  i_rstgen_main/i_rstgen_bypass/synch_regs_q_reg[3]/C
  -------------------------------------------------------------------    -------------------
    SLICE_X80Y27         FDCE (Prop_fdce_C_Q)         0.456    -0.515 r  i_rstgen_main/i_rstgen_bypass/synch_regs_q_reg[3]/Q
                         net (fo=29, routed)          2.134     1.619    i_axi_dwidth_converter_dm_slave/inst/gen_downsizer.gen_simple_downsizer.axi_downsizer_inst/USE_WRITE.write_addr_inst/USE_B_CHANNEL.cmd_b_queue/inst/out
    SLICE_X102Y13        LUT1 (Prop_lut1_I0_O)        0.124     1.743 f  i_axi_dwidth_converter_dm_slave/inst/gen_downsizer.gen_simple_downsizer.axi_downsizer_inst/USE_WRITE.write_addr_inst/USE_B_CHANNEL.cmd_b_queue/inst/S_AXI_AREADY_I_i_1/O
                         net (fo=156, routed)         2.331     4.074    i_axi_dwidth_converter_dm_slave/inst/gen_downsizer.gen_simple_downsizer.axi_downsizer_inst/USE_WRITE.write_addr_inst/cmd_queue/inst/fifo_gen_inst/inst_fifo_gen/gconvfifo.rf/grf.rf/rstblk/ngwrdrst.grst.g7serrst.gnsckt_wrst.rst_wr_reg2_inst/src_arst
    SLICE_X101Y7         FDPE                                         f  i_axi_dwidth_converter_dm_slave/inst/gen_downsizer.gen_simple_downsizer.axi_downsizer_inst/USE_WRITE.write_addr_inst/cmd_queue/inst/fifo_gen_inst/inst_fifo_gen/gconvfifo.rf/grf.rf/rstblk/ngwrdrst.grst.g7serrst.gnsckt_wrst.rst_wr_reg2_inst/arststages_ff_reg[0]/PRE
  -------------------------------------------------------------------    -------------------

                         (clock clk_out1_xlnx_clk_gen rise edge)
                                                      0.000     0.000 r  
    K17                                               0.000     0.000 r  clk_sys (IN)
                         net (fo=0)                   0.000     0.000    i_xlnx_clk_gen/inst/clk_in1
    K17                  IBUF (Prop_ibuf_I_O)         1.404     1.404 r  i_xlnx_clk_gen/inst/clkin1_ibufg/O
                         net (fo=1, routed)           1.162     2.566    i_xlnx_clk_gen/inst/clk_in1_xlnx_clk_gen
    MMCME2_ADV_X1Y2      MMCME2_ADV (Prop_mmcme2_adv_CLKIN1_CLKOUT0)
                                                     -7.814    -5.248 r  i_xlnx_clk_gen/inst/mmcm_adv_inst/CLKOUT0
                         net (fo=1, routed)           2.012    -3.236    i_xlnx_clk_gen/inst/clk_out1_xlnx_clk_gen
    BUFGCTRL_X0Y16       BUFG (Prop_bufg_I_O)         0.091    -3.145 r  i_xlnx_clk_gen/inst/clkout1_buf/O
                         net (fo=14914, routed)       1.624    -1.521    i_axi_dwidth_converter_dm_slave/inst/gen_downsizer.gen_simple_downsizer.axi_downsizer_inst/USE_WRITE.write_addr_inst/cmd_queue/inst/fifo_gen_inst/inst_fifo_gen/gconvfifo.rf/grf.rf/rstblk/ngwrdrst.grst.g7serrst.gnsckt_wrst.rst_wr_reg2_inst/dest_clk
    SLICE_X101Y7         FDPE                                         r  i_axi_dwidth_converter_dm_slave/inst/gen_downsizer.gen_simple_downsizer.axi_downsizer_inst/USE_WRITE.write_addr_inst/cmd_queue/inst/fifo_gen_inst/inst_fifo_gen/gconvfifo.rf/grf.rf/rstblk/ngwrdrst.grst.g7serrst.gnsckt_wrst.rst_wr_reg2_inst/arststages_ff_reg[0]/C

Slack:                    inf
  Source:                 i_rstgen_main/i_rstgen_bypass/synch_regs_q_reg[3]/C
                            (rising edge-triggered cell FDCE clocked by clk_out1_xlnx_clk_gen  {rise@0.000ns fall@12.500ns period=25.000ns})
  Destination:            i_axi_dwidth_converter_dm_slave/inst/gen_downsizer.gen_simple_downsizer.axi_downsizer_inst/USE_WRITE.write_addr_inst/cmd_queue/inst/fifo_gen_inst/inst_fifo_gen/gconvfifo.rf/grf.rf/rstblk/ngwrdrst.grst.g7serrst.gnsckt_wrst.rst_wr_reg2_inst/arststages_ff_reg[1]/PRE
                            (recovery check against rising-edge clock clk_out1_xlnx_clk_gen  {rise@0.000ns fall@12.500ns period=25.000ns})
  Path Group:             (none)
  Path Type:              Recovery (Max at Slow Process Corner)
  Data Path Delay:        5.045ns  (logic 0.580ns (11.496%)  route 4.465ns (88.504%))
  Logic Levels:           1  (LUT1=1)
  Clock Path Skew:        -0.549ns (DCD - SCD + CPR)
    Destination Clock Delay (DCD):    -1.521ns
    Source Clock Delay      (SCD):    -0.971ns
    Clock Pessimism Removal (CPR):    0.000ns
  Clock Uncertainty:      0.082ns  ((TSJ^2 + DJ^2)^1/2) / 2 + PE
    Total System Jitter     (TSJ):    0.071ns
    Discrete Jitter          (DJ):    0.149ns
    Phase Error              (PE):    0.000ns
  Timing Exception:       False Path

    Location             Delay type                Incr(ns)  Path(ns)    Netlist Resource(s)
  -------------------------------------------------------------------    -------------------
                         (clock clk_out1_xlnx_clk_gen rise edge)
                                                      0.000     0.000 r  
    K17                                               0.000     0.000 r  clk_sys (IN)
                         net (fo=0)                   0.000     0.000    i_xlnx_clk_gen/inst/clk_in1
    K17                  IBUF (Prop_ibuf_I_O)         1.475     1.475 r  i_xlnx_clk_gen/inst/clkin1_ibufg/O
                         net (fo=1, routed)           1.285     2.760    i_xlnx_clk_gen/inst/clk_in1_xlnx_clk_gen
    MMCME2_ADV_X1Y2      MMCME2_ADV (Prop_mmcme2_adv_CLKIN1_CLKOUT0)
                                                     -7.759    -4.999 r  i_xlnx_clk_gen/inst/mmcm_adv_inst/CLKOUT0
                         net (fo=1, routed)           2.206    -2.793    i_xlnx_clk_gen/inst/clk_out1_xlnx_clk_gen
    BUFGCTRL_X0Y16       BUFG (Prop_bufg_I_O)         0.101    -2.692 r  i_xlnx_clk_gen/inst/clkout1_buf/O
                         net (fo=14914, routed)       1.721    -0.971    i_rstgen_main/i_rstgen_bypass/clk_out1
    SLICE_X80Y27         FDCE                                         r  i_rstgen_main/i_rstgen_bypass/synch_regs_q_reg[3]/C
  -------------------------------------------------------------------    -------------------
    SLICE_X80Y27         FDCE (Prop_fdce_C_Q)         0.456    -0.515 r  i_rstgen_main/i_rstgen_bypass/synch_regs_q_reg[3]/Q
                         net (fo=29, routed)          2.134     1.619    i_axi_dwidth_converter_dm_slave/inst/gen_downsizer.gen_simple_downsizer.axi_downsizer_inst/USE_WRITE.write_addr_inst/USE_B_CHANNEL.cmd_b_queue/inst/out
    SLICE_X102Y13        LUT1 (Prop_lut1_I0_O)        0.124     1.743 f  i_axi_dwidth_converter_dm_slave/inst/gen_downsizer.gen_simple_downsizer.axi_downsizer_inst/USE_WRITE.write_addr_inst/USE_B_CHANNEL.cmd_b_queue/inst/S_AXI_AREADY_I_i_1/O
                         net (fo=156, routed)         2.331     4.074    i_axi_dwidth_converter_dm_slave/inst/gen_downsizer.gen_simple_downsizer.axi_downsizer_inst/USE_WRITE.write_addr_inst/cmd_queue/inst/fifo_gen_inst/inst_fifo_gen/gconvfifo.rf/grf.rf/rstblk/ngwrdrst.grst.g7serrst.gnsckt_wrst.rst_wr_reg2_inst/src_arst
    SLICE_X101Y7         FDPE                                         f  i_axi_dwidth_converter_dm_slave/inst/gen_downsizer.gen_simple_downsizer.axi_downsizer_inst/USE_WRITE.write_addr_inst/cmd_queue/inst/fifo_gen_inst/inst_fifo_gen/gconvfifo.rf/grf.rf/rstblk/ngwrdrst.grst.g7serrst.gnsckt_wrst.rst_wr_reg2_inst/arststages_ff_reg[1]/PRE
  -------------------------------------------------------------------    -------------------

                         (clock clk_out1_xlnx_clk_gen rise edge)
                                                      0.000     0.000 r  
    K17                                               0.000     0.000 r  clk_sys (IN)
                         net (fo=0)                   0.000     0.000    i_xlnx_clk_gen/inst/clk_in1
    K17                  IBUF (Prop_ibuf_I_O)         1.404     1.404 r  i_xlnx_clk_gen/inst/clkin1_ibufg/O
                         net (fo=1, routed)           1.162     2.566    i_xlnx_clk_gen/inst/clk_in1_xlnx_clk_gen
    MMCME2_ADV_X1Y2      MMCME2_ADV (Prop_mmcme2_adv_CLKIN1_CLKOUT0)
                                                     -7.814    -5.248 r  i_xlnx_clk_gen/inst/mmcm_adv_inst/CLKOUT0
                         net (fo=1, routed)           2.012    -3.236    i_xlnx_clk_gen/inst/clk_out1_xlnx_clk_gen
    BUFGCTRL_X0Y16       BUFG (Prop_bufg_I_O)         0.091    -3.145 r  i_xlnx_clk_gen/inst/clkout1_buf/O
                         net (fo=14914, routed)       1.624    -1.521    i_axi_dwidth_converter_dm_slave/inst/gen_downsizer.gen_simple_downsizer.axi_downsizer_inst/USE_WRITE.write_addr_inst/cmd_queue/inst/fifo_gen_inst/inst_fifo_gen/gconvfifo.rf/grf.rf/rstblk/ngwrdrst.grst.g7serrst.gnsckt_wrst.rst_wr_reg2_inst/dest_clk
    SLICE_X101Y7         FDPE                                         r  i_axi_dwidth_converter_dm_slave/inst/gen_downsizer.gen_simple_downsizer.axi_downsizer_inst/USE_WRITE.write_addr_inst/cmd_queue/inst/fifo_gen_inst/inst_fifo_gen/gconvfifo.rf/grf.rf/rstblk/ngwrdrst.grst.g7serrst.gnsckt_wrst.rst_wr_reg2_inst/arststages_ff_reg[1]/C

Slack:                    inf
  Source:                 i_rstgen_main/i_rstgen_bypass/synch_regs_q_reg[3]/C
                            (rising edge-triggered cell FDCE clocked by clk_out1_xlnx_clk_gen  {rise@0.000ns fall@12.500ns period=25.000ns})
  Destination:            i_axi_dwidth_converter_dm_slave/inst/gen_downsizer.gen_simple_downsizer.axi_downsizer_inst/USE_READ.read_addr_inst/cmd_queue/inst/fifo_gen_inst/inst_fifo_gen/gconvfifo.rf/grf.rf/rstblk/ngwrdrst.grst.g7serrst.gnsckt_wrst.rst_wr_reg2_inst/arststages_ff_reg[0]/PRE
                            (recovery check against rising-edge clock clk_out1_xlnx_clk_gen  {rise@0.000ns fall@12.500ns period=25.000ns})
  Path Group:             (none)
  Path Type:              Recovery (Max at Slow Process Corner)
  Data Path Delay:        4.006ns  (logic 0.580ns (14.478%)  route 3.426ns (85.522%))
  Logic Levels:           1  (LUT1=1)
  Clock Path Skew:        -0.555ns (DCD - SCD + CPR)
    Destination Clock Delay (DCD):    -1.527ns
    Source Clock Delay      (SCD):    -0.971ns
    Clock Pessimism Removal (CPR):    0.000ns
  Clock Uncertainty:      0.082ns  ((TSJ^2 + DJ^2)^1/2) / 2 + PE
    Total System Jitter     (TSJ):    0.071ns
    Discrete Jitter          (DJ):    0.149ns
    Phase Error              (PE):    0.000ns
  Timing Exception:       False Path

    Location             Delay type                Incr(ns)  Path(ns)    Netlist Resource(s)
  -------------------------------------------------------------------    -------------------
                         (clock clk_out1_xlnx_clk_gen rise edge)
                                                      0.000     0.000 r  
    K17                                               0.000     0.000 r  clk_sys (IN)
                         net (fo=0)                   0.000     0.000    i_xlnx_clk_gen/inst/clk_in1
    K17                  IBUF (Prop_ibuf_I_O)         1.475     1.475 r  i_xlnx_clk_gen/inst/clkin1_ibufg/O
                         net (fo=1, routed)           1.285     2.760    i_xlnx_clk_gen/inst/clk_in1_xlnx_clk_gen
    MMCME2_ADV_X1Y2      MMCME2_ADV (Prop_mmcme2_adv_CLKIN1_CLKOUT0)
                                                     -7.759    -4.999 r  i_xlnx_clk_gen/inst/mmcm_adv_inst/CLKOUT0
                         net (fo=1, routed)           2.206    -2.793    i_xlnx_clk_gen/inst/clk_out1_xlnx_clk_gen
    BUFGCTRL_X0Y16       BUFG (Prop_bufg_I_O)         0.101    -2.692 r  i_xlnx_clk_gen/inst/clkout1_buf/O
                         net (fo=14914, routed)       1.721    -0.971    i_rstgen_main/i_rstgen_bypass/clk_out1
    SLICE_X80Y27         FDCE                                         r  i_rstgen_main/i_rstgen_bypass/synch_regs_q_reg[3]/C
  -------------------------------------------------------------------    -------------------
    SLICE_X80Y27         FDCE (Prop_fdce_C_Q)         0.456    -0.515 r  i_rstgen_main/i_rstgen_bypass/synch_regs_q_reg[3]/Q
                         net (fo=29, routed)          2.134     1.619    i_axi_dwidth_converter_dm_slave/inst/gen_downsizer.gen_simple_downsizer.axi_downsizer_inst/USE_WRITE.write_addr_inst/USE_B_CHANNEL.cmd_b_queue/inst/out
    SLICE_X102Y13        LUT1 (Prop_lut1_I0_O)        0.124     1.743 f  i_axi_dwidth_converter_dm_slave/inst/gen_downsizer.gen_simple_downsizer.axi_downsizer_inst/USE_WRITE.write_addr_inst/USE_B_CHANNEL.cmd_b_queue/inst/S_AXI_AREADY_I_i_1/O
                         net (fo=156, routed)         1.292     3.035    i_axi_dwidth_converter_dm_slave/inst/gen_downsizer.gen_simple_downsizer.axi_downsizer_inst/USE_READ.read_addr_inst/cmd_queue/inst/fifo_gen_inst/inst_fifo_gen/gconvfifo.rf/grf.rf/rstblk/ngwrdrst.grst.g7serrst.gnsckt_wrst.rst_wr_reg2_inst/src_arst
    SLICE_X96Y15         FDPE                                         f  i_axi_dwidth_converter_dm_slave/inst/gen_downsizer.gen_simple_downsizer.axi_downsizer_inst/USE_READ.read_addr_inst/cmd_queue/inst/fifo_gen_inst/inst_fifo_gen/gconvfifo.rf/grf.rf/rstblk/ngwrdrst.grst.g7serrst.gnsckt_wrst.rst_wr_reg2_inst/arststages_ff_reg[0]/PRE
  -------------------------------------------------------------------    -------------------

                         (clock clk_out1_xlnx_clk_gen rise edge)
                                                      0.000     0.000 r  
    K17                                               0.000     0.000 r  clk_sys (IN)
                         net (fo=0)                   0.000     0.000    i_xlnx_clk_gen/inst/clk_in1
    K17                  IBUF (Prop_ibuf_I_O)         1.404     1.404 r  i_xlnx_clk_gen/inst/clkin1_ibufg/O
                         net (fo=1, routed)           1.162     2.566    i_xlnx_clk_gen/inst/clk_in1_xlnx_clk_gen
    MMCME2_ADV_X1Y2      MMCME2_ADV (Prop_mmcme2_adv_CLKIN1_CLKOUT0)
                                                     -7.814    -5.248 r  i_xlnx_clk_gen/inst/mmcm_adv_inst/CLKOUT0
                         net (fo=1, routed)           2.012    -3.236    i_xlnx_clk_gen/inst/clk_out1_xlnx_clk_gen
    BUFGCTRL_X0Y16       BUFG (Prop_bufg_I_O)         0.091    -3.145 r  i_xlnx_clk_gen/inst/clkout1_buf/O
                         net (fo=14914, routed)       1.618    -1.527    i_axi_dwidth_converter_dm_slave/inst/gen_downsizer.gen_simple_downsizer.axi_downsizer_inst/USE_READ.read_addr_inst/cmd_queue/inst/fifo_gen_inst/inst_fifo_gen/gconvfifo.rf/grf.rf/rstblk/ngwrdrst.grst.g7serrst.gnsckt_wrst.rst_wr_reg2_inst/dest_clk
    SLICE_X96Y15         FDPE                                         r  i_axi_dwidth_converter_dm_slave/inst/gen_downsizer.gen_simple_downsizer.axi_downsizer_inst/USE_READ.read_addr_inst/cmd_queue/inst/fifo_gen_inst/inst_fifo_gen/gconvfifo.rf/grf.rf/rstblk/ngwrdrst.grst.g7serrst.gnsckt_wrst.rst_wr_reg2_inst/arststages_ff_reg[0]/C

Slack:                    inf
  Source:                 i_rstgen_main/i_rstgen_bypass/synch_regs_q_reg[3]/C
                            (rising edge-triggered cell FDCE clocked by clk_out1_xlnx_clk_gen  {rise@0.000ns fall@12.500ns period=25.000ns})
  Destination:            i_axi_dwidth_converter_dm_slave/inst/gen_downsizer.gen_simple_downsizer.axi_downsizer_inst/USE_READ.read_addr_inst/cmd_queue/inst/fifo_gen_inst/inst_fifo_gen/gconvfifo.rf/grf.rf/rstblk/ngwrdrst.grst.g7serrst.gnsckt_wrst.rst_wr_reg2_inst/arststages_ff_reg[1]/PRE
                            (recovery check against rising-edge clock clk_out1_xlnx_clk_gen  {rise@0.000ns fall@12.500ns period=25.000ns})
  Path Group:             (none)
  Path Type:              Recovery (Max at Slow Process Corner)
  Data Path Delay:        4.006ns  (logic 0.580ns (14.478%)  route 3.426ns (85.522%))
  Logic Levels:           1  (LUT1=1)
  Clock Path Skew:        -0.555ns (DCD - SCD + CPR)
    Destination Clock Delay (DCD):    -1.527ns
    Source Clock Delay      (SCD):    -0.971ns
    Clock Pessimism Removal (CPR):    0.000ns
  Clock Uncertainty:      0.082ns  ((TSJ^2 + DJ^2)^1/2) / 2 + PE
    Total System Jitter     (TSJ):    0.071ns
    Discrete Jitter          (DJ):    0.149ns
    Phase Error              (PE):    0.000ns
  Timing Exception:       False Path

    Location             Delay type                Incr(ns)  Path(ns)    Netlist Resource(s)
  -------------------------------------------------------------------    -------------------
                         (clock clk_out1_xlnx_clk_gen rise edge)
                                                      0.000     0.000 r  
    K17                                               0.000     0.000 r  clk_sys (IN)
                         net (fo=0)                   0.000     0.000    i_xlnx_clk_gen/inst/clk_in1
    K17                  IBUF (Prop_ibuf_I_O)         1.475     1.475 r  i_xlnx_clk_gen/inst/clkin1_ibufg/O
                         net (fo=1, routed)           1.285     2.760    i_xlnx_clk_gen/inst/clk_in1_xlnx_clk_gen
    MMCME2_ADV_X1Y2      MMCME2_ADV (Prop_mmcme2_adv_CLKIN1_CLKOUT0)
                                                     -7.759    -4.999 r  i_xlnx_clk_gen/inst/mmcm_adv_inst/CLKOUT0
                         net (fo=1, routed)           2.206    -2.793    i_xlnx_clk_gen/inst/clk_out1_xlnx_clk_gen
    BUFGCTRL_X0Y16       BUFG (Prop_bufg_I_O)         0.101    -2.692 r  i_xlnx_clk_gen/inst/clkout1_buf/O
                         net (fo=14914, routed)       1.721    -0.971    i_rstgen_main/i_rstgen_bypass/clk_out1
    SLICE_X80Y27         FDCE                                         r  i_rstgen_main/i_rstgen_bypass/synch_regs_q_reg[3]/C
  -------------------------------------------------------------------    -------------------
    SLICE_X80Y27         FDCE (Prop_fdce_C_Q)         0.456    -0.515 r  i_rstgen_main/i_rstgen_bypass/synch_regs_q_reg[3]/Q
                         net (fo=29, routed)          2.134     1.619    i_axi_dwidth_converter_dm_slave/inst/gen_downsizer.gen_simple_downsizer.axi_downsizer_inst/USE_WRITE.write_addr_inst/USE_B_CHANNEL.cmd_b_queue/inst/out
    SLICE_X102Y13        LUT1 (Prop_lut1_I0_O)        0.124     1.743 f  i_axi_dwidth_converter_dm_slave/inst/gen_downsizer.gen_simple_downsizer.axi_downsizer_inst/USE_WRITE.write_addr_inst/USE_B_CHANNEL.cmd_b_queue/inst/S_AXI_AREADY_I_i_1/O
                         net (fo=156, routed)         1.292     3.035    i_axi_dwidth_converter_dm_slave/inst/gen_downsizer.gen_simple_downsizer.axi_downsizer_inst/USE_READ.read_addr_inst/cmd_queue/inst/fifo_gen_inst/inst_fifo_gen/gconvfifo.rf/grf.rf/rstblk/ngwrdrst.grst.g7serrst.gnsckt_wrst.rst_wr_reg2_inst/src_arst
    SLICE_X96Y15         FDPE                                         f  i_axi_dwidth_converter_dm_slave/inst/gen_downsizer.gen_simple_downsizer.axi_downsizer_inst/USE_READ.read_addr_inst/cmd_queue/inst/fifo_gen_inst/inst_fifo_gen/gconvfifo.rf/grf.rf/rstblk/ngwrdrst.grst.g7serrst.gnsckt_wrst.rst_wr_reg2_inst/arststages_ff_reg[1]/PRE
  -------------------------------------------------------------------    -------------------

                         (clock clk_out1_xlnx_clk_gen rise edge)
                                                      0.000     0.000 r  
    K17                                               0.000     0.000 r  clk_sys (IN)
                         net (fo=0)                   0.000     0.000    i_xlnx_clk_gen/inst/clk_in1
    K17                  IBUF (Prop_ibuf_I_O)         1.404     1.404 r  i_xlnx_clk_gen/inst/clkin1_ibufg/O
                         net (fo=1, routed)           1.162     2.566    i_xlnx_clk_gen/inst/clk_in1_xlnx_clk_gen
    MMCME2_ADV_X1Y2      MMCME2_ADV (Prop_mmcme2_adv_CLKIN1_CLKOUT0)
                                                     -7.814    -5.248 r  i_xlnx_clk_gen/inst/mmcm_adv_inst/CLKOUT0
                         net (fo=1, routed)           2.012    -3.236    i_xlnx_clk_gen/inst/clk_out1_xlnx_clk_gen
    BUFGCTRL_X0Y16       BUFG (Prop_bufg_I_O)         0.091    -3.145 r  i_xlnx_clk_gen/inst/clkout1_buf/O
                         net (fo=14914, routed)       1.618    -1.527    i_axi_dwidth_converter_dm_slave/inst/gen_downsizer.gen_simple_downsizer.axi_downsizer_inst/USE_READ.read_addr_inst/cmd_queue/inst/fifo_gen_inst/inst_fifo_gen/gconvfifo.rf/grf.rf/rstblk/ngwrdrst.grst.g7serrst.gnsckt_wrst.rst_wr_reg2_inst/dest_clk
    SLICE_X96Y15         FDPE                                         r  i_axi_dwidth_converter_dm_slave/inst/gen_downsizer.gen_simple_downsizer.axi_downsizer_inst/USE_READ.read_addr_inst/cmd_queue/inst/fifo_gen_inst/inst_fifo_gen/gconvfifo.rf/grf.rf/rstblk/ngwrdrst.grst.g7serrst.gnsckt_wrst.rst_wr_reg2_inst/arststages_ff_reg[1]/C





Min Delay Paths
--------------------------------------------------------------------------------------
Slack:                    inf
  Source:                 i_rstgen_main/i_rstgen_bypass/synch_regs_q_reg[3]/C
                            (rising edge-triggered cell FDCE clocked by clk_out1_xlnx_clk_gen  {rise@0.000ns fall@12.500ns period=25.000ns})
  Destination:            i_axi_dwidth_converter_dm_slave/inst/gen_downsizer.gen_simple_downsizer.axi_downsizer_inst/USE_READ.read_addr_inst/cmd_queue/inst/fifo_gen_inst/inst_fifo_gen/gconvfifo.rf/grf.rf/rstblk/ngwrdrst.grst.g7serrst.gnsckt_wrst.rst_wr_reg2_inst/arststages_ff_reg[0]/PRE
                            (removal check against rising-edge clock clk_out1_xlnx_clk_gen  {rise@0.000ns fall@12.500ns period=25.000ns})
  Path Group:             (none)
  Path Type:              Removal (Min at Fast Process Corner)
  Data Path Delay:        1.729ns  (logic 0.186ns (10.757%)  route 1.543ns (89.243%))
  Logic Levels:           1  (LUT1=1)
  Clock Path Skew:        -0.210ns (DCD - SCD - CPR)
    Destination Clock Delay (DCD):    -0.838ns
    Source Clock Delay      (SCD):    -0.629ns
    Clock Pessimism Removal (CPR):    -0.000ns
  Clock Uncertainty:      0.082ns  ((TSJ^2 + DJ^2)^1/2) / 2 + PE
    Total System Jitter     (TSJ):    0.071ns
    Discrete Jitter          (DJ):    0.149ns
    Phase Error              (PE):    0.000ns
  Timing Exception:       False Path

    Location             Delay type                Incr(ns)  Path(ns)    Netlist Resource(s)
  -------------------------------------------------------------------    -------------------
                         (clock clk_out1_xlnx_clk_gen rise edge)
                                                      0.000     0.000 r  
    K17                                               0.000     0.000 r  clk_sys (IN)
                         net (fo=0)                   0.000     0.000    i_xlnx_clk_gen/inst/clk_in1
    K17                  IBUF (Prop_ibuf_I_O)         0.243     0.243 r  i_xlnx_clk_gen/inst/clkin1_ibufg/O
                         net (fo=1, routed)           0.440     0.683    i_xlnx_clk_gen/inst/clk_in1_xlnx_clk_gen
    MMCME2_ADV_X1Y2      MMCME2_ADV (Prop_mmcme2_adv_CLKIN1_CLKOUT0)
                                                     -2.613    -1.930 r  i_xlnx_clk_gen/inst/mmcm_adv_inst/CLKOUT0
                         net (fo=1, routed)           0.696    -1.233    i_xlnx_clk_gen/inst/clk_out1_xlnx_clk_gen
    BUFGCTRL_X0Y16       BUFG (Prop_bufg_I_O)         0.026    -1.207 r  i_xlnx_clk_gen/inst/clkout1_buf/O
                         net (fo=14914, routed)       0.579    -0.629    i_rstgen_main/i_rstgen_bypass/clk_out1
    SLICE_X80Y27         FDCE                                         r  i_rstgen_main/i_rstgen_bypass/synch_regs_q_reg[3]/C
  -------------------------------------------------------------------    -------------------
    SLICE_X80Y27         FDCE (Prop_fdce_C_Q)         0.141    -0.488 r  i_rstgen_main/i_rstgen_bypass/synch_regs_q_reg[3]/Q
                         net (fo=29, routed)          0.985     0.497    i_axi_dwidth_converter_dm_slave/inst/gen_downsizer.gen_simple_downsizer.axi_downsizer_inst/USE_WRITE.write_addr_inst/USE_B_CHANNEL.cmd_b_queue/inst/out
    SLICE_X102Y13        LUT1 (Prop_lut1_I0_O)        0.045     0.542 f  i_axi_dwidth_converter_dm_slave/inst/gen_downsizer.gen_simple_downsizer.axi_downsizer_inst/USE_WRITE.write_addr_inst/USE_B_CHANNEL.cmd_b_queue/inst/S_AXI_AREADY_I_i_1/O
                         net (fo=156, routed)         0.558     1.101    i_axi_dwidth_converter_dm_slave/inst/gen_downsizer.gen_simple_downsizer.axi_downsizer_inst/USE_READ.read_addr_inst/cmd_queue/inst/fifo_gen_inst/inst_fifo_gen/gconvfifo.rf/grf.rf/rstblk/ngwrdrst.grst.g7serrst.gnsckt_wrst.rst_wr_reg2_inst/src_arst
    SLICE_X96Y15         FDPE                                         f  i_axi_dwidth_converter_dm_slave/inst/gen_downsizer.gen_simple_downsizer.axi_downsizer_inst/USE_READ.read_addr_inst/cmd_queue/inst/fifo_gen_inst/inst_fifo_gen/gconvfifo.rf/grf.rf/rstblk/ngwrdrst.grst.g7serrst.gnsckt_wrst.rst_wr_reg2_inst/arststages_ff_reg[0]/PRE
  -------------------------------------------------------------------    -------------------

                         (clock clk_out1_xlnx_clk_gen rise edge)
                                                      0.000     0.000 r  
    K17                                               0.000     0.000 r  clk_sys (IN)
                         net (fo=0)                   0.000     0.000    i_xlnx_clk_gen/inst/clk_in1
    K17                  IBUF (Prop_ibuf_I_O)         0.431     0.431 r  i_xlnx_clk_gen/inst/clkin1_ibufg/O
                         net (fo=1, routed)           0.480     0.911    i_xlnx_clk_gen/inst/clk_in1_xlnx_clk_gen
    MMCME2_ADV_X1Y2      MMCME2_ADV (Prop_mmcme2_adv_CLKIN1_CLKOUT0)
                                                     -3.407    -2.496 r  i_xlnx_clk_gen/inst/mmcm_adv_inst/CLKOUT0
                         net (fo=1, routed)           0.752    -1.744    i_xlnx_clk_gen/inst/clk_out1_xlnx_clk_gen
    BUFGCTRL_X0Y16       BUFG (Prop_bufg_I_O)         0.029    -1.715 r  i_xlnx_clk_gen/inst/clkout1_buf/O
                         net (fo=14914, routed)       0.877    -0.838    i_axi_dwidth_converter_dm_slave/inst/gen_downsizer.gen_simple_downsizer.axi_downsizer_inst/USE_READ.read_addr_inst/cmd_queue/inst/fifo_gen_inst/inst_fifo_gen/gconvfifo.rf/grf.rf/rstblk/ngwrdrst.grst.g7serrst.gnsckt_wrst.rst_wr_reg2_inst/dest_clk
    SLICE_X96Y15         FDPE                                         r  i_axi_dwidth_converter_dm_slave/inst/gen_downsizer.gen_simple_downsizer.axi_downsizer_inst/USE_READ.read_addr_inst/cmd_queue/inst/fifo_gen_inst/inst_fifo_gen/gconvfifo.rf/grf.rf/rstblk/ngwrdrst.grst.g7serrst.gnsckt_wrst.rst_wr_reg2_inst/arststages_ff_reg[0]/C

Slack:                    inf
  Source:                 i_rstgen_main/i_rstgen_bypass/synch_regs_q_reg[3]/C
                            (rising edge-triggered cell FDCE clocked by clk_out1_xlnx_clk_gen  {rise@0.000ns fall@12.500ns period=25.000ns})
  Destination:            i_axi_dwidth_converter_dm_slave/inst/gen_downsizer.gen_simple_downsizer.axi_downsizer_inst/USE_READ.read_addr_inst/cmd_queue/inst/fifo_gen_inst/inst_fifo_gen/gconvfifo.rf/grf.rf/rstblk/ngwrdrst.grst.g7serrst.gnsckt_wrst.rst_wr_reg2_inst/arststages_ff_reg[1]/PRE
                            (removal check against rising-edge clock clk_out1_xlnx_clk_gen  {rise@0.000ns fall@12.500ns period=25.000ns})
  Path Group:             (none)
  Path Type:              Removal (Min at Fast Process Corner)
  Data Path Delay:        1.729ns  (logic 0.186ns (10.757%)  route 1.543ns (89.243%))
  Logic Levels:           1  (LUT1=1)
  Clock Path Skew:        -0.210ns (DCD - SCD - CPR)
    Destination Clock Delay (DCD):    -0.838ns
    Source Clock Delay      (SCD):    -0.629ns
    Clock Pessimism Removal (CPR):    -0.000ns
  Clock Uncertainty:      0.082ns  ((TSJ^2 + DJ^2)^1/2) / 2 + PE
    Total System Jitter     (TSJ):    0.071ns
    Discrete Jitter          (DJ):    0.149ns
    Phase Error              (PE):    0.000ns
  Timing Exception:       False Path

    Location             Delay type                Incr(ns)  Path(ns)    Netlist Resource(s)
  -------------------------------------------------------------------    -------------------
                         (clock clk_out1_xlnx_clk_gen rise edge)
                                                      0.000     0.000 r  
    K17                                               0.000     0.000 r  clk_sys (IN)
                         net (fo=0)                   0.000     0.000    i_xlnx_clk_gen/inst/clk_in1
    K17                  IBUF (Prop_ibuf_I_O)         0.243     0.243 r  i_xlnx_clk_gen/inst/clkin1_ibufg/O
                         net (fo=1, routed)           0.440     0.683    i_xlnx_clk_gen/inst/clk_in1_xlnx_clk_gen
    MMCME2_ADV_X1Y2      MMCME2_ADV (Prop_mmcme2_adv_CLKIN1_CLKOUT0)
                                                     -2.613    -1.930 r  i_xlnx_clk_gen/inst/mmcm_adv_inst/CLKOUT0
                         net (fo=1, routed)           0.696    -1.233    i_xlnx_clk_gen/inst/clk_out1_xlnx_clk_gen
    BUFGCTRL_X0Y16       BUFG (Prop_bufg_I_O)         0.026    -1.207 r  i_xlnx_clk_gen/inst/clkout1_buf/O
                         net (fo=14914, routed)       0.579    -0.629    i_rstgen_main/i_rstgen_bypass/clk_out1
    SLICE_X80Y27         FDCE                                         r  i_rstgen_main/i_rstgen_bypass/synch_regs_q_reg[3]/C
  -------------------------------------------------------------------    -------------------
    SLICE_X80Y27         FDCE (Prop_fdce_C_Q)         0.141    -0.488 r  i_rstgen_main/i_rstgen_bypass/synch_regs_q_reg[3]/Q
                         net (fo=29, routed)          0.985     0.497    i_axi_dwidth_converter_dm_slave/inst/gen_downsizer.gen_simple_downsizer.axi_downsizer_inst/USE_WRITE.write_addr_inst/USE_B_CHANNEL.cmd_b_queue/inst/out
    SLICE_X102Y13        LUT1 (Prop_lut1_I0_O)        0.045     0.542 f  i_axi_dwidth_converter_dm_slave/inst/gen_downsizer.gen_simple_downsizer.axi_downsizer_inst/USE_WRITE.write_addr_inst/USE_B_CHANNEL.cmd_b_queue/inst/S_AXI_AREADY_I_i_1/O
                         net (fo=156, routed)         0.558     1.101    i_axi_dwidth_converter_dm_slave/inst/gen_downsizer.gen_simple_downsizer.axi_downsizer_inst/USE_READ.read_addr_inst/cmd_queue/inst/fifo_gen_inst/inst_fifo_gen/gconvfifo.rf/grf.rf/rstblk/ngwrdrst.grst.g7serrst.gnsckt_wrst.rst_wr_reg2_inst/src_arst
    SLICE_X96Y15         FDPE                                         f  i_axi_dwidth_converter_dm_slave/inst/gen_downsizer.gen_simple_downsizer.axi_downsizer_inst/USE_READ.read_addr_inst/cmd_queue/inst/fifo_gen_inst/inst_fifo_gen/gconvfifo.rf/grf.rf/rstblk/ngwrdrst.grst.g7serrst.gnsckt_wrst.rst_wr_reg2_inst/arststages_ff_reg[1]/PRE
  -------------------------------------------------------------------    -------------------

                         (clock clk_out1_xlnx_clk_gen rise edge)
                                                      0.000     0.000 r  
    K17                                               0.000     0.000 r  clk_sys (IN)
                         net (fo=0)                   0.000     0.000    i_xlnx_clk_gen/inst/clk_in1
    K17                  IBUF (Prop_ibuf_I_O)         0.431     0.431 r  i_xlnx_clk_gen/inst/clkin1_ibufg/O
                         net (fo=1, routed)           0.480     0.911    i_xlnx_clk_gen/inst/clk_in1_xlnx_clk_gen
    MMCME2_ADV_X1Y2      MMCME2_ADV (Prop_mmcme2_adv_CLKIN1_CLKOUT0)
                                                     -3.407    -2.496 r  i_xlnx_clk_gen/inst/mmcm_adv_inst/CLKOUT0
                         net (fo=1, routed)           0.752    -1.744    i_xlnx_clk_gen/inst/clk_out1_xlnx_clk_gen
    BUFGCTRL_X0Y16       BUFG (Prop_bufg_I_O)         0.029    -1.715 r  i_xlnx_clk_gen/inst/clkout1_buf/O
                         net (fo=14914, routed)       0.877    -0.838    i_axi_dwidth_converter_dm_slave/inst/gen_downsizer.gen_simple_downsizer.axi_downsizer_inst/USE_READ.read_addr_inst/cmd_queue/inst/fifo_gen_inst/inst_fifo_gen/gconvfifo.rf/grf.rf/rstblk/ngwrdrst.grst.g7serrst.gnsckt_wrst.rst_wr_reg2_inst/dest_clk
    SLICE_X96Y15         FDPE                                         r  i_axi_dwidth_converter_dm_slave/inst/gen_downsizer.gen_simple_downsizer.axi_downsizer_inst/USE_READ.read_addr_inst/cmd_queue/inst/fifo_gen_inst/inst_fifo_gen/gconvfifo.rf/grf.rf/rstblk/ngwrdrst.grst.g7serrst.gnsckt_wrst.rst_wr_reg2_inst/arststages_ff_reg[1]/C

Slack:                    inf
  Source:                 i_rstgen_main/i_rstgen_bypass/synch_regs_q_reg[3]/C
                            (rising edge-triggered cell FDCE clocked by clk_out1_xlnx_clk_gen  {rise@0.000ns fall@12.500ns period=25.000ns})
  Destination:            i_axi_dwidth_converter_dm_slave/inst/gen_downsizer.gen_simple_downsizer.axi_downsizer_inst/USE_WRITE.write_addr_inst/cmd_queue/inst/fifo_gen_inst/inst_fifo_gen/gconvfifo.rf/grf.rf/rstblk/ngwrdrst.grst.g7serrst.gnsckt_wrst.rst_wr_reg2_inst/arststages_ff_reg[0]/PRE
                            (removal check against rising-edge clock clk_out1_xlnx_clk_gen  {rise@0.000ns fall@12.500ns period=25.000ns})
  Path Group:             (none)
  Path Type:              Removal (Min at Fast Process Corner)
  Data Path Delay:        2.166ns  (logic 0.186ns (8.586%)  route 1.980ns (91.414%))
  Logic Levels:           1  (LUT1=1)
  Clock Path Skew:        -0.205ns (DCD - SCD - CPR)
    Destination Clock Delay (DCD):    -0.833ns
    Source Clock Delay      (SCD):    -0.629ns
    Clock Pessimism Removal (CPR):    -0.000ns
  Clock Uncertainty:      0.082ns  ((TSJ^2 + DJ^2)^1/2) / 2 + PE
    Total System Jitter     (TSJ):    0.071ns
    Discrete Jitter          (DJ):    0.149ns
    Phase Error              (PE):    0.000ns
  Timing Exception:       False Path

    Location             Delay type                Incr(ns)  Path(ns)    Netlist Resource(s)
  -------------------------------------------------------------------    -------------------
                         (clock clk_out1_xlnx_clk_gen rise edge)
                                                      0.000     0.000 r  
    K17                                               0.000     0.000 r  clk_sys (IN)
                         net (fo=0)                   0.000     0.000    i_xlnx_clk_gen/inst/clk_in1
    K17                  IBUF (Prop_ibuf_I_O)         0.243     0.243 r  i_xlnx_clk_gen/inst/clkin1_ibufg/O
                         net (fo=1, routed)           0.440     0.683    i_xlnx_clk_gen/inst/clk_in1_xlnx_clk_gen
    MMCME2_ADV_X1Y2      MMCME2_ADV (Prop_mmcme2_adv_CLKIN1_CLKOUT0)
                                                     -2.613    -1.930 r  i_xlnx_clk_gen/inst/mmcm_adv_inst/CLKOUT0
                         net (fo=1, routed)           0.696    -1.233    i_xlnx_clk_gen/inst/clk_out1_xlnx_clk_gen
    BUFGCTRL_X0Y16       BUFG (Prop_bufg_I_O)         0.026    -1.207 r  i_xlnx_clk_gen/inst/clkout1_buf/O
                         net (fo=14914, routed)       0.579    -0.629    i_rstgen_main/i_rstgen_bypass/clk_out1
    SLICE_X80Y27         FDCE                                         r  i_rstgen_main/i_rstgen_bypass/synch_regs_q_reg[3]/C
  -------------------------------------------------------------------    -------------------
    SLICE_X80Y27         FDCE (Prop_fdce_C_Q)         0.141    -0.488 r  i_rstgen_main/i_rstgen_bypass/synch_regs_q_reg[3]/Q
                         net (fo=29, routed)          0.985     0.497    i_axi_dwidth_converter_dm_slave/inst/gen_downsizer.gen_simple_downsizer.axi_downsizer_inst/USE_WRITE.write_addr_inst/USE_B_CHANNEL.cmd_b_queue/inst/out
    SLICE_X102Y13        LUT1 (Prop_lut1_I0_O)        0.045     0.542 f  i_axi_dwidth_converter_dm_slave/inst/gen_downsizer.gen_simple_downsizer.axi_downsizer_inst/USE_WRITE.write_addr_inst/USE_B_CHANNEL.cmd_b_queue/inst/S_AXI_AREADY_I_i_1/O
                         net (fo=156, routed)         0.995     1.538    i_axi_dwidth_converter_dm_slave/inst/gen_downsizer.gen_simple_downsizer.axi_downsizer_inst/USE_WRITE.write_addr_inst/cmd_queue/inst/fifo_gen_inst/inst_fifo_gen/gconvfifo.rf/grf.rf/rstblk/ngwrdrst.grst.g7serrst.gnsckt_wrst.rst_wr_reg2_inst/src_arst
    SLICE_X101Y7         FDPE                                         f  i_axi_dwidth_converter_dm_slave/inst/gen_downsizer.gen_simple_downsizer.axi_downsizer_inst/USE_WRITE.write_addr_inst/cmd_queue/inst/fifo_gen_inst/inst_fifo_gen/gconvfifo.rf/grf.rf/rstblk/ngwrdrst.grst.g7serrst.gnsckt_wrst.rst_wr_reg2_inst/arststages_ff_reg[0]/PRE
  -------------------------------------------------------------------    -------------------

                         (clock clk_out1_xlnx_clk_gen rise edge)
                                                      0.000     0.000 r  
    K17                                               0.000     0.000 r  clk_sys (IN)
                         net (fo=0)                   0.000     0.000    i_xlnx_clk_gen/inst/clk_in1
    K17                  IBUF (Prop_ibuf_I_O)         0.431     0.431 r  i_xlnx_clk_gen/inst/clkin1_ibufg/O
                         net (fo=1, routed)           0.480     0.911    i_xlnx_clk_gen/inst/clk_in1_xlnx_clk_gen
    MMCME2_ADV_X1Y2      MMCME2_ADV (Prop_mmcme2_adv_CLKIN1_CLKOUT0)
                                                     -3.407    -2.496 r  i_xlnx_clk_gen/inst/mmcm_adv_inst/CLKOUT0
                         net (fo=1, routed)           0.752    -1.744    i_xlnx_clk_gen/inst/clk_out1_xlnx_clk_gen
    BUFGCTRL_X0Y16       BUFG (Prop_bufg_I_O)         0.029    -1.715 r  i_xlnx_clk_gen/inst/clkout1_buf/O
                         net (fo=14914, routed)       0.882    -0.833    i_axi_dwidth_converter_dm_slave/inst/gen_downsizer.gen_simple_downsizer.axi_downsizer_inst/USE_WRITE.write_addr_inst/cmd_queue/inst/fifo_gen_inst/inst_fifo_gen/gconvfifo.rf/grf.rf/rstblk/ngwrdrst.grst.g7serrst.gnsckt_wrst.rst_wr_reg2_inst/dest_clk
    SLICE_X101Y7         FDPE                                         r  i_axi_dwidth_converter_dm_slave/inst/gen_downsizer.gen_simple_downsizer.axi_downsizer_inst/USE_WRITE.write_addr_inst/cmd_queue/inst/fifo_gen_inst/inst_fifo_gen/gconvfifo.rf/grf.rf/rstblk/ngwrdrst.grst.g7serrst.gnsckt_wrst.rst_wr_reg2_inst/arststages_ff_reg[0]/C

Slack:                    inf
  Source:                 i_rstgen_main/i_rstgen_bypass/synch_regs_q_reg[3]/C
                            (rising edge-triggered cell FDCE clocked by clk_out1_xlnx_clk_gen  {rise@0.000ns fall@12.500ns period=25.000ns})
  Destination:            i_axi_dwidth_converter_dm_slave/inst/gen_downsizer.gen_simple_downsizer.axi_downsizer_inst/USE_WRITE.write_addr_inst/cmd_queue/inst/fifo_gen_inst/inst_fifo_gen/gconvfifo.rf/grf.rf/rstblk/ngwrdrst.grst.g7serrst.gnsckt_wrst.rst_wr_reg2_inst/arststages_ff_reg[1]/PRE
                            (removal check against rising-edge clock clk_out1_xlnx_clk_gen  {rise@0.000ns fall@12.500ns period=25.000ns})
  Path Group:             (none)
  Path Type:              Removal (Min at Fast Process Corner)
  Data Path Delay:        2.166ns  (logic 0.186ns (8.586%)  route 1.980ns (91.414%))
  Logic Levels:           1  (LUT1=1)
  Clock Path Skew:        -0.205ns (DCD - SCD - CPR)
    Destination Clock Delay (DCD):    -0.833ns
    Source Clock Delay      (SCD):    -0.629ns
    Clock Pessimism Removal (CPR):    -0.000ns
  Clock Uncertainty:      0.082ns  ((TSJ^2 + DJ^2)^1/2) / 2 + PE
    Total System Jitter     (TSJ):    0.071ns
    Discrete Jitter          (DJ):    0.149ns
    Phase Error              (PE):    0.000ns
  Timing Exception:       False Path

    Location             Delay type                Incr(ns)  Path(ns)    Netlist Resource(s)
  -------------------------------------------------------------------    -------------------
                         (clock clk_out1_xlnx_clk_gen rise edge)
                                                      0.000     0.000 r  
    K17                                               0.000     0.000 r  clk_sys (IN)
                         net (fo=0)                   0.000     0.000    i_xlnx_clk_gen/inst/clk_in1
    K17                  IBUF (Prop_ibuf_I_O)         0.243     0.243 r  i_xlnx_clk_gen/inst/clkin1_ibufg/O
                         net (fo=1, routed)           0.440     0.683    i_xlnx_clk_gen/inst/clk_in1_xlnx_clk_gen
    MMCME2_ADV_X1Y2      MMCME2_ADV (Prop_mmcme2_adv_CLKIN1_CLKOUT0)
                                                     -2.613    -1.930 r  i_xlnx_clk_gen/inst/mmcm_adv_inst/CLKOUT0
                         net (fo=1, routed)           0.696    -1.233    i_xlnx_clk_gen/inst/clk_out1_xlnx_clk_gen
    BUFGCTRL_X0Y16       BUFG (Prop_bufg_I_O)         0.026    -1.207 r  i_xlnx_clk_gen/inst/clkout1_buf/O
                         net (fo=14914, routed)       0.579    -0.629    i_rstgen_main/i_rstgen_bypass/clk_out1
    SLICE_X80Y27         FDCE                                         r  i_rstgen_main/i_rstgen_bypass/synch_regs_q_reg[3]/C
  -------------------------------------------------------------------    -------------------
    SLICE_X80Y27         FDCE (Prop_fdce_C_Q)         0.141    -0.488 r  i_rstgen_main/i_rstgen_bypass/synch_regs_q_reg[3]/Q
                         net (fo=29, routed)          0.985     0.497    i_axi_dwidth_converter_dm_slave/inst/gen_downsizer.gen_simple_downsizer.axi_downsizer_inst/USE_WRITE.write_addr_inst/USE_B_CHANNEL.cmd_b_queue/inst/out
    SLICE_X102Y13        LUT1 (Prop_lut1_I0_O)        0.045     0.542 f  i_axi_dwidth_converter_dm_slave/inst/gen_downsizer.gen_simple_downsizer.axi_downsizer_inst/USE_WRITE.write_addr_inst/USE_B_CHANNEL.cmd_b_queue/inst/S_AXI_AREADY_I_i_1/O
                         net (fo=156, routed)         0.995     1.538    i_axi_dwidth_converter_dm_slave/inst/gen_downsizer.gen_simple_downsizer.axi_downsizer_inst/USE_WRITE.write_addr_inst/cmd_queue/inst/fifo_gen_inst/inst_fifo_gen/gconvfifo.rf/grf.rf/rstblk/ngwrdrst.grst.g7serrst.gnsckt_wrst.rst_wr_reg2_inst/src_arst
    SLICE_X101Y7         FDPE                                         f  i_axi_dwidth_converter_dm_slave/inst/gen_downsizer.gen_simple_downsizer.axi_downsizer_inst/USE_WRITE.write_addr_inst/cmd_queue/inst/fifo_gen_inst/inst_fifo_gen/gconvfifo.rf/grf.rf/rstblk/ngwrdrst.grst.g7serrst.gnsckt_wrst.rst_wr_reg2_inst/arststages_ff_reg[1]/PRE
  -------------------------------------------------------------------    -------------------

                         (clock clk_out1_xlnx_clk_gen rise edge)
                                                      0.000     0.000 r  
    K17                                               0.000     0.000 r  clk_sys (IN)
                         net (fo=0)                   0.000     0.000    i_xlnx_clk_gen/inst/clk_in1
    K17                  IBUF (Prop_ibuf_I_O)         0.431     0.431 r  i_xlnx_clk_gen/inst/clkin1_ibufg/O
                         net (fo=1, routed)           0.480     0.911    i_xlnx_clk_gen/inst/clk_in1_xlnx_clk_gen
    MMCME2_ADV_X1Y2      MMCME2_ADV (Prop_mmcme2_adv_CLKIN1_CLKOUT0)
                                                     -3.407    -2.496 r  i_xlnx_clk_gen/inst/mmcm_adv_inst/CLKOUT0
                         net (fo=1, routed)           0.752    -1.744    i_xlnx_clk_gen/inst/clk_out1_xlnx_clk_gen
    BUFGCTRL_X0Y16       BUFG (Prop_bufg_I_O)         0.029    -1.715 r  i_xlnx_clk_gen/inst/clkout1_buf/O
                         net (fo=14914, routed)       0.882    -0.833    i_axi_dwidth_converter_dm_slave/inst/gen_downsizer.gen_simple_downsizer.axi_downsizer_inst/USE_WRITE.write_addr_inst/cmd_queue/inst/fifo_gen_inst/inst_fifo_gen/gconvfifo.rf/grf.rf/rstblk/ngwrdrst.grst.g7serrst.gnsckt_wrst.rst_wr_reg2_inst/dest_clk
    SLICE_X101Y7         FDPE                                         r  i_axi_dwidth_converter_dm_slave/inst/gen_downsizer.gen_simple_downsizer.axi_downsizer_inst/USE_WRITE.write_addr_inst/cmd_queue/inst/fifo_gen_inst/inst_fifo_gen/gconvfifo.rf/grf.rf/rstblk/ngwrdrst.grst.g7serrst.gnsckt_wrst.rst_wr_reg2_inst/arststages_ff_reg[1]/C

Slack:                    inf
  Source:                 i_rstgen_main/i_rstgen_bypass/synch_regs_q_reg[3]/C
                            (rising edge-triggered cell FDCE clocked by clk_out1_xlnx_clk_gen  {rise@0.000ns fall@12.500ns period=25.000ns})
  Destination:            i_axi_dwidth_converter_dm_slave/inst/gen_downsizer.gen_simple_downsizer.axi_downsizer_inst/USE_WRITE.write_addr_inst/USE_B_CHANNEL.cmd_b_queue/inst/fifo_gen_inst/inst_fifo_gen/gconvfifo.rf/grf.rf/rstblk/ngwrdrst.grst.g7serrst.gnsckt_wrst.rst_wr_reg2_inst/arststages_ff_reg[0]/PRE
                            (removal check against rising-edge clock clk_out1_xlnx_clk_gen  {rise@0.000ns fall@12.500ns period=25.000ns})
  Path Group:             (none)
  Path Type:              Removal (Min at Fast Process Corner)
  Data Path Delay:        2.504ns  (logic 0.186ns (7.429%)  route 2.318ns (92.571%))
  Logic Levels:           1  (LUT1=1)
  Clock Path Skew:        -0.176ns (DCD - SCD - CPR)
    Destination Clock Delay (DCD):    -0.804ns
    Source Clock Delay      (SCD):    -0.629ns
    Clock Pessimism Removal (CPR):    -0.000ns
  Clock Uncertainty:      0.082ns  ((TSJ^2 + DJ^2)^1/2) / 2 + PE
    Total System Jitter     (TSJ):    0.071ns
    Discrete Jitter          (DJ):    0.149ns
    Phase Error              (PE):    0.000ns
  Timing Exception:       False Path

    Location             Delay type                Incr(ns)  Path(ns)    Netlist Resource(s)
  -------------------------------------------------------------------    -------------------
                         (clock clk_out1_xlnx_clk_gen rise edge)
                                                      0.000     0.000 r  
    K17                                               0.000     0.000 r  clk_sys (IN)
                         net (fo=0)                   0.000     0.000    i_xlnx_clk_gen/inst/clk_in1
    K17                  IBUF (Prop_ibuf_I_O)         0.243     0.243 r  i_xlnx_clk_gen/inst/clkin1_ibufg/O
                         net (fo=1, routed)           0.440     0.683    i_xlnx_clk_gen/inst/clk_in1_xlnx_clk_gen
    MMCME2_ADV_X1Y2      MMCME2_ADV (Prop_mmcme2_adv_CLKIN1_CLKOUT0)
                                                     -2.613    -1.930 r  i_xlnx_clk_gen/inst/mmcm_adv_inst/CLKOUT0
                         net (fo=1, routed)           0.696    -1.233    i_xlnx_clk_gen/inst/clk_out1_xlnx_clk_gen
    BUFGCTRL_X0Y16       BUFG (Prop_bufg_I_O)         0.026    -1.207 r  i_xlnx_clk_gen/inst/clkout1_buf/O
                         net (fo=14914, routed)       0.579    -0.629    i_rstgen_main/i_rstgen_bypass/clk_out1
    SLICE_X80Y27         FDCE                                         r  i_rstgen_main/i_rstgen_bypass/synch_regs_q_reg[3]/C
  -------------------------------------------------------------------    -------------------
    SLICE_X80Y27         FDCE (Prop_fdce_C_Q)         0.141    -0.488 r  i_rstgen_main/i_rstgen_bypass/synch_regs_q_reg[3]/Q
                         net (fo=29, routed)          0.985     0.497    i_axi_dwidth_converter_dm_slave/inst/gen_downsizer.gen_simple_downsizer.axi_downsizer_inst/USE_WRITE.write_addr_inst/USE_B_CHANNEL.cmd_b_queue/inst/out
    SLICE_X102Y13        LUT1 (Prop_lut1_I0_O)        0.045     0.542 f  i_axi_dwidth_converter_dm_slave/inst/gen_downsizer.gen_simple_downsizer.axi_downsizer_inst/USE_WRITE.write_addr_inst/USE_B_CHANNEL.cmd_b_queue/inst/S_AXI_AREADY_I_i_1/O
                         net (fo=156, routed)         1.333     1.875    i_axi_dwidth_converter_dm_slave/inst/gen_downsizer.gen_simple_downsizer.axi_downsizer_inst/USE_WRITE.write_addr_inst/USE_B_CHANNEL.cmd_b_queue/inst/fifo_gen_inst/inst_fifo_gen/gconvfifo.rf/grf.rf/rstblk/ngwrdrst.grst.g7serrst.gnsckt_wrst.rst_wr_reg2_inst/src_arst
    SLICE_X106Y8         FDPE                                         f  i_axi_dwidth_converter_dm_slave/inst/gen_downsizer.gen_simple_downsizer.axi_downsizer_inst/USE_WRITE.write_addr_inst/USE_B_CHANNEL.cmd_b_queue/inst/fifo_gen_inst/inst_fifo_gen/gconvfifo.rf/grf.rf/rstblk/ngwrdrst.grst.g7serrst.gnsckt_wrst.rst_wr_reg2_inst/arststages_ff_reg[0]/PRE
  -------------------------------------------------------------------    -------------------

                         (clock clk_out1_xlnx_clk_gen rise edge)
                                                      0.000     0.000 r  
    K17                                               0.000     0.000 r  clk_sys (IN)
                         net (fo=0)                   0.000     0.000    i_xlnx_clk_gen/inst/clk_in1
    K17                  IBUF (Prop_ibuf_I_O)         0.431     0.431 r  i_xlnx_clk_gen/inst/clkin1_ibufg/O
                         net (fo=1, routed)           0.480     0.911    i_xlnx_clk_gen/inst/clk_in1_xlnx_clk_gen
    MMCME2_ADV_X1Y2      MMCME2_ADV (Prop_mmcme2_adv_CLKIN1_CLKOUT0)
                                                     -3.407    -2.496 r  i_xlnx_clk_gen/inst/mmcm_adv_inst/CLKOUT0
                         net (fo=1, routed)           0.752    -1.744    i_xlnx_clk_gen/inst/clk_out1_xlnx_clk_gen
    BUFGCTRL_X0Y16       BUFG (Prop_bufg_I_O)         0.029    -1.715 r  i_xlnx_clk_gen/inst/clkout1_buf/O
                         net (fo=14914, routed)       0.911    -0.804    i_axi_dwidth_converter_dm_slave/inst/gen_downsizer.gen_simple_downsizer.axi_downsizer_inst/USE_WRITE.write_addr_inst/USE_B_CHANNEL.cmd_b_queue/inst/fifo_gen_inst/inst_fifo_gen/gconvfifo.rf/grf.rf/rstblk/ngwrdrst.grst.g7serrst.gnsckt_wrst.rst_wr_reg2_inst/dest_clk
    SLICE_X106Y8         FDPE                                         r  i_axi_dwidth_converter_dm_slave/inst/gen_downsizer.gen_simple_downsizer.axi_downsizer_inst/USE_WRITE.write_addr_inst/USE_B_CHANNEL.cmd_b_queue/inst/fifo_gen_inst/inst_fifo_gen/gconvfifo.rf/grf.rf/rstblk/ngwrdrst.grst.g7serrst.gnsckt_wrst.rst_wr_reg2_inst/arststages_ff_reg[0]/C

Slack:                    inf
  Source:                 i_rstgen_main/i_rstgen_bypass/synch_regs_q_reg[3]/C
                            (rising edge-triggered cell FDCE clocked by clk_out1_xlnx_clk_gen  {rise@0.000ns fall@12.500ns period=25.000ns})
  Destination:            i_axi_dwidth_converter_dm_slave/inst/gen_downsizer.gen_simple_downsizer.axi_downsizer_inst/USE_WRITE.write_addr_inst/USE_B_CHANNEL.cmd_b_queue/inst/fifo_gen_inst/inst_fifo_gen/gconvfifo.rf/grf.rf/rstblk/ngwrdrst.grst.g7serrst.gnsckt_wrst.rst_wr_reg2_inst/arststages_ff_reg[1]/PRE
                            (removal check against rising-edge clock clk_out1_xlnx_clk_gen  {rise@0.000ns fall@12.500ns period=25.000ns})
  Path Group:             (none)
  Path Type:              Removal (Min at Fast Process Corner)
  Data Path Delay:        2.504ns  (logic 0.186ns (7.429%)  route 2.318ns (92.571%))
  Logic Levels:           1  (LUT1=1)
  Clock Path Skew:        -0.176ns (DCD - SCD - CPR)
    Destination Clock Delay (DCD):    -0.804ns
    Source Clock Delay      (SCD):    -0.629ns
    Clock Pessimism Removal (CPR):    -0.000ns
  Clock Uncertainty:      0.082ns  ((TSJ^2 + DJ^2)^1/2) / 2 + PE
    Total System Jitter     (TSJ):    0.071ns
    Discrete Jitter          (DJ):    0.149ns
    Phase Error              (PE):    0.000ns
  Timing Exception:       False Path

    Location             Delay type                Incr(ns)  Path(ns)    Netlist Resource(s)
  -------------------------------------------------------------------    -------------------
                         (clock clk_out1_xlnx_clk_gen rise edge)
                                                      0.000     0.000 r  
    K17                                               0.000     0.000 r  clk_sys (IN)
                         net (fo=0)                   0.000     0.000    i_xlnx_clk_gen/inst/clk_in1
    K17                  IBUF (Prop_ibuf_I_O)         0.243     0.243 r  i_xlnx_clk_gen/inst/clkin1_ibufg/O
                         net (fo=1, routed)           0.440     0.683    i_xlnx_clk_gen/inst/clk_in1_xlnx_clk_gen
    MMCME2_ADV_X1Y2      MMCME2_ADV (Prop_mmcme2_adv_CLKIN1_CLKOUT0)
                                                     -2.613    -1.930 r  i_xlnx_clk_gen/inst/mmcm_adv_inst/CLKOUT0
                         net (fo=1, routed)           0.696    -1.233    i_xlnx_clk_gen/inst/clk_out1_xlnx_clk_gen
    BUFGCTRL_X0Y16       BUFG (Prop_bufg_I_O)         0.026    -1.207 r  i_xlnx_clk_gen/inst/clkout1_buf/O
                         net (fo=14914, routed)       0.579    -0.629    i_rstgen_main/i_rstgen_bypass/clk_out1
    SLICE_X80Y27         FDCE                                         r  i_rstgen_main/i_rstgen_bypass/synch_regs_q_reg[3]/C
  -------------------------------------------------------------------    -------------------
    SLICE_X80Y27         FDCE (Prop_fdce_C_Q)         0.141    -0.488 r  i_rstgen_main/i_rstgen_bypass/synch_regs_q_reg[3]/Q
                         net (fo=29, routed)          0.985     0.497    i_axi_dwidth_converter_dm_slave/inst/gen_downsizer.gen_simple_downsizer.axi_downsizer_inst/USE_WRITE.write_addr_inst/USE_B_CHANNEL.cmd_b_queue/inst/out
    SLICE_X102Y13        LUT1 (Prop_lut1_I0_O)        0.045     0.542 f  i_axi_dwidth_converter_dm_slave/inst/gen_downsizer.gen_simple_downsizer.axi_downsizer_inst/USE_WRITE.write_addr_inst/USE_B_CHANNEL.cmd_b_queue/inst/S_AXI_AREADY_I_i_1/O
                         net (fo=156, routed)         1.333     1.875    i_axi_dwidth_converter_dm_slave/inst/gen_downsizer.gen_simple_downsizer.axi_downsizer_inst/USE_WRITE.write_addr_inst/USE_B_CHANNEL.cmd_b_queue/inst/fifo_gen_inst/inst_fifo_gen/gconvfifo.rf/grf.rf/rstblk/ngwrdrst.grst.g7serrst.gnsckt_wrst.rst_wr_reg2_inst/src_arst
    SLICE_X106Y8         FDPE                                         f  i_axi_dwidth_converter_dm_slave/inst/gen_downsizer.gen_simple_downsizer.axi_downsizer_inst/USE_WRITE.write_addr_inst/USE_B_CHANNEL.cmd_b_queue/inst/fifo_gen_inst/inst_fifo_gen/gconvfifo.rf/grf.rf/rstblk/ngwrdrst.grst.g7serrst.gnsckt_wrst.rst_wr_reg2_inst/arststages_ff_reg[1]/PRE
  -------------------------------------------------------------------    -------------------

                         (clock clk_out1_xlnx_clk_gen rise edge)
                                                      0.000     0.000 r  
    K17                                               0.000     0.000 r  clk_sys (IN)
                         net (fo=0)                   0.000     0.000    i_xlnx_clk_gen/inst/clk_in1
    K17                  IBUF (Prop_ibuf_I_O)         0.431     0.431 r  i_xlnx_clk_gen/inst/clkin1_ibufg/O
                         net (fo=1, routed)           0.480     0.911    i_xlnx_clk_gen/inst/clk_in1_xlnx_clk_gen
    MMCME2_ADV_X1Y2      MMCME2_ADV (Prop_mmcme2_adv_CLKIN1_CLKOUT0)
                                                     -3.407    -2.496 r  i_xlnx_clk_gen/inst/mmcm_adv_inst/CLKOUT0
                         net (fo=1, routed)           0.752    -1.744    i_xlnx_clk_gen/inst/clk_out1_xlnx_clk_gen
    BUFGCTRL_X0Y16       BUFG (Prop_bufg_I_O)         0.029    -1.715 r  i_xlnx_clk_gen/inst/clkout1_buf/O
                         net (fo=14914, routed)       0.911    -0.804    i_axi_dwidth_converter_dm_slave/inst/gen_downsizer.gen_simple_downsizer.axi_downsizer_inst/USE_WRITE.write_addr_inst/USE_B_CHANNEL.cmd_b_queue/inst/fifo_gen_inst/inst_fifo_gen/gconvfifo.rf/grf.rf/rstblk/ngwrdrst.grst.g7serrst.gnsckt_wrst.rst_wr_reg2_inst/dest_clk
    SLICE_X106Y8         FDPE                                         r  i_axi_dwidth_converter_dm_slave/inst/gen_downsizer.gen_simple_downsizer.axi_downsizer_inst/USE_WRITE.write_addr_inst/USE_B_CHANNEL.cmd_b_queue/inst/fifo_gen_inst/inst_fifo_gen/gconvfifo.rf/grf.rf/rstblk/ngwrdrst.grst.g7serrst.gnsckt_wrst.rst_wr_reg2_inst/arststages_ff_reg[1]/C





--------------------------------------------------------------------------------------
Path Group:  (none)
From Clock:  
  To Clock:  tck

Max Delay           258 Endpoints
Min Delay           258 Endpoints
--------------------------------------------------------------------------------------


Max Delay Paths
--------------------------------------------------------------------------------------
Slack:                    inf
  Source:                 trst_n
                            (input port)
  Destination:            i_dmi_jtag/data_q_reg[24]/CLR
                            (recovery check against rising-edge clock tck  {rise@0.000ns fall@50.000ns period=100.000ns})
  Path Group:             (none)
  Path Type:              Recovery (Max at Slow Process Corner)
  Data Path Delay:        7.947ns  (logic 1.694ns (21.317%)  route 6.253ns (78.683%))
  Logic Levels:           2  (IBUF=1 LUT1=1)
  Clock Path Skew:        6.262ns (DCD - SCD + CPR)
    Destination Clock Delay (DCD):    6.262ns
    Source Clock Delay      (SCD):    0.000ns
    Clock Pessimism Removal (CPR):    0.000ns
  Clock Uncertainty:      0.501ns  ((TSJ^2 + TIJ^2)^1/2 + DJ) / 2 + PE
    Total System Jitter     (TSJ):    0.050ns
    Total Input Jitter      (TIJ):    1.000ns
    Discrete Jitter          (DJ):    0.000ns
    Phase Error              (PE):    0.000ns
  Timing Exception:       False Path

    Location             Delay type                Incr(ns)  Path(ns)    Netlist Resource(s)
  -------------------------------------------------------------------    -------------------
    V13                                               0.000     0.000 r  trst_n (IN)
                         net (fo=0)                   0.000     0.000    trst_n
    V13                  IBUF (Prop_ibuf_I_O)         1.570     1.570 r  trst_n_IBUF_inst/O
                         net (fo=1, routed)           1.071     2.642    i_dmi_jtag/i_dmi_jtag_tap/trst_n_IBUF
    SLICE_X108Y90        LUT1 (Prop_lut1_I0_O)        0.124     2.766 f  i_dmi_jtag/i_dmi_jtag_tap/FSM_onehot_tap_state_q[15]_i_2/O
                         net (fo=258, routed)         5.182     7.947    i_dmi_jtag/i_dmi_jtag_tap_n_0
    SLICE_X97Y6          FDCE                                         f  i_dmi_jtag/data_q_reg[24]/CLR
  -------------------------------------------------------------------    -------------------

                         (clock tck rise edge)        0.000     0.000 r  
    H15                                               0.000     0.000 r  tck (IN)
                         net (fo=0)                   0.000     0.000    tck
    H15                  IBUF (Prop_ibuf_I_O)         1.430     1.430 r  tck_IBUF_inst/O
                         net (fo=1, routed)           3.120     4.550    tck_IBUF
    BUFGCTRL_X0Y0        BUFG (Prop_bufg_I_O)         0.091     4.641 r  tck_IBUF_BUFG_inst/O
                         net (fo=258, routed)         1.621     6.262    i_dmi_jtag/CLK
    SLICE_X97Y6          FDCE                                         r  i_dmi_jtag/data_q_reg[24]/C

Slack:                    inf
  Source:                 trst_n
                            (input port)
  Destination:            i_dmi_jtag/data_q_reg[25]/CLR
                            (recovery check against rising-edge clock tck  {rise@0.000ns fall@50.000ns period=100.000ns})
  Path Group:             (none)
  Path Type:              Recovery (Max at Slow Process Corner)
  Data Path Delay:        7.947ns  (logic 1.694ns (21.317%)  route 6.253ns (78.683%))
  Logic Levels:           2  (IBUF=1 LUT1=1)
  Clock Path Skew:        6.262ns (DCD - SCD + CPR)
    Destination Clock Delay (DCD):    6.262ns
    Source Clock Delay      (SCD):    0.000ns
    Clock Pessimism Removal (CPR):    0.000ns
  Clock Uncertainty:      0.501ns  ((TSJ^2 + TIJ^2)^1/2 + DJ) / 2 + PE
    Total System Jitter     (TSJ):    0.050ns
    Total Input Jitter      (TIJ):    1.000ns
    Discrete Jitter          (DJ):    0.000ns
    Phase Error              (PE):    0.000ns
  Timing Exception:       False Path

    Location             Delay type                Incr(ns)  Path(ns)    Netlist Resource(s)
  -------------------------------------------------------------------    -------------------
    V13                                               0.000     0.000 r  trst_n (IN)
                         net (fo=0)                   0.000     0.000    trst_n
    V13                  IBUF (Prop_ibuf_I_O)         1.570     1.570 r  trst_n_IBUF_inst/O
                         net (fo=1, routed)           1.071     2.642    i_dmi_jtag/i_dmi_jtag_tap/trst_n_IBUF
    SLICE_X108Y90        LUT1 (Prop_lut1_I0_O)        0.124     2.766 f  i_dmi_jtag/i_dmi_jtag_tap/FSM_onehot_tap_state_q[15]_i_2/O
                         net (fo=258, routed)         5.182     7.947    i_dmi_jtag/i_dmi_jtag_tap_n_0
    SLICE_X97Y6          FDCE                                         f  i_dmi_jtag/data_q_reg[25]/CLR
  -------------------------------------------------------------------    -------------------

                         (clock tck rise edge)        0.000     0.000 r  
    H15                                               0.000     0.000 r  tck (IN)
                         net (fo=0)                   0.000     0.000    tck
    H15                  IBUF (Prop_ibuf_I_O)         1.430     1.430 r  tck_IBUF_inst/O
                         net (fo=1, routed)           3.120     4.550    tck_IBUF
    BUFGCTRL_X0Y0        BUFG (Prop_bufg_I_O)         0.091     4.641 r  tck_IBUF_BUFG_inst/O
                         net (fo=258, routed)         1.621     6.262    i_dmi_jtag/CLK
    SLICE_X97Y6          FDCE                                         r  i_dmi_jtag/data_q_reg[25]/C

Slack:                    inf
  Source:                 trst_n
                            (input port)
  Destination:            i_dmi_jtag/data_q_reg[28]/CLR
                            (recovery check against rising-edge clock tck  {rise@0.000ns fall@50.000ns period=100.000ns})
  Path Group:             (none)
  Path Type:              Recovery (Max at Slow Process Corner)
  Data Path Delay:        7.947ns  (logic 1.694ns (21.317%)  route 6.253ns (78.683%))
  Logic Levels:           2  (IBUF=1 LUT1=1)
  Clock Path Skew:        6.262ns (DCD - SCD + CPR)
    Destination Clock Delay (DCD):    6.262ns
    Source Clock Delay      (SCD):    0.000ns
    Clock Pessimism Removal (CPR):    0.000ns
  Clock Uncertainty:      0.501ns  ((TSJ^2 + TIJ^2)^1/2 + DJ) / 2 + PE
    Total System Jitter     (TSJ):    0.050ns
    Total Input Jitter      (TIJ):    1.000ns
    Discrete Jitter          (DJ):    0.000ns
    Phase Error              (PE):    0.000ns
  Timing Exception:       False Path

    Location             Delay type                Incr(ns)  Path(ns)    Netlist Resource(s)
  -------------------------------------------------------------------    -------------------
    V13                                               0.000     0.000 r  trst_n (IN)
                         net (fo=0)                   0.000     0.000    trst_n
    V13                  IBUF (Prop_ibuf_I_O)         1.570     1.570 r  trst_n_IBUF_inst/O
                         net (fo=1, routed)           1.071     2.642    i_dmi_jtag/i_dmi_jtag_tap/trst_n_IBUF
    SLICE_X108Y90        LUT1 (Prop_lut1_I0_O)        0.124     2.766 f  i_dmi_jtag/i_dmi_jtag_tap/FSM_onehot_tap_state_q[15]_i_2/O
                         net (fo=258, routed)         5.182     7.947    i_dmi_jtag/i_dmi_jtag_tap_n_0
    SLICE_X97Y6          FDCE                                         f  i_dmi_jtag/data_q_reg[28]/CLR
  -------------------------------------------------------------------    -------------------

                         (clock tck rise edge)        0.000     0.000 r  
    H15                                               0.000     0.000 r  tck (IN)
                         net (fo=0)                   0.000     0.000    tck
    H15                  IBUF (Prop_ibuf_I_O)         1.430     1.430 r  tck_IBUF_inst/O
                         net (fo=1, routed)           3.120     4.550    tck_IBUF
    BUFGCTRL_X0Y0        BUFG (Prop_bufg_I_O)         0.091     4.641 r  tck_IBUF_BUFG_inst/O
                         net (fo=258, routed)         1.621     6.262    i_dmi_jtag/CLK
    SLICE_X97Y6          FDCE                                         r  i_dmi_jtag/data_q_reg[28]/C

Slack:                    inf
  Source:                 trst_n
                            (input port)
  Destination:            i_dmi_jtag/data_q_reg[29]/CLR
                            (recovery check against rising-edge clock tck  {rise@0.000ns fall@50.000ns period=100.000ns})
  Path Group:             (none)
  Path Type:              Recovery (Max at Slow Process Corner)
  Data Path Delay:        7.947ns  (logic 1.694ns (21.317%)  route 6.253ns (78.683%))
  Logic Levels:           2  (IBUF=1 LUT1=1)
  Clock Path Skew:        6.262ns (DCD - SCD + CPR)
    Destination Clock Delay (DCD):    6.262ns
    Source Clock Delay      (SCD):    0.000ns
    Clock Pessimism Removal (CPR):    0.000ns
  Clock Uncertainty:      0.501ns  ((TSJ^2 + TIJ^2)^1/2 + DJ) / 2 + PE
    Total System Jitter     (TSJ):    0.050ns
    Total Input Jitter      (TIJ):    1.000ns
    Discrete Jitter          (DJ):    0.000ns
    Phase Error              (PE):    0.000ns
  Timing Exception:       False Path

    Location             Delay type                Incr(ns)  Path(ns)    Netlist Resource(s)
  -------------------------------------------------------------------    -------------------
    V13                                               0.000     0.000 r  trst_n (IN)
                         net (fo=0)                   0.000     0.000    trst_n
    V13                  IBUF (Prop_ibuf_I_O)         1.570     1.570 r  trst_n_IBUF_inst/O
                         net (fo=1, routed)           1.071     2.642    i_dmi_jtag/i_dmi_jtag_tap/trst_n_IBUF
    SLICE_X108Y90        LUT1 (Prop_lut1_I0_O)        0.124     2.766 f  i_dmi_jtag/i_dmi_jtag_tap/FSM_onehot_tap_state_q[15]_i_2/O
                         net (fo=258, routed)         5.182     7.947    i_dmi_jtag/i_dmi_jtag_tap_n_0
    SLICE_X97Y6          FDCE                                         f  i_dmi_jtag/data_q_reg[29]/CLR
  -------------------------------------------------------------------    -------------------

                         (clock tck rise edge)        0.000     0.000 r  
    H15                                               0.000     0.000 r  tck (IN)
                         net (fo=0)                   0.000     0.000    tck
    H15                  IBUF (Prop_ibuf_I_O)         1.430     1.430 r  tck_IBUF_inst/O
                         net (fo=1, routed)           3.120     4.550    tck_IBUF
    BUFGCTRL_X0Y0        BUFG (Prop_bufg_I_O)         0.091     4.641 r  tck_IBUF_BUFG_inst/O
                         net (fo=258, routed)         1.621     6.262    i_dmi_jtag/CLK
    SLICE_X97Y6          FDCE                                         r  i_dmi_jtag/data_q_reg[29]/C

Slack:                    inf
  Source:                 trst_n
                            (input port)
  Destination:            i_dmi_jtag/i_dmi_cdc/i_cdc_resp/i_dst/data_dst_q_reg[data][24]/CLR
                            (recovery check against rising-edge clock tck  {rise@0.000ns fall@50.000ns period=100.000ns})
  Path Group:             (none)
  Path Type:              Recovery (Max at Slow Process Corner)
  Data Path Delay:        7.947ns  (logic 1.694ns (21.317%)  route 6.253ns (78.683%))
  Logic Levels:           2  (IBUF=1 LUT1=1)
  Clock Path Skew:        6.262ns (DCD - SCD + CPR)
    Destination Clock Delay (DCD):    6.262ns
    Source Clock Delay      (SCD):    0.000ns
    Clock Pessimism Removal (CPR):    0.000ns
  Clock Uncertainty:      0.501ns  ((TSJ^2 + TIJ^2)^1/2 + DJ) / 2 + PE
    Total System Jitter     (TSJ):    0.050ns
    Total Input Jitter      (TIJ):    1.000ns
    Discrete Jitter          (DJ):    0.000ns
    Phase Error              (PE):    0.000ns
  Timing Exception:       False Path

    Location             Delay type                Incr(ns)  Path(ns)    Netlist Resource(s)
  -------------------------------------------------------------------    -------------------
    V13                                               0.000     0.000 r  trst_n (IN)
                         net (fo=0)                   0.000     0.000    trst_n
    V13                  IBUF (Prop_ibuf_I_O)         1.570     1.570 r  trst_n_IBUF_inst/O
                         net (fo=1, routed)           1.071     2.642    i_dmi_jtag/i_dmi_jtag_tap/trst_n_IBUF
    SLICE_X108Y90        LUT1 (Prop_lut1_I0_O)        0.124     2.766 f  i_dmi_jtag/i_dmi_jtag_tap/FSM_onehot_tap_state_q[15]_i_2/O
                         net (fo=258, routed)         5.182     7.947    i_dmi_jtag/i_dmi_cdc/i_cdc_resp/i_dst/data_dst_q_reg[resp][0]_0
    SLICE_X96Y6          FDCE                                         f  i_dmi_jtag/i_dmi_cdc/i_cdc_resp/i_dst/data_dst_q_reg[data][24]/CLR
  -------------------------------------------------------------------    -------------------

                         (clock tck rise edge)        0.000     0.000 r  
    H15                                               0.000     0.000 r  tck (IN)
                         net (fo=0)                   0.000     0.000    tck
    H15                  IBUF (Prop_ibuf_I_O)         1.430     1.430 r  tck_IBUF_inst/O
                         net (fo=1, routed)           3.120     4.550    tck_IBUF
    BUFGCTRL_X0Y0        BUFG (Prop_bufg_I_O)         0.091     4.641 r  tck_IBUF_BUFG_inst/O
                         net (fo=258, routed)         1.621     6.262    i_dmi_jtag/i_dmi_cdc/i_cdc_resp/i_dst/CLK
    SLICE_X96Y6          FDCE                                         r  i_dmi_jtag/i_dmi_cdc/i_cdc_resp/i_dst/data_dst_q_reg[data][24]/C

Slack:                    inf
  Source:                 trst_n
                            (input port)
  Destination:            i_dmi_jtag/i_dmi_cdc/i_cdc_resp/i_dst/data_dst_q_reg[data][25]/CLR
                            (recovery check against rising-edge clock tck  {rise@0.000ns fall@50.000ns period=100.000ns})
  Path Group:             (none)
  Path Type:              Recovery (Max at Slow Process Corner)
  Data Path Delay:        7.947ns  (logic 1.694ns (21.317%)  route 6.253ns (78.683%))
  Logic Levels:           2  (IBUF=1 LUT1=1)
  Clock Path Skew:        6.262ns (DCD - SCD + CPR)
    Destination Clock Delay (DCD):    6.262ns
    Source Clock Delay      (SCD):    0.000ns
    Clock Pessimism Removal (CPR):    0.000ns
  Clock Uncertainty:      0.501ns  ((TSJ^2 + TIJ^2)^1/2 + DJ) / 2 + PE
    Total System Jitter     (TSJ):    0.050ns
    Total Input Jitter      (TIJ):    1.000ns
    Discrete Jitter          (DJ):    0.000ns
    Phase Error              (PE):    0.000ns
  Timing Exception:       False Path

    Location             Delay type                Incr(ns)  Path(ns)    Netlist Resource(s)
  -------------------------------------------------------------------    -------------------
    V13                                               0.000     0.000 r  trst_n (IN)
                         net (fo=0)                   0.000     0.000    trst_n
    V13                  IBUF (Prop_ibuf_I_O)         1.570     1.570 r  trst_n_IBUF_inst/O
                         net (fo=1, routed)           1.071     2.642    i_dmi_jtag/i_dmi_jtag_tap/trst_n_IBUF
    SLICE_X108Y90        LUT1 (Prop_lut1_I0_O)        0.124     2.766 f  i_dmi_jtag/i_dmi_jtag_tap/FSM_onehot_tap_state_q[15]_i_2/O
                         net (fo=258, routed)         5.182     7.947    i_dmi_jtag/i_dmi_cdc/i_cdc_resp/i_dst/data_dst_q_reg[resp][0]_0
    SLICE_X96Y6          FDCE                                         f  i_dmi_jtag/i_dmi_cdc/i_cdc_resp/i_dst/data_dst_q_reg[data][25]/CLR
  -------------------------------------------------------------------    -------------------

                         (clock tck rise edge)        0.000     0.000 r  
    H15                                               0.000     0.000 r  tck (IN)
                         net (fo=0)                   0.000     0.000    tck
    H15                  IBUF (Prop_ibuf_I_O)         1.430     1.430 r  tck_IBUF_inst/O
                         net (fo=1, routed)           3.120     4.550    tck_IBUF
    BUFGCTRL_X0Y0        BUFG (Prop_bufg_I_O)         0.091     4.641 r  tck_IBUF_BUFG_inst/O
                         net (fo=258, routed)         1.621     6.262    i_dmi_jtag/i_dmi_cdc/i_cdc_resp/i_dst/CLK
    SLICE_X96Y6          FDCE                                         r  i_dmi_jtag/i_dmi_cdc/i_cdc_resp/i_dst/data_dst_q_reg[data][25]/C

Slack:                    inf
  Source:                 trst_n
                            (input port)
  Destination:            i_dmi_jtag/i_dmi_cdc/i_cdc_resp/i_dst/data_dst_q_reg[data][26]/CLR
                            (recovery check against rising-edge clock tck  {rise@0.000ns fall@50.000ns period=100.000ns})
  Path Group:             (none)
  Path Type:              Recovery (Max at Slow Process Corner)
  Data Path Delay:        7.947ns  (logic 1.694ns (21.317%)  route 6.253ns (78.683%))
  Logic Levels:           2  (IBUF=1 LUT1=1)
  Clock Path Skew:        6.262ns (DCD - SCD + CPR)
    Destination Clock Delay (DCD):    6.262ns
    Source Clock Delay      (SCD):    0.000ns
    Clock Pessimism Removal (CPR):    0.000ns
  Clock Uncertainty:      0.501ns  ((TSJ^2 + TIJ^2)^1/2 + DJ) / 2 + PE
    Total System Jitter     (TSJ):    0.050ns
    Total Input Jitter      (TIJ):    1.000ns
    Discrete Jitter          (DJ):    0.000ns
    Phase Error              (PE):    0.000ns
  Timing Exception:       False Path

    Location             Delay type                Incr(ns)  Path(ns)    Netlist Resource(s)
  -------------------------------------------------------------------    -------------------
    V13                                               0.000     0.000 r  trst_n (IN)
                         net (fo=0)                   0.000     0.000    trst_n
    V13                  IBUF (Prop_ibuf_I_O)         1.570     1.570 r  trst_n_IBUF_inst/O
                         net (fo=1, routed)           1.071     2.642    i_dmi_jtag/i_dmi_jtag_tap/trst_n_IBUF
    SLICE_X108Y90        LUT1 (Prop_lut1_I0_O)        0.124     2.766 f  i_dmi_jtag/i_dmi_jtag_tap/FSM_onehot_tap_state_q[15]_i_2/O
                         net (fo=258, routed)         5.182     7.947    i_dmi_jtag/i_dmi_cdc/i_cdc_resp/i_dst/data_dst_q_reg[resp][0]_0
    SLICE_X96Y6          FDCE                                         f  i_dmi_jtag/i_dmi_cdc/i_cdc_resp/i_dst/data_dst_q_reg[data][26]/CLR
  -------------------------------------------------------------------    -------------------

                         (clock tck rise edge)        0.000     0.000 r  
    H15                                               0.000     0.000 r  tck (IN)
                         net (fo=0)                   0.000     0.000    tck
    H15                  IBUF (Prop_ibuf_I_O)         1.430     1.430 r  tck_IBUF_inst/O
                         net (fo=1, routed)           3.120     4.550    tck_IBUF
    BUFGCTRL_X0Y0        BUFG (Prop_bufg_I_O)         0.091     4.641 r  tck_IBUF_BUFG_inst/O
                         net (fo=258, routed)         1.621     6.262    i_dmi_jtag/i_dmi_cdc/i_cdc_resp/i_dst/CLK
    SLICE_X96Y6          FDCE                                         r  i_dmi_jtag/i_dmi_cdc/i_cdc_resp/i_dst/data_dst_q_reg[data][26]/C

Slack:                    inf
  Source:                 trst_n
                            (input port)
  Destination:            i_dmi_jtag/i_dmi_cdc/i_cdc_resp/i_dst/data_dst_q_reg[data][27]/CLR
                            (recovery check against rising-edge clock tck  {rise@0.000ns fall@50.000ns period=100.000ns})
  Path Group:             (none)
  Path Type:              Recovery (Max at Slow Process Corner)
  Data Path Delay:        7.947ns  (logic 1.694ns (21.317%)  route 6.253ns (78.683%))
  Logic Levels:           2  (IBUF=1 LUT1=1)
  Clock Path Skew:        6.262ns (DCD - SCD + CPR)
    Destination Clock Delay (DCD):    6.262ns
    Source Clock Delay      (SCD):    0.000ns
    Clock Pessimism Removal (CPR):    0.000ns
  Clock Uncertainty:      0.501ns  ((TSJ^2 + TIJ^2)^1/2 + DJ) / 2 + PE
    Total System Jitter     (TSJ):    0.050ns
    Total Input Jitter      (TIJ):    1.000ns
    Discrete Jitter          (DJ):    0.000ns
    Phase Error              (PE):    0.000ns
  Timing Exception:       False Path

    Location             Delay type                Incr(ns)  Path(ns)    Netlist Resource(s)
  -------------------------------------------------------------------    -------------------
    V13                                               0.000     0.000 r  trst_n (IN)
                         net (fo=0)                   0.000     0.000    trst_n
    V13                  IBUF (Prop_ibuf_I_O)         1.570     1.570 r  trst_n_IBUF_inst/O
                         net (fo=1, routed)           1.071     2.642    i_dmi_jtag/i_dmi_jtag_tap/trst_n_IBUF
    SLICE_X108Y90        LUT1 (Prop_lut1_I0_O)        0.124     2.766 f  i_dmi_jtag/i_dmi_jtag_tap/FSM_onehot_tap_state_q[15]_i_2/O
                         net (fo=258, routed)         5.182     7.947    i_dmi_jtag/i_dmi_cdc/i_cdc_resp/i_dst/data_dst_q_reg[resp][0]_0
    SLICE_X96Y6          FDCE                                         f  i_dmi_jtag/i_dmi_cdc/i_cdc_resp/i_dst/data_dst_q_reg[data][27]/CLR
  -------------------------------------------------------------------    -------------------

                         (clock tck rise edge)        0.000     0.000 r  
    H15                                               0.000     0.000 r  tck (IN)
                         net (fo=0)                   0.000     0.000    tck
    H15                  IBUF (Prop_ibuf_I_O)         1.430     1.430 r  tck_IBUF_inst/O
                         net (fo=1, routed)           3.120     4.550    tck_IBUF
    BUFGCTRL_X0Y0        BUFG (Prop_bufg_I_O)         0.091     4.641 r  tck_IBUF_BUFG_inst/O
                         net (fo=258, routed)         1.621     6.262    i_dmi_jtag/i_dmi_cdc/i_cdc_resp/i_dst/CLK
    SLICE_X96Y6          FDCE                                         r  i_dmi_jtag/i_dmi_cdc/i_cdc_resp/i_dst/data_dst_q_reg[data][27]/C

Slack:                    inf
  Source:                 trst_n
                            (input port)
  Destination:            i_dmi_jtag/i_dmi_cdc/i_cdc_resp/i_dst/data_dst_q_reg[data][28]/CLR
                            (recovery check against rising-edge clock tck  {rise@0.000ns fall@50.000ns period=100.000ns})
  Path Group:             (none)
  Path Type:              Recovery (Max at Slow Process Corner)
  Data Path Delay:        7.947ns  (logic 1.694ns (21.317%)  route 6.253ns (78.683%))
  Logic Levels:           2  (IBUF=1 LUT1=1)
  Clock Path Skew:        6.262ns (DCD - SCD + CPR)
    Destination Clock Delay (DCD):    6.262ns
    Source Clock Delay      (SCD):    0.000ns
    Clock Pessimism Removal (CPR):    0.000ns
  Clock Uncertainty:      0.501ns  ((TSJ^2 + TIJ^2)^1/2 + DJ) / 2 + PE
    Total System Jitter     (TSJ):    0.050ns
    Total Input Jitter      (TIJ):    1.000ns
    Discrete Jitter          (DJ):    0.000ns
    Phase Error              (PE):    0.000ns
  Timing Exception:       False Path

    Location             Delay type                Incr(ns)  Path(ns)    Netlist Resource(s)
  -------------------------------------------------------------------    -------------------
    V13                                               0.000     0.000 r  trst_n (IN)
                         net (fo=0)                   0.000     0.000    trst_n
    V13                  IBUF (Prop_ibuf_I_O)         1.570     1.570 r  trst_n_IBUF_inst/O
                         net (fo=1, routed)           1.071     2.642    i_dmi_jtag/i_dmi_jtag_tap/trst_n_IBUF
    SLICE_X108Y90        LUT1 (Prop_lut1_I0_O)        0.124     2.766 f  i_dmi_jtag/i_dmi_jtag_tap/FSM_onehot_tap_state_q[15]_i_2/O
                         net (fo=258, routed)         5.182     7.947    i_dmi_jtag/i_dmi_cdc/i_cdc_resp/i_dst/data_dst_q_reg[resp][0]_0
    SLICE_X96Y6          FDCE                                         f  i_dmi_jtag/i_dmi_cdc/i_cdc_resp/i_dst/data_dst_q_reg[data][28]/CLR
  -------------------------------------------------------------------    -------------------

                         (clock tck rise edge)        0.000     0.000 r  
    H15                                               0.000     0.000 r  tck (IN)
                         net (fo=0)                   0.000     0.000    tck
    H15                  IBUF (Prop_ibuf_I_O)         1.430     1.430 r  tck_IBUF_inst/O
                         net (fo=1, routed)           3.120     4.550    tck_IBUF
    BUFGCTRL_X0Y0        BUFG (Prop_bufg_I_O)         0.091     4.641 r  tck_IBUF_BUFG_inst/O
                         net (fo=258, routed)         1.621     6.262    i_dmi_jtag/i_dmi_cdc/i_cdc_resp/i_dst/CLK
    SLICE_X96Y6          FDCE                                         r  i_dmi_jtag/i_dmi_cdc/i_cdc_resp/i_dst/data_dst_q_reg[data][28]/C

Slack:                    inf
  Source:                 trst_n
                            (input port)
  Destination:            i_dmi_jtag/i_dmi_cdc/i_cdc_resp/i_dst/data_dst_q_reg[data][29]/CLR
                            (recovery check against rising-edge clock tck  {rise@0.000ns fall@50.000ns period=100.000ns})
  Path Group:             (none)
  Path Type:              Recovery (Max at Slow Process Corner)
  Data Path Delay:        7.947ns  (logic 1.694ns (21.317%)  route 6.253ns (78.683%))
  Logic Levels:           2  (IBUF=1 LUT1=1)
  Clock Path Skew:        6.262ns (DCD - SCD + CPR)
    Destination Clock Delay (DCD):    6.262ns
    Source Clock Delay      (SCD):    0.000ns
    Clock Pessimism Removal (CPR):    0.000ns
  Clock Uncertainty:      0.501ns  ((TSJ^2 + TIJ^2)^1/2 + DJ) / 2 + PE
    Total System Jitter     (TSJ):    0.050ns
    Total Input Jitter      (TIJ):    1.000ns
    Discrete Jitter          (DJ):    0.000ns
    Phase Error              (PE):    0.000ns
  Timing Exception:       False Path

    Location             Delay type                Incr(ns)  Path(ns)    Netlist Resource(s)
  -------------------------------------------------------------------    -------------------
    V13                                               0.000     0.000 r  trst_n (IN)
                         net (fo=0)                   0.000     0.000    trst_n
    V13                  IBUF (Prop_ibuf_I_O)         1.570     1.570 r  trst_n_IBUF_inst/O
                         net (fo=1, routed)           1.071     2.642    i_dmi_jtag/i_dmi_jtag_tap/trst_n_IBUF
    SLICE_X108Y90        LUT1 (Prop_lut1_I0_O)        0.124     2.766 f  i_dmi_jtag/i_dmi_jtag_tap/FSM_onehot_tap_state_q[15]_i_2/O
                         net (fo=258, routed)         5.182     7.947    i_dmi_jtag/i_dmi_cdc/i_cdc_resp/i_dst/data_dst_q_reg[resp][0]_0
    SLICE_X96Y6          FDCE                                         f  i_dmi_jtag/i_dmi_cdc/i_cdc_resp/i_dst/data_dst_q_reg[data][29]/CLR
  -------------------------------------------------------------------    -------------------

                         (clock tck rise edge)        0.000     0.000 r  
    H15                                               0.000     0.000 r  tck (IN)
                         net (fo=0)                   0.000     0.000    tck
    H15                  IBUF (Prop_ibuf_I_O)         1.430     1.430 r  tck_IBUF_inst/O
                         net (fo=1, routed)           3.120     4.550    tck_IBUF
    BUFGCTRL_X0Y0        BUFG (Prop_bufg_I_O)         0.091     4.641 r  tck_IBUF_BUFG_inst/O
                         net (fo=258, routed)         1.621     6.262    i_dmi_jtag/i_dmi_cdc/i_cdc_resp/i_dst/CLK
    SLICE_X96Y6          FDCE                                         r  i_dmi_jtag/i_dmi_cdc/i_cdc_resp/i_dst/data_dst_q_reg[data][29]/C





Min Delay Paths
--------------------------------------------------------------------------------------
Slack:                    inf
  Source:                 trst_n
                            (input port)
  Destination:            i_dmi_jtag/i_dmi_jtag_tap/idcode_q_reg[25]/CLR
                            (removal check against rising-edge clock tck  {rise@0.000ns fall@50.000ns period=100.000ns})
  Path Group:             (none)
  Path Type:              Removal (Min at Fast Process Corner)
  Data Path Delay:        1.205ns  (logic 0.382ns (31.707%)  route 0.823ns (68.293%))
  Logic Levels:           2  (IBUF=1 LUT1=1)
  Clock Path Skew:        3.121ns (DCD - SCD - CPR)
    Destination Clock Delay (DCD):    3.121ns
    Source Clock Delay      (SCD):    0.000ns
    Clock Pessimism Removal (CPR):    -0.000ns
  Timing Exception:       False Path

    Location             Delay type                Incr(ns)  Path(ns)    Netlist Resource(s)
  -------------------------------------------------------------------    -------------------
    V13                                               0.000     0.000 r  trst_n (IN)
                         net (fo=0)                   0.000     0.000    trst_n
    V13                  IBUF (Prop_ibuf_I_O)         0.337     0.337 r  trst_n_IBUF_inst/O
                         net (fo=1, routed)           0.420     0.758    i_dmi_jtag/i_dmi_jtag_tap/trst_n_IBUF
    SLICE_X108Y90        LUT1 (Prop_lut1_I0_O)        0.045     0.803 f  i_dmi_jtag/i_dmi_jtag_tap/FSM_onehot_tap_state_q[15]_i_2/O
                         net (fo=258, routed)         0.402     1.205    i_dmi_jtag/i_dmi_jtag_tap/trst_n
    SLICE_X102Y84        FDCE                                         f  i_dmi_jtag/i_dmi_jtag_tap/idcode_q_reg[25]/CLR
  -------------------------------------------------------------------    -------------------

                         (clock tck rise edge)        0.000     0.000 r  
    H15                                               0.000     0.000 r  tck (IN)
                         net (fo=0)                   0.000     0.000    tck
    H15                  IBUF (Prop_ibuf_I_O)         0.456     0.456 r  tck_IBUF_inst/O
                         net (fo=1, routed)           1.762     2.218    tck_IBUF
    BUFGCTRL_X0Y0        BUFG (Prop_bufg_I_O)         0.029     2.247 r  tck_IBUF_BUFG_inst/O
                         net (fo=258, routed)         0.874     3.121    i_dmi_jtag/i_dmi_jtag_tap/CLK
    SLICE_X102Y84        FDCE                                         r  i_dmi_jtag/i_dmi_jtag_tap/idcode_q_reg[25]/C

Slack:                    inf
  Source:                 trst_n
                            (input port)
  Destination:            i_dmi_jtag/i_dmi_jtag_tap/idcode_q_reg[26]/PRE
                            (removal check against rising-edge clock tck  {rise@0.000ns fall@50.000ns period=100.000ns})
  Path Group:             (none)
  Path Type:              Removal (Min at Fast Process Corner)
  Data Path Delay:        1.205ns  (logic 0.382ns (31.707%)  route 0.823ns (68.293%))
  Logic Levels:           2  (IBUF=1 LUT1=1)
  Clock Path Skew:        3.121ns (DCD - SCD - CPR)
    Destination Clock Delay (DCD):    3.121ns
    Source Clock Delay      (SCD):    0.000ns
    Clock Pessimism Removal (CPR):    -0.000ns
  Timing Exception:       False Path

    Location             Delay type                Incr(ns)  Path(ns)    Netlist Resource(s)
  -------------------------------------------------------------------    -------------------
    V13                                               0.000     0.000 r  trst_n (IN)
                         net (fo=0)                   0.000     0.000    trst_n
    V13                  IBUF (Prop_ibuf_I_O)         0.337     0.337 r  trst_n_IBUF_inst/O
                         net (fo=1, routed)           0.420     0.758    i_dmi_jtag/i_dmi_jtag_tap/trst_n_IBUF
    SLICE_X108Y90        LUT1 (Prop_lut1_I0_O)        0.045     0.803 f  i_dmi_jtag/i_dmi_jtag_tap/FSM_onehot_tap_state_q[15]_i_2/O
                         net (fo=258, routed)         0.402     1.205    i_dmi_jtag/i_dmi_jtag_tap/trst_n
    SLICE_X102Y84        FDPE                                         f  i_dmi_jtag/i_dmi_jtag_tap/idcode_q_reg[26]/PRE
  -------------------------------------------------------------------    -------------------

                         (clock tck rise edge)        0.000     0.000 r  
    H15                                               0.000     0.000 r  tck (IN)
                         net (fo=0)                   0.000     0.000    tck
    H15                  IBUF (Prop_ibuf_I_O)         0.456     0.456 r  tck_IBUF_inst/O
                         net (fo=1, routed)           1.762     2.218    tck_IBUF
    BUFGCTRL_X0Y0        BUFG (Prop_bufg_I_O)         0.029     2.247 r  tck_IBUF_BUFG_inst/O
                         net (fo=258, routed)         0.874     3.121    i_dmi_jtag/i_dmi_jtag_tap/CLK
    SLICE_X102Y84        FDPE                                         r  i_dmi_jtag/i_dmi_jtag_tap/idcode_q_reg[26]/C

Slack:                    inf
  Source:                 trst_n
                            (input port)
  Destination:            i_dmi_jtag/i_dmi_jtag_tap/idcode_q_reg[27]/CLR
                            (removal check against rising-edge clock tck  {rise@0.000ns fall@50.000ns period=100.000ns})
  Path Group:             (none)
  Path Type:              Removal (Min at Fast Process Corner)
  Data Path Delay:        1.205ns  (logic 0.382ns (31.707%)  route 0.823ns (68.293%))
  Logic Levels:           2  (IBUF=1 LUT1=1)
  Clock Path Skew:        3.121ns (DCD - SCD - CPR)
    Destination Clock Delay (DCD):    3.121ns
    Source Clock Delay      (SCD):    0.000ns
    Clock Pessimism Removal (CPR):    -0.000ns
  Timing Exception:       False Path

    Location             Delay type                Incr(ns)  Path(ns)    Netlist Resource(s)
  -------------------------------------------------------------------    -------------------
    V13                                               0.000     0.000 r  trst_n (IN)
                         net (fo=0)                   0.000     0.000    trst_n
    V13                  IBUF (Prop_ibuf_I_O)         0.337     0.337 r  trst_n_IBUF_inst/O
                         net (fo=1, routed)           0.420     0.758    i_dmi_jtag/i_dmi_jtag_tap/trst_n_IBUF
    SLICE_X108Y90        LUT1 (Prop_lut1_I0_O)        0.045     0.803 f  i_dmi_jtag/i_dmi_jtag_tap/FSM_onehot_tap_state_q[15]_i_2/O
                         net (fo=258, routed)         0.402     1.205    i_dmi_jtag/i_dmi_jtag_tap/trst_n
    SLICE_X102Y84        FDCE                                         f  i_dmi_jtag/i_dmi_jtag_tap/idcode_q_reg[27]/CLR
  -------------------------------------------------------------------    -------------------

                         (clock tck rise edge)        0.000     0.000 r  
    H15                                               0.000     0.000 r  tck (IN)
                         net (fo=0)                   0.000     0.000    tck
    H15                  IBUF (Prop_ibuf_I_O)         0.456     0.456 r  tck_IBUF_inst/O
                         net (fo=1, routed)           1.762     2.218    tck_IBUF
    BUFGCTRL_X0Y0        BUFG (Prop_bufg_I_O)         0.029     2.247 r  tck_IBUF_BUFG_inst/O
                         net (fo=258, routed)         0.874     3.121    i_dmi_jtag/i_dmi_jtag_tap/CLK
    SLICE_X102Y84        FDCE                                         r  i_dmi_jtag/i_dmi_jtag_tap/idcode_q_reg[27]/C

Slack:                    inf
  Source:                 trst_n
                            (input port)
  Destination:            i_dmi_jtag/i_dmi_jtag_tap/idcode_q_reg[28]/CLR
                            (removal check against rising-edge clock tck  {rise@0.000ns fall@50.000ns period=100.000ns})
  Path Group:             (none)
  Path Type:              Removal (Min at Fast Process Corner)
  Data Path Delay:        1.205ns  (logic 0.382ns (31.707%)  route 0.823ns (68.293%))
  Logic Levels:           2  (IBUF=1 LUT1=1)
  Clock Path Skew:        3.121ns (DCD - SCD - CPR)
    Destination Clock Delay (DCD):    3.121ns
    Source Clock Delay      (SCD):    0.000ns
    Clock Pessimism Removal (CPR):    -0.000ns
  Timing Exception:       False Path

    Location             Delay type                Incr(ns)  Path(ns)    Netlist Resource(s)
  -------------------------------------------------------------------    -------------------
    V13                                               0.000     0.000 r  trst_n (IN)
                         net (fo=0)                   0.000     0.000    trst_n
    V13                  IBUF (Prop_ibuf_I_O)         0.337     0.337 r  trst_n_IBUF_inst/O
                         net (fo=1, routed)           0.420     0.758    i_dmi_jtag/i_dmi_jtag_tap/trst_n_IBUF
    SLICE_X108Y90        LUT1 (Prop_lut1_I0_O)        0.045     0.803 f  i_dmi_jtag/i_dmi_jtag_tap/FSM_onehot_tap_state_q[15]_i_2/O
                         net (fo=258, routed)         0.402     1.205    i_dmi_jtag/i_dmi_jtag_tap/trst_n
    SLICE_X102Y84        FDCE                                         f  i_dmi_jtag/i_dmi_jtag_tap/idcode_q_reg[28]/CLR
  -------------------------------------------------------------------    -------------------

                         (clock tck rise edge)        0.000     0.000 r  
    H15                                               0.000     0.000 r  tck (IN)
                         net (fo=0)                   0.000     0.000    tck
    H15                  IBUF (Prop_ibuf_I_O)         0.456     0.456 r  tck_IBUF_inst/O
                         net (fo=1, routed)           1.762     2.218    tck_IBUF
    BUFGCTRL_X0Y0        BUFG (Prop_bufg_I_O)         0.029     2.247 r  tck_IBUF_BUFG_inst/O
                         net (fo=258, routed)         0.874     3.121    i_dmi_jtag/i_dmi_jtag_tap/CLK
    SLICE_X102Y84        FDCE                                         r  i_dmi_jtag/i_dmi_jtag_tap/idcode_q_reg[28]/C

Slack:                    inf
  Source:                 trst_n
                            (input port)
  Destination:            i_dmi_jtag/i_dmi_jtag_tap/idcode_q_reg[4]/CLR
                            (removal check against rising-edge clock tck  {rise@0.000ns fall@50.000ns period=100.000ns})
  Path Group:             (none)
  Path Type:              Removal (Min at Fast Process Corner)
  Data Path Delay:        1.205ns  (logic 0.382ns (31.707%)  route 0.823ns (68.293%))
  Logic Levels:           2  (IBUF=1 LUT1=1)
  Clock Path Skew:        3.121ns (DCD - SCD - CPR)
    Destination Clock Delay (DCD):    3.121ns
    Source Clock Delay      (SCD):    0.000ns
    Clock Pessimism Removal (CPR):    -0.000ns
  Timing Exception:       False Path

    Location             Delay type                Incr(ns)  Path(ns)    Netlist Resource(s)
  -------------------------------------------------------------------    -------------------
    V13                                               0.000     0.000 r  trst_n (IN)
                         net (fo=0)                   0.000     0.000    trst_n
    V13                  IBUF (Prop_ibuf_I_O)         0.337     0.337 r  trst_n_IBUF_inst/O
                         net (fo=1, routed)           0.420     0.758    i_dmi_jtag/i_dmi_jtag_tap/trst_n_IBUF
    SLICE_X108Y90        LUT1 (Prop_lut1_I0_O)        0.045     0.803 f  i_dmi_jtag/i_dmi_jtag_tap/FSM_onehot_tap_state_q[15]_i_2/O
                         net (fo=258, routed)         0.402     1.205    i_dmi_jtag/i_dmi_jtag_tap/trst_n
    SLICE_X103Y84        FDCE                                         f  i_dmi_jtag/i_dmi_jtag_tap/idcode_q_reg[4]/CLR
  -------------------------------------------------------------------    -------------------

                         (clock tck rise edge)        0.000     0.000 r  
    H15                                               0.000     0.000 r  tck (IN)
                         net (fo=0)                   0.000     0.000    tck
    H15                  IBUF (Prop_ibuf_I_O)         0.456     0.456 r  tck_IBUF_inst/O
                         net (fo=1, routed)           1.762     2.218    tck_IBUF
    BUFGCTRL_X0Y0        BUFG (Prop_bufg_I_O)         0.029     2.247 r  tck_IBUF_BUFG_inst/O
                         net (fo=258, routed)         0.874     3.121    i_dmi_jtag/i_dmi_jtag_tap/CLK
    SLICE_X103Y84        FDCE                                         r  i_dmi_jtag/i_dmi_jtag_tap/idcode_q_reg[4]/C

Slack:                    inf
  Source:                 trst_n
                            (input port)
  Destination:            i_dmi_jtag/i_dmi_jtag_tap/bypass_q_reg/CLR
                            (removal check against rising-edge clock tck  {rise@0.000ns fall@50.000ns period=100.000ns})
  Path Group:             (none)
  Path Type:              Removal (Min at Fast Process Corner)
  Data Path Delay:        1.250ns  (logic 0.382ns (30.567%)  route 0.868ns (69.433%))
  Logic Levels:           2  (IBUF=1 LUT1=1)
  Clock Path Skew:        3.119ns (DCD - SCD - CPR)
    Destination Clock Delay (DCD):    3.119ns
    Source Clock Delay      (SCD):    0.000ns
    Clock Pessimism Removal (CPR):    -0.000ns
  Timing Exception:       False Path

    Location             Delay type                Incr(ns)  Path(ns)    Netlist Resource(s)
  -------------------------------------------------------------------    -------------------
    V13                                               0.000     0.000 r  trst_n (IN)
                         net (fo=0)                   0.000     0.000    trst_n
    V13                  IBUF (Prop_ibuf_I_O)         0.337     0.337 r  trst_n_IBUF_inst/O
                         net (fo=1, routed)           0.420     0.758    i_dmi_jtag/i_dmi_jtag_tap/trst_n_IBUF
    SLICE_X108Y90        LUT1 (Prop_lut1_I0_O)        0.045     0.803 f  i_dmi_jtag/i_dmi_jtag_tap/FSM_onehot_tap_state_q[15]_i_2/O
                         net (fo=258, routed)         0.447     1.250    i_dmi_jtag/i_dmi_jtag_tap/trst_n
    SLICE_X102Y82        FDCE                                         f  i_dmi_jtag/i_dmi_jtag_tap/bypass_q_reg/CLR
  -------------------------------------------------------------------    -------------------

                         (clock tck rise edge)        0.000     0.000 r  
    H15                                               0.000     0.000 r  tck (IN)
                         net (fo=0)                   0.000     0.000    tck
    H15                  IBUF (Prop_ibuf_I_O)         0.456     0.456 r  tck_IBUF_inst/O
                         net (fo=1, routed)           1.762     2.218    tck_IBUF
    BUFGCTRL_X0Y0        BUFG (Prop_bufg_I_O)         0.029     2.247 r  tck_IBUF_BUFG_inst/O
                         net (fo=258, routed)         0.872     3.119    i_dmi_jtag/i_dmi_jtag_tap/CLK
    SLICE_X102Y82        FDCE                                         r  i_dmi_jtag/i_dmi_jtag_tap/bypass_q_reg/C

Slack:                    inf
  Source:                 trst_n
                            (input port)
  Destination:            i_dmi_jtag/i_dmi_jtag_tap/dtmcs_q_reg[version][0]/CLR
                            (removal check against rising-edge clock tck  {rise@0.000ns fall@50.000ns period=100.000ns})
  Path Group:             (none)
  Path Type:              Removal (Min at Fast Process Corner)
  Data Path Delay:        1.250ns  (logic 0.382ns (30.567%)  route 0.868ns (69.433%))
  Logic Levels:           2  (IBUF=1 LUT1=1)
  Clock Path Skew:        3.119ns (DCD - SCD - CPR)
    Destination Clock Delay (DCD):    3.119ns
    Source Clock Delay      (SCD):    0.000ns
    Clock Pessimism Removal (CPR):    -0.000ns
  Timing Exception:       False Path

    Location             Delay type                Incr(ns)  Path(ns)    Netlist Resource(s)
  -------------------------------------------------------------------    -------------------
    V13                                               0.000     0.000 r  trst_n (IN)
                         net (fo=0)                   0.000     0.000    trst_n
    V13                  IBUF (Prop_ibuf_I_O)         0.337     0.337 r  trst_n_IBUF_inst/O
                         net (fo=1, routed)           0.420     0.758    i_dmi_jtag/i_dmi_jtag_tap/trst_n_IBUF
    SLICE_X108Y90        LUT1 (Prop_lut1_I0_O)        0.045     0.803 f  i_dmi_jtag/i_dmi_jtag_tap/FSM_onehot_tap_state_q[15]_i_2/O
                         net (fo=258, routed)         0.447     1.250    i_dmi_jtag/i_dmi_jtag_tap/trst_n
    SLICE_X103Y82        FDCE                                         f  i_dmi_jtag/i_dmi_jtag_tap/dtmcs_q_reg[version][0]/CLR
  -------------------------------------------------------------------    -------------------

                         (clock tck rise edge)        0.000     0.000 r  
    H15                                               0.000     0.000 r  tck (IN)
                         net (fo=0)                   0.000     0.000    tck
    H15                  IBUF (Prop_ibuf_I_O)         0.456     0.456 r  tck_IBUF_inst/O
                         net (fo=1, routed)           1.762     2.218    tck_IBUF
    BUFGCTRL_X0Y0        BUFG (Prop_bufg_I_O)         0.029     2.247 r  tck_IBUF_BUFG_inst/O
                         net (fo=258, routed)         0.872     3.119    i_dmi_jtag/i_dmi_jtag_tap/CLK
    SLICE_X103Y82        FDCE                                         r  i_dmi_jtag/i_dmi_jtag_tap/dtmcs_q_reg[version][0]/C

Slack:                    inf
  Source:                 trst_n
                            (input port)
  Destination:            i_dmi_jtag/i_dmi_jtag_tap/dtmcs_q_reg[version][1]/CLR
                            (removal check against rising-edge clock tck  {rise@0.000ns fall@50.000ns period=100.000ns})
  Path Group:             (none)
  Path Type:              Removal (Min at Fast Process Corner)
  Data Path Delay:        1.250ns  (logic 0.382ns (30.567%)  route 0.868ns (69.433%))
  Logic Levels:           2  (IBUF=1 LUT1=1)
  Clock Path Skew:        3.119ns (DCD - SCD - CPR)
    Destination Clock Delay (DCD):    3.119ns
    Source Clock Delay      (SCD):    0.000ns
    Clock Pessimism Removal (CPR):    -0.000ns
  Timing Exception:       False Path

    Location             Delay type                Incr(ns)  Path(ns)    Netlist Resource(s)
  -------------------------------------------------------------------    -------------------
    V13                                               0.000     0.000 r  trst_n (IN)
                         net (fo=0)                   0.000     0.000    trst_n
    V13                  IBUF (Prop_ibuf_I_O)         0.337     0.337 r  trst_n_IBUF_inst/O
                         net (fo=1, routed)           0.420     0.758    i_dmi_jtag/i_dmi_jtag_tap/trst_n_IBUF
    SLICE_X108Y90        LUT1 (Prop_lut1_I0_O)        0.045     0.803 f  i_dmi_jtag/i_dmi_jtag_tap/FSM_onehot_tap_state_q[15]_i_2/O
                         net (fo=258, routed)         0.447     1.250    i_dmi_jtag/i_dmi_jtag_tap/trst_n
    SLICE_X103Y82        FDCE                                         f  i_dmi_jtag/i_dmi_jtag_tap/dtmcs_q_reg[version][1]/CLR
  -------------------------------------------------------------------    -------------------

                         (clock tck rise edge)        0.000     0.000 r  
    H15                                               0.000     0.000 r  tck (IN)
                         net (fo=0)                   0.000     0.000    tck
    H15                  IBUF (Prop_ibuf_I_O)         0.456     0.456 r  tck_IBUF_inst/O
                         net (fo=1, routed)           1.762     2.218    tck_IBUF
    BUFGCTRL_X0Y0        BUFG (Prop_bufg_I_O)         0.029     2.247 r  tck_IBUF_BUFG_inst/O
                         net (fo=258, routed)         0.872     3.119    i_dmi_jtag/i_dmi_jtag_tap/CLK
    SLICE_X103Y82        FDCE                                         r  i_dmi_jtag/i_dmi_jtag_tap/dtmcs_q_reg[version][1]/C

Slack:                    inf
  Source:                 trst_n
                            (input port)
  Destination:            i_dmi_jtag/i_dmi_jtag_tap/dtmcs_q_reg[version][2]/CLR
                            (removal check against rising-edge clock tck  {rise@0.000ns fall@50.000ns period=100.000ns})
  Path Group:             (none)
  Path Type:              Removal (Min at Fast Process Corner)
  Data Path Delay:        1.250ns  (logic 0.382ns (30.567%)  route 0.868ns (69.433%))
  Logic Levels:           2  (IBUF=1 LUT1=1)
  Clock Path Skew:        3.119ns (DCD - SCD - CPR)
    Destination Clock Delay (DCD):    3.119ns
    Source Clock Delay      (SCD):    0.000ns
    Clock Pessimism Removal (CPR):    -0.000ns
  Timing Exception:       False Path

    Location             Delay type                Incr(ns)  Path(ns)    Netlist Resource(s)
  -------------------------------------------------------------------    -------------------
    V13                                               0.000     0.000 r  trst_n (IN)
                         net (fo=0)                   0.000     0.000    trst_n
    V13                  IBUF (Prop_ibuf_I_O)         0.337     0.337 r  trst_n_IBUF_inst/O
                         net (fo=1, routed)           0.420     0.758    i_dmi_jtag/i_dmi_jtag_tap/trst_n_IBUF
    SLICE_X108Y90        LUT1 (Prop_lut1_I0_O)        0.045     0.803 f  i_dmi_jtag/i_dmi_jtag_tap/FSM_onehot_tap_state_q[15]_i_2/O
                         net (fo=258, routed)         0.447     1.250    i_dmi_jtag/i_dmi_jtag_tap/trst_n
    SLICE_X103Y82        FDCE                                         f  i_dmi_jtag/i_dmi_jtag_tap/dtmcs_q_reg[version][2]/CLR
  -------------------------------------------------------------------    -------------------

                         (clock tck rise edge)        0.000     0.000 r  
    H15                                               0.000     0.000 r  tck (IN)
                         net (fo=0)                   0.000     0.000    tck
    H15                  IBUF (Prop_ibuf_I_O)         0.456     0.456 r  tck_IBUF_inst/O
                         net (fo=1, routed)           1.762     2.218    tck_IBUF
    BUFGCTRL_X0Y0        BUFG (Prop_bufg_I_O)         0.029     2.247 r  tck_IBUF_BUFG_inst/O
                         net (fo=258, routed)         0.872     3.119    i_dmi_jtag/i_dmi_jtag_tap/CLK
    SLICE_X103Y82        FDCE                                         r  i_dmi_jtag/i_dmi_jtag_tap/dtmcs_q_reg[version][2]/C

Slack:                    inf
  Source:                 trst_n
                            (input port)
  Destination:            i_dmi_jtag/i_dmi_jtag_tap/dtmcs_q_reg[zero1][30]/CLR
                            (removal check against rising-edge clock tck  {rise@0.000ns fall@50.000ns period=100.000ns})
  Path Group:             (none)
  Path Type:              Removal (Min at Fast Process Corner)
  Data Path Delay:        1.250ns  (logic 0.382ns (30.567%)  route 0.868ns (69.433%))
  Logic Levels:           2  (IBUF=1 LUT1=1)
  Clock Path Skew:        3.119ns (DCD - SCD - CPR)
    Destination Clock Delay (DCD):    3.119ns
    Source Clock Delay      (SCD):    0.000ns
    Clock Pessimism Removal (CPR):    -0.000ns
  Timing Exception:       False Path

    Location             Delay type                Incr(ns)  Path(ns)    Netlist Resource(s)
  -------------------------------------------------------------------    -------------------
    V13                                               0.000     0.000 r  trst_n (IN)
                         net (fo=0)                   0.000     0.000    trst_n
    V13                  IBUF (Prop_ibuf_I_O)         0.337     0.337 r  trst_n_IBUF_inst/O
                         net (fo=1, routed)           0.420     0.758    i_dmi_jtag/i_dmi_jtag_tap/trst_n_IBUF
    SLICE_X108Y90        LUT1 (Prop_lut1_I0_O)        0.045     0.803 f  i_dmi_jtag/i_dmi_jtag_tap/FSM_onehot_tap_state_q[15]_i_2/O
                         net (fo=258, routed)         0.447     1.250    i_dmi_jtag/i_dmi_jtag_tap/trst_n
    SLICE_X103Y82        FDCE                                         f  i_dmi_jtag/i_dmi_jtag_tap/dtmcs_q_reg[zero1][30]/CLR
  -------------------------------------------------------------------    -------------------

                         (clock tck rise edge)        0.000     0.000 r  
    H15                                               0.000     0.000 r  tck (IN)
                         net (fo=0)                   0.000     0.000    tck
    H15                  IBUF (Prop_ibuf_I_O)         0.456     0.456 r  tck_IBUF_inst/O
                         net (fo=1, routed)           1.762     2.218    tck_IBUF
    BUFGCTRL_X0Y0        BUFG (Prop_bufg_I_O)         0.029     2.247 r  tck_IBUF_BUFG_inst/O
                         net (fo=258, routed)         0.872     3.119    i_dmi_jtag/i_dmi_jtag_tap/CLK
    SLICE_X103Y82        FDCE                                         r  i_dmi_jtag/i_dmi_jtag_tap/dtmcs_q_reg[zero1][30]/C





--------------------------------------------------------------------------------------
Path Group:  (none)
From Clock:  clk_out1_xlnx_clk_gen
  To Clock:  tck

Max Delay             0 Endpoints
Min Delay            36 Endpoints
--------------------------------------------------------------------------------------


Min Delay Paths
--------------------------------------------------------------------------------------
Slack:                    inf
  Source:                 i_dmi_jtag/i_dmi_cdc/i_cdc_resp/i_src/data_src_q_reg[data][5]/C
                            (rising edge-triggered cell FDCE clocked by clk_out1_xlnx_clk_gen  {rise@0.000ns fall@12.500ns period=25.000ns})
  Destination:            i_dmi_jtag/i_dmi_cdc/i_cdc_resp/i_dst/data_dst_q_reg[data][5]/D
                            (rising edge-triggered cell FDCE clocked by tck  {rise@0.000ns fall@50.000ns period=100.000ns})
  Path Group:             (none)
  Path Type:              Hold (Min at Slow Process Corner)
  Data Path Delay:        0.627ns  (logic 0.337ns (53.729%)  route 0.290ns (46.271%))
  Logic Levels:           0  
  Clock Path Skew:        8.580ns (DCD - SCD - CPR)
    Destination Clock Delay (DCD):    7.060ns
    Source Clock Delay      (SCD):    -1.520ns
    Clock Pessimism Removal (CPR):    -0.000ns
  Clock Uncertainty:      0.604ns  ((TSJ^2 + TIJ^2 + DJ^2)^1/2) / 2 + PE
    Total System Jitter     (TSJ):    0.071ns
    Total Input Jitter      (TIJ):    1.000ns
    Discrete Jitter          (DJ):    0.149ns
    Phase Error              (PE):    0.097ns
  Timing Exception:       False Path

    Location             Delay type                Incr(ns)  Path(ns)    Netlist Resource(s)
  -------------------------------------------------------------------    -------------------
                         (clock clk_out1_xlnx_clk_gen rise edge)
                                                      0.000     0.000 r  
    K17                                               0.000     0.000 r  clk_sys (IN)
                         net (fo=0)                   0.000     0.000    i_xlnx_clk_gen/inst/clk_in1
    K17                  IBUF (Prop_ibuf_I_O)         1.404     1.404 r  i_xlnx_clk_gen/inst/clkin1_ibufg/O
                         net (fo=1, routed)           1.162     2.566    i_xlnx_clk_gen/inst/clk_in1_xlnx_clk_gen
    MMCME2_ADV_X1Y2      MMCME2_ADV (Prop_mmcme2_adv_CLKIN1_CLKOUT0)
                                                     -7.814    -5.248 r  i_xlnx_clk_gen/inst/mmcm_adv_inst/CLKOUT0
                         net (fo=1, routed)           2.012    -3.236    i_xlnx_clk_gen/inst/clk_out1_xlnx_clk_gen
    BUFGCTRL_X0Y16       BUFG (Prop_bufg_I_O)         0.091    -3.145 r  i_xlnx_clk_gen/inst/clkout1_buf/O
                         net (fo=14914, routed)       1.625    -1.520    i_dmi_jtag/i_dmi_cdc/i_cdc_resp/i_src/clk_out1
    SLICE_X97Y2          FDCE                                         r  i_dmi_jtag/i_dmi_cdc/i_cdc_resp/i_src/data_src_q_reg[data][5]/C
  -------------------------------------------------------------------    -------------------
    SLICE_X97Y2          FDCE (Prop_fdce_C_Q)         0.337    -1.183 r  i_dmi_jtag/i_dmi_cdc/i_cdc_resp/i_src/data_src_q_reg[data][5]/Q
                         net (fo=1, routed)           0.290    -0.892    i_dmi_jtag/i_dmi_cdc/i_cdc_resp/i_dst/D[5]
    SLICE_X98Y2          FDCE                                         r  i_dmi_jtag/i_dmi_cdc/i_cdc_resp/i_dst/data_dst_q_reg[data][5]/D
  -------------------------------------------------------------------    -------------------

                         (clock tck rise edge)        0.000     0.000 r  
    H15                                               0.000     0.000 r  tck (IN)
                         net (fo=0)                   0.000     0.000    tck
    H15                  IBUF (Prop_ibuf_I_O)         1.500     1.500 r  tck_IBUF_inst/O
                         net (fo=1, routed)           3.659     5.159    tck_IBUF
    BUFGCTRL_X0Y0        BUFG (Prop_bufg_I_O)         0.101     5.260 r  tck_IBUF_BUFG_inst/O
                         net (fo=258, routed)         1.800     7.060    i_dmi_jtag/i_dmi_cdc/i_cdc_resp/i_dst/CLK
    SLICE_X98Y2          FDCE                                         r  i_dmi_jtag/i_dmi_cdc/i_cdc_resp/i_dst/data_dst_q_reg[data][5]/C

Slack:                    inf
  Source:                 i_dmi_jtag/i_dmi_cdc/i_cdc_resp/i_src/data_src_q_reg[data][25]/C
                            (rising edge-triggered cell FDCE clocked by clk_out1_xlnx_clk_gen  {rise@0.000ns fall@12.500ns period=25.000ns})
  Destination:            i_dmi_jtag/i_dmi_cdc/i_cdc_resp/i_dst/data_dst_q_reg[data][25]/D
                            (rising edge-triggered cell FDCE clocked by tck  {rise@0.000ns fall@50.000ns period=100.000ns})
  Path Group:             (none)
  Path Type:              Hold (Min at Slow Process Corner)
  Data Path Delay:        0.643ns  (logic 0.385ns (59.911%)  route 0.258ns (40.089%))
  Logic Levels:           0  
  Clock Path Skew:        8.581ns (DCD - SCD - CPR)
    Destination Clock Delay (DCD):    7.059ns
    Source Clock Delay      (SCD):    -1.522ns
    Clock Pessimism Removal (CPR):    -0.000ns
  Clock Uncertainty:      0.604ns  ((TSJ^2 + TIJ^2 + DJ^2)^1/2) / 2 + PE
    Total System Jitter     (TSJ):    0.071ns
    Total Input Jitter      (TIJ):    1.000ns
    Discrete Jitter          (DJ):    0.149ns
    Phase Error              (PE):    0.097ns
  Timing Exception:       False Path

    Location             Delay type                Incr(ns)  Path(ns)    Netlist Resource(s)
  -------------------------------------------------------------------    -------------------
                         (clock clk_out1_xlnx_clk_gen rise edge)
                                                      0.000     0.000 r  
    K17                                               0.000     0.000 r  clk_sys (IN)
                         net (fo=0)                   0.000     0.000    i_xlnx_clk_gen/inst/clk_in1
    K17                  IBUF (Prop_ibuf_I_O)         1.404     1.404 r  i_xlnx_clk_gen/inst/clkin1_ibufg/O
                         net (fo=1, routed)           1.162     2.566    i_xlnx_clk_gen/inst/clk_in1_xlnx_clk_gen
    MMCME2_ADV_X1Y2      MMCME2_ADV (Prop_mmcme2_adv_CLKIN1_CLKOUT0)
                                                     -7.814    -5.248 r  i_xlnx_clk_gen/inst/mmcm_adv_inst/CLKOUT0
                         net (fo=1, routed)           2.012    -3.236    i_xlnx_clk_gen/inst/clk_out1_xlnx_clk_gen
    BUFGCTRL_X0Y16       BUFG (Prop_bufg_I_O)         0.091    -3.145 r  i_xlnx_clk_gen/inst/clkout1_buf/O
                         net (fo=14914, routed)       1.623    -1.522    i_dmi_jtag/i_dmi_cdc/i_cdc_resp/i_src/clk_out1
    SLICE_X96Y7          FDCE                                         r  i_dmi_jtag/i_dmi_cdc/i_cdc_resp/i_src/data_src_q_reg[data][25]/C
  -------------------------------------------------------------------    -------------------
    SLICE_X96Y7          FDCE (Prop_fdce_C_Q)         0.385    -1.137 r  i_dmi_jtag/i_dmi_cdc/i_cdc_resp/i_src/data_src_q_reg[data][25]/Q
                         net (fo=1, routed)           0.258    -0.879    i_dmi_jtag/i_dmi_cdc/i_cdc_resp/i_dst/D[25]
    SLICE_X96Y6          FDCE                                         r  i_dmi_jtag/i_dmi_cdc/i_cdc_resp/i_dst/data_dst_q_reg[data][25]/D
  -------------------------------------------------------------------    -------------------

                         (clock tck rise edge)        0.000     0.000 r  
    H15                                               0.000     0.000 r  tck (IN)
                         net (fo=0)                   0.000     0.000    tck
    H15                  IBUF (Prop_ibuf_I_O)         1.500     1.500 r  tck_IBUF_inst/O
                         net (fo=1, routed)           3.659     5.159    tck_IBUF
    BUFGCTRL_X0Y0        BUFG (Prop_bufg_I_O)         0.101     5.260 r  tck_IBUF_BUFG_inst/O
                         net (fo=258, routed)         1.799     7.059    i_dmi_jtag/i_dmi_cdc/i_cdc_resp/i_dst/CLK
    SLICE_X96Y6          FDCE                                         r  i_dmi_jtag/i_dmi_cdc/i_cdc_resp/i_dst/data_dst_q_reg[data][25]/C

Slack:                    inf
  Source:                 i_dmi_jtag/i_dmi_cdc/i_cdc_resp/i_src/data_src_q_reg[data][4]/C
                            (rising edge-triggered cell FDCE clocked by clk_out1_xlnx_clk_gen  {rise@0.000ns fall@12.500ns period=25.000ns})
  Destination:            i_dmi_jtag/i_dmi_cdc/i_cdc_resp/i_dst/data_dst_q_reg[data][4]/D
                            (rising edge-triggered cell FDCE clocked by tck  {rise@0.000ns fall@50.000ns period=100.000ns})
  Path Group:             (none)
  Path Type:              Hold (Min at Slow Process Corner)
  Data Path Delay:        0.651ns  (logic 0.367ns (56.379%)  route 0.284ns (43.621%))
  Logic Levels:           0  
  Clock Path Skew:        8.580ns (DCD - SCD - CPR)
    Destination Clock Delay (DCD):    7.060ns
    Source Clock Delay      (SCD):    -1.520ns
    Clock Pessimism Removal (CPR):    -0.000ns
  Clock Uncertainty:      0.604ns  ((TSJ^2 + TIJ^2 + DJ^2)^1/2) / 2 + PE
    Total System Jitter     (TSJ):    0.071ns
    Total Input Jitter      (TIJ):    1.000ns
    Discrete Jitter          (DJ):    0.149ns
    Phase Error              (PE):    0.097ns
  Timing Exception:       False Path

    Location             Delay type                Incr(ns)  Path(ns)    Netlist Resource(s)
  -------------------------------------------------------------------    -------------------
                         (clock clk_out1_xlnx_clk_gen rise edge)
                                                      0.000     0.000 r  
    K17                                               0.000     0.000 r  clk_sys (IN)
                         net (fo=0)                   0.000     0.000    i_xlnx_clk_gen/inst/clk_in1
    K17                  IBUF (Prop_ibuf_I_O)         1.404     1.404 r  i_xlnx_clk_gen/inst/clkin1_ibufg/O
                         net (fo=1, routed)           1.162     2.566    i_xlnx_clk_gen/inst/clk_in1_xlnx_clk_gen
    MMCME2_ADV_X1Y2      MMCME2_ADV (Prop_mmcme2_adv_CLKIN1_CLKOUT0)
                                                     -7.814    -5.248 r  i_xlnx_clk_gen/inst/mmcm_adv_inst/CLKOUT0
                         net (fo=1, routed)           2.012    -3.236    i_xlnx_clk_gen/inst/clk_out1_xlnx_clk_gen
    BUFGCTRL_X0Y16       BUFG (Prop_bufg_I_O)         0.091    -3.145 r  i_xlnx_clk_gen/inst/clkout1_buf/O
                         net (fo=14914, routed)       1.625    -1.520    i_dmi_jtag/i_dmi_cdc/i_cdc_resp/i_src/clk_out1
    SLICE_X97Y2          FDCE                                         r  i_dmi_jtag/i_dmi_cdc/i_cdc_resp/i_src/data_src_q_reg[data][4]/C
  -------------------------------------------------------------------    -------------------
    SLICE_X97Y2          FDCE (Prop_fdce_C_Q)         0.367    -1.153 r  i_dmi_jtag/i_dmi_cdc/i_cdc_resp/i_src/data_src_q_reg[data][4]/Q
                         net (fo=1, routed)           0.284    -0.869    i_dmi_jtag/i_dmi_cdc/i_cdc_resp/i_dst/D[4]
    SLICE_X98Y2          FDCE                                         r  i_dmi_jtag/i_dmi_cdc/i_cdc_resp/i_dst/data_dst_q_reg[data][4]/D
  -------------------------------------------------------------------    -------------------

                         (clock tck rise edge)        0.000     0.000 r  
    H15                                               0.000     0.000 r  tck (IN)
                         net (fo=0)                   0.000     0.000    tck
    H15                  IBUF (Prop_ibuf_I_O)         1.500     1.500 r  tck_IBUF_inst/O
                         net (fo=1, routed)           3.659     5.159    tck_IBUF
    BUFGCTRL_X0Y0        BUFG (Prop_bufg_I_O)         0.101     5.260 r  tck_IBUF_BUFG_inst/O
                         net (fo=258, routed)         1.800     7.060    i_dmi_jtag/i_dmi_cdc/i_cdc_resp/i_dst/CLK
    SLICE_X98Y2          FDCE                                         r  i_dmi_jtag/i_dmi_cdc/i_cdc_resp/i_dst/data_dst_q_reg[data][4]/C

Slack:                    inf
  Source:                 i_dmi_jtag/i_dmi_cdc/i_cdc_resp/i_src/data_src_q_reg[data][18]/C
                            (rising edge-triggered cell FDCE clocked by clk_out1_xlnx_clk_gen  {rise@0.000ns fall@12.500ns period=25.000ns})
  Destination:            i_dmi_jtag/i_dmi_cdc/i_cdc_resp/i_dst/data_dst_q_reg[data][18]/D
                            (rising edge-triggered cell FDCE clocked by tck  {rise@0.000ns fall@50.000ns period=100.000ns})
  Path Group:             (none)
  Path Type:              Hold (Min at Slow Process Corner)
  Data Path Delay:        0.652ns  (logic 0.367ns (56.302%)  route 0.285ns (43.698%))
  Logic Levels:           0  
  Clock Path Skew:        8.580ns (DCD - SCD - CPR)
    Destination Clock Delay (DCD):    7.060ns
    Source Clock Delay      (SCD):    -1.520ns
    Clock Pessimism Removal (CPR):    -0.000ns
  Clock Uncertainty:      0.604ns  ((TSJ^2 + TIJ^2 + DJ^2)^1/2) / 2 + PE
    Total System Jitter     (TSJ):    0.071ns
    Total Input Jitter      (TIJ):    1.000ns
    Discrete Jitter          (DJ):    0.149ns
    Phase Error              (PE):    0.097ns
  Timing Exception:       False Path

    Location             Delay type                Incr(ns)  Path(ns)    Netlist Resource(s)
  -------------------------------------------------------------------    -------------------
                         (clock clk_out1_xlnx_clk_gen rise edge)
                                                      0.000     0.000 r  
    K17                                               0.000     0.000 r  clk_sys (IN)
                         net (fo=0)                   0.000     0.000    i_xlnx_clk_gen/inst/clk_in1
    K17                  IBUF (Prop_ibuf_I_O)         1.404     1.404 r  i_xlnx_clk_gen/inst/clkin1_ibufg/O
                         net (fo=1, routed)           1.162     2.566    i_xlnx_clk_gen/inst/clk_in1_xlnx_clk_gen
    MMCME2_ADV_X1Y2      MMCME2_ADV (Prop_mmcme2_adv_CLKIN1_CLKOUT0)
                                                     -7.814    -5.248 r  i_xlnx_clk_gen/inst/mmcm_adv_inst/CLKOUT0
                         net (fo=1, routed)           2.012    -3.236    i_xlnx_clk_gen/inst/clk_out1_xlnx_clk_gen
    BUFGCTRL_X0Y16       BUFG (Prop_bufg_I_O)         0.091    -3.145 r  i_xlnx_clk_gen/inst/clkout1_buf/O
                         net (fo=14914, routed)       1.625    -1.520    i_dmi_jtag/i_dmi_cdc/i_cdc_resp/i_src/clk_out1
    SLICE_X97Y2          FDCE                                         r  i_dmi_jtag/i_dmi_cdc/i_cdc_resp/i_src/data_src_q_reg[data][18]/C
  -------------------------------------------------------------------    -------------------
    SLICE_X97Y2          FDCE (Prop_fdce_C_Q)         0.367    -1.153 r  i_dmi_jtag/i_dmi_cdc/i_cdc_resp/i_src/data_src_q_reg[data][18]/Q
                         net (fo=1, routed)           0.285    -0.868    i_dmi_jtag/i_dmi_cdc/i_cdc_resp/i_dst/D[18]
    SLICE_X98Y2          FDCE                                         r  i_dmi_jtag/i_dmi_cdc/i_cdc_resp/i_dst/data_dst_q_reg[data][18]/D
  -------------------------------------------------------------------    -------------------

                         (clock tck rise edge)        0.000     0.000 r  
    H15                                               0.000     0.000 r  tck (IN)
                         net (fo=0)                   0.000     0.000    tck
    H15                  IBUF (Prop_ibuf_I_O)         1.500     1.500 r  tck_IBUF_inst/O
                         net (fo=1, routed)           3.659     5.159    tck_IBUF
    BUFGCTRL_X0Y0        BUFG (Prop_bufg_I_O)         0.101     5.260 r  tck_IBUF_BUFG_inst/O
                         net (fo=258, routed)         1.800     7.060    i_dmi_jtag/i_dmi_cdc/i_cdc_resp/i_dst/CLK
    SLICE_X98Y2          FDCE                                         r  i_dmi_jtag/i_dmi_cdc/i_cdc_resp/i_dst/data_dst_q_reg[data][18]/C

Slack:                    inf
  Source:                 i_dmi_jtag/i_dmi_cdc/i_cdc_resp/i_src/data_src_q_reg[data][14]/C
                            (rising edge-triggered cell FDCE clocked by clk_out1_xlnx_clk_gen  {rise@0.000ns fall@12.500ns period=25.000ns})
  Destination:            i_dmi_jtag/i_dmi_cdc/i_cdc_resp/i_dst/data_dst_q_reg[data][14]/D
                            (rising edge-triggered cell FDCE clocked by tck  {rise@0.000ns fall@50.000ns period=100.000ns})
  Path Group:             (none)
  Path Type:              Hold (Min at Slow Process Corner)
  Data Path Delay:        0.662ns  (logic 0.367ns (55.415%)  route 0.295ns (44.585%))
  Logic Levels:           0  
  Clock Path Skew:        8.579ns (DCD - SCD - CPR)
    Destination Clock Delay (DCD):    7.059ns
    Source Clock Delay      (SCD):    -1.520ns
    Clock Pessimism Removal (CPR):    -0.000ns
  Clock Uncertainty:      0.604ns  ((TSJ^2 + TIJ^2 + DJ^2)^1/2) / 2 + PE
    Total System Jitter     (TSJ):    0.071ns
    Total Input Jitter      (TIJ):    1.000ns
    Discrete Jitter          (DJ):    0.149ns
    Phase Error              (PE):    0.097ns
  Timing Exception:       False Path

    Location             Delay type                Incr(ns)  Path(ns)    Netlist Resource(s)
  -------------------------------------------------------------------    -------------------
                         (clock clk_out1_xlnx_clk_gen rise edge)
                                                      0.000     0.000 r  
    K17                                               0.000     0.000 r  clk_sys (IN)
                         net (fo=0)                   0.000     0.000    i_xlnx_clk_gen/inst/clk_in1
    K17                  IBUF (Prop_ibuf_I_O)         1.404     1.404 r  i_xlnx_clk_gen/inst/clkin1_ibufg/O
                         net (fo=1, routed)           1.162     2.566    i_xlnx_clk_gen/inst/clk_in1_xlnx_clk_gen
    MMCME2_ADV_X1Y2      MMCME2_ADV (Prop_mmcme2_adv_CLKIN1_CLKOUT0)
                                                     -7.814    -5.248 r  i_xlnx_clk_gen/inst/mmcm_adv_inst/CLKOUT0
                         net (fo=1, routed)           2.012    -3.236    i_xlnx_clk_gen/inst/clk_out1_xlnx_clk_gen
    BUFGCTRL_X0Y16       BUFG (Prop_bufg_I_O)         0.091    -3.145 r  i_xlnx_clk_gen/inst/clkout1_buf/O
                         net (fo=14914, routed)       1.625    -1.520    i_dmi_jtag/i_dmi_cdc/i_cdc_resp/i_src/clk_out1
    SLICE_X97Y2          FDCE                                         r  i_dmi_jtag/i_dmi_cdc/i_cdc_resp/i_src/data_src_q_reg[data][14]/C
  -------------------------------------------------------------------    -------------------
    SLICE_X97Y2          FDCE (Prop_fdce_C_Q)         0.367    -1.153 r  i_dmi_jtag/i_dmi_cdc/i_cdc_resp/i_src/data_src_q_reg[data][14]/Q
                         net (fo=1, routed)           0.295    -0.857    i_dmi_jtag/i_dmi_cdc/i_cdc_resp/i_dst/D[14]
    SLICE_X99Y3          FDCE                                         r  i_dmi_jtag/i_dmi_cdc/i_cdc_resp/i_dst/data_dst_q_reg[data][14]/D
  -------------------------------------------------------------------    -------------------

                         (clock tck rise edge)        0.000     0.000 r  
    H15                                               0.000     0.000 r  tck (IN)
                         net (fo=0)                   0.000     0.000    tck
    H15                  IBUF (Prop_ibuf_I_O)         1.500     1.500 r  tck_IBUF_inst/O
                         net (fo=1, routed)           3.659     5.159    tck_IBUF
    BUFGCTRL_X0Y0        BUFG (Prop_bufg_I_O)         0.101     5.260 r  tck_IBUF_BUFG_inst/O
                         net (fo=258, routed)         1.799     7.059    i_dmi_jtag/i_dmi_cdc/i_cdc_resp/i_dst/CLK
    SLICE_X99Y3          FDCE                                         r  i_dmi_jtag/i_dmi_cdc/i_cdc_resp/i_dst/data_dst_q_reg[data][14]/C

Slack:                    inf
  Source:                 i_dmi_jtag/i_dmi_cdc/i_cdc_resp/i_src/data_src_q_reg[data][13]/C
                            (rising edge-triggered cell FDCE clocked by clk_out1_xlnx_clk_gen  {rise@0.000ns fall@12.500ns period=25.000ns})
  Destination:            i_dmi_jtag/i_dmi_cdc/i_cdc_resp/i_dst/data_dst_q_reg[data][13]/D
                            (rising edge-triggered cell FDCE clocked by tck  {rise@0.000ns fall@50.000ns period=100.000ns})
  Path Group:             (none)
  Path Type:              Hold (Min at Slow Process Corner)
  Data Path Delay:        0.666ns  (logic 0.385ns (57.807%)  route 0.281ns (42.193%))
  Logic Levels:           0  
  Clock Path Skew:        8.580ns (DCD - SCD - CPR)
    Destination Clock Delay (DCD):    7.060ns
    Source Clock Delay      (SCD):    -1.520ns
    Clock Pessimism Removal (CPR):    -0.000ns
  Clock Uncertainty:      0.604ns  ((TSJ^2 + TIJ^2 + DJ^2)^1/2) / 2 + PE
    Total System Jitter     (TSJ):    0.071ns
    Total Input Jitter      (TIJ):    1.000ns
    Discrete Jitter          (DJ):    0.149ns
    Phase Error              (PE):    0.097ns
  Timing Exception:       False Path

    Location             Delay type                Incr(ns)  Path(ns)    Netlist Resource(s)
  -------------------------------------------------------------------    -------------------
                         (clock clk_out1_xlnx_clk_gen rise edge)
                                                      0.000     0.000 r  
    K17                                               0.000     0.000 r  clk_sys (IN)
                         net (fo=0)                   0.000     0.000    i_xlnx_clk_gen/inst/clk_in1
    K17                  IBUF (Prop_ibuf_I_O)         1.404     1.404 r  i_xlnx_clk_gen/inst/clkin1_ibufg/O
                         net (fo=1, routed)           1.162     2.566    i_xlnx_clk_gen/inst/clk_in1_xlnx_clk_gen
    MMCME2_ADV_X1Y2      MMCME2_ADV (Prop_mmcme2_adv_CLKIN1_CLKOUT0)
                                                     -7.814    -5.248 r  i_xlnx_clk_gen/inst/mmcm_adv_inst/CLKOUT0
                         net (fo=1, routed)           2.012    -3.236    i_xlnx_clk_gen/inst/clk_out1_xlnx_clk_gen
    BUFGCTRL_X0Y16       BUFG (Prop_bufg_I_O)         0.091    -3.145 r  i_xlnx_clk_gen/inst/clkout1_buf/O
                         net (fo=14914, routed)       1.625    -1.520    i_dmi_jtag/i_dmi_cdc/i_cdc_resp/i_src/clk_out1
    SLICE_X96Y0          FDCE                                         r  i_dmi_jtag/i_dmi_cdc/i_cdc_resp/i_src/data_src_q_reg[data][13]/C
  -------------------------------------------------------------------    -------------------
    SLICE_X96Y0          FDCE (Prop_fdce_C_Q)         0.385    -1.135 r  i_dmi_jtag/i_dmi_cdc/i_cdc_resp/i_src/data_src_q_reg[data][13]/Q
                         net (fo=1, routed)           0.281    -0.853    i_dmi_jtag/i_dmi_cdc/i_cdc_resp/i_dst/D[13]
    SLICE_X97Y0          FDCE                                         r  i_dmi_jtag/i_dmi_cdc/i_cdc_resp/i_dst/data_dst_q_reg[data][13]/D
  -------------------------------------------------------------------    -------------------

                         (clock tck rise edge)        0.000     0.000 r  
    H15                                               0.000     0.000 r  tck (IN)
                         net (fo=0)                   0.000     0.000    tck
    H15                  IBUF (Prop_ibuf_I_O)         1.500     1.500 r  tck_IBUF_inst/O
                         net (fo=1, routed)           3.659     5.159    tck_IBUF
    BUFGCTRL_X0Y0        BUFG (Prop_bufg_I_O)         0.101     5.260 r  tck_IBUF_BUFG_inst/O
                         net (fo=258, routed)         1.800     7.060    i_dmi_jtag/i_dmi_cdc/i_cdc_resp/i_dst/CLK
    SLICE_X97Y0          FDCE                                         r  i_dmi_jtag/i_dmi_cdc/i_cdc_resp/i_dst/data_dst_q_reg[data][13]/C

Slack:                    inf
  Source:                 i_dmi_jtag/i_dmi_cdc/i_cdc_resp/i_src/data_src_q_reg[data][21]/C
                            (rising edge-triggered cell FDCE clocked by clk_out1_xlnx_clk_gen  {rise@0.000ns fall@12.500ns period=25.000ns})
  Destination:            i_dmi_jtag/i_dmi_cdc/i_cdc_resp/i_dst/data_dst_q_reg[data][21]/D
                            (rising edge-triggered cell FDCE clocked by tck  {rise@0.000ns fall@50.000ns period=100.000ns})
  Path Group:             (none)
  Path Type:              Hold (Min at Slow Process Corner)
  Data Path Delay:        0.668ns  (logic 0.385ns (57.612%)  route 0.283ns (42.388%))
  Logic Levels:           0  
  Clock Path Skew:        8.580ns (DCD - SCD - CPR)
    Destination Clock Delay (DCD):    7.059ns
    Source Clock Delay      (SCD):    -1.521ns
    Clock Pessimism Removal (CPR):    -0.000ns
  Clock Uncertainty:      0.604ns  ((TSJ^2 + TIJ^2 + DJ^2)^1/2) / 2 + PE
    Total System Jitter     (TSJ):    0.071ns
    Total Input Jitter      (TIJ):    1.000ns
    Discrete Jitter          (DJ):    0.149ns
    Phase Error              (PE):    0.097ns
  Timing Exception:       False Path

    Location             Delay type                Incr(ns)  Path(ns)    Netlist Resource(s)
  -------------------------------------------------------------------    -------------------
                         (clock clk_out1_xlnx_clk_gen rise edge)
                                                      0.000     0.000 r  
    K17                                               0.000     0.000 r  clk_sys (IN)
                         net (fo=0)                   0.000     0.000    i_xlnx_clk_gen/inst/clk_in1
    K17                  IBUF (Prop_ibuf_I_O)         1.404     1.404 r  i_xlnx_clk_gen/inst/clkin1_ibufg/O
                         net (fo=1, routed)           1.162     2.566    i_xlnx_clk_gen/inst/clk_in1_xlnx_clk_gen
    MMCME2_ADV_X1Y2      MMCME2_ADV (Prop_mmcme2_adv_CLKIN1_CLKOUT0)
                                                     -7.814    -5.248 r  i_xlnx_clk_gen/inst/mmcm_adv_inst/CLKOUT0
                         net (fo=1, routed)           2.012    -3.236    i_xlnx_clk_gen/inst/clk_out1_xlnx_clk_gen
    BUFGCTRL_X0Y16       BUFG (Prop_bufg_I_O)         0.091    -3.145 r  i_xlnx_clk_gen/inst/clkout1_buf/O
                         net (fo=14914, routed)       1.624    -1.521    i_dmi_jtag/i_dmi_cdc/i_cdc_resp/i_src/clk_out1
    SLICE_X96Y3          FDCE                                         r  i_dmi_jtag/i_dmi_cdc/i_cdc_resp/i_src/data_src_q_reg[data][21]/C
  -------------------------------------------------------------------    -------------------
    SLICE_X96Y3          FDCE (Prop_fdce_C_Q)         0.385    -1.136 r  i_dmi_jtag/i_dmi_cdc/i_cdc_resp/i_src/data_src_q_reg[data][21]/Q
                         net (fo=1, routed)           0.283    -0.852    i_dmi_jtag/i_dmi_cdc/i_cdc_resp/i_dst/D[21]
    SLICE_X96Y5          FDCE                                         r  i_dmi_jtag/i_dmi_cdc/i_cdc_resp/i_dst/data_dst_q_reg[data][21]/D
  -------------------------------------------------------------------    -------------------

                         (clock tck rise edge)        0.000     0.000 r  
    H15                                               0.000     0.000 r  tck (IN)
                         net (fo=0)                   0.000     0.000    tck
    H15                  IBUF (Prop_ibuf_I_O)         1.500     1.500 r  tck_IBUF_inst/O
                         net (fo=1, routed)           3.659     5.159    tck_IBUF
    BUFGCTRL_X0Y0        BUFG (Prop_bufg_I_O)         0.101     5.260 r  tck_IBUF_BUFG_inst/O
                         net (fo=258, routed)         1.799     7.059    i_dmi_jtag/i_dmi_cdc/i_cdc_resp/i_dst/CLK
    SLICE_X96Y5          FDCE                                         r  i_dmi_jtag/i_dmi_cdc/i_cdc_resp/i_dst/data_dst_q_reg[data][21]/C

Slack:                    inf
  Source:                 i_dmi_jtag/i_dmi_cdc/i_cdc_resp/i_src/data_src_q_reg[data][26]/C
                            (rising edge-triggered cell FDCE clocked by clk_out1_xlnx_clk_gen  {rise@0.000ns fall@12.500ns period=25.000ns})
  Destination:            i_dmi_jtag/i_dmi_cdc/i_cdc_resp/i_dst/data_dst_q_reg[data][26]/D
                            (rising edge-triggered cell FDCE clocked by tck  {rise@0.000ns fall@50.000ns period=100.000ns})
  Path Group:             (none)
  Path Type:              Hold (Min at Slow Process Corner)
  Data Path Delay:        0.671ns  (logic 0.418ns (62.279%)  route 0.253ns (37.721%))
  Logic Levels:           0  
  Clock Path Skew:        8.581ns (DCD - SCD - CPR)
    Destination Clock Delay (DCD):    7.059ns
    Source Clock Delay      (SCD):    -1.522ns
    Clock Pessimism Removal (CPR):    -0.000ns
  Clock Uncertainty:      0.604ns  ((TSJ^2 + TIJ^2 + DJ^2)^1/2) / 2 + PE
    Total System Jitter     (TSJ):    0.071ns
    Total Input Jitter      (TIJ):    1.000ns
    Discrete Jitter          (DJ):    0.149ns
    Phase Error              (PE):    0.097ns
  Timing Exception:       False Path

    Location             Delay type                Incr(ns)  Path(ns)    Netlist Resource(s)
  -------------------------------------------------------------------    -------------------
                         (clock clk_out1_xlnx_clk_gen rise edge)
                                                      0.000     0.000 r  
    K17                                               0.000     0.000 r  clk_sys (IN)
                         net (fo=0)                   0.000     0.000    i_xlnx_clk_gen/inst/clk_in1
    K17                  IBUF (Prop_ibuf_I_O)         1.404     1.404 r  i_xlnx_clk_gen/inst/clkin1_ibufg/O
                         net (fo=1, routed)           1.162     2.566    i_xlnx_clk_gen/inst/clk_in1_xlnx_clk_gen
    MMCME2_ADV_X1Y2      MMCME2_ADV (Prop_mmcme2_adv_CLKIN1_CLKOUT0)
                                                     -7.814    -5.248 r  i_xlnx_clk_gen/inst/mmcm_adv_inst/CLKOUT0
                         net (fo=1, routed)           2.012    -3.236    i_xlnx_clk_gen/inst/clk_out1_xlnx_clk_gen
    BUFGCTRL_X0Y16       BUFG (Prop_bufg_I_O)         0.091    -3.145 r  i_xlnx_clk_gen/inst/clkout1_buf/O
                         net (fo=14914, routed)       1.623    -1.522    i_dmi_jtag/i_dmi_cdc/i_cdc_resp/i_src/clk_out1
    SLICE_X96Y7          FDCE                                         r  i_dmi_jtag/i_dmi_cdc/i_cdc_resp/i_src/data_src_q_reg[data][26]/C
  -------------------------------------------------------------------    -------------------
    SLICE_X96Y7          FDCE (Prop_fdce_C_Q)         0.418    -1.104 r  i_dmi_jtag/i_dmi_cdc/i_cdc_resp/i_src/data_src_q_reg[data][26]/Q
                         net (fo=1, routed)           0.253    -0.850    i_dmi_jtag/i_dmi_cdc/i_cdc_resp/i_dst/D[26]
    SLICE_X96Y6          FDCE                                         r  i_dmi_jtag/i_dmi_cdc/i_cdc_resp/i_dst/data_dst_q_reg[data][26]/D
  -------------------------------------------------------------------    -------------------

                         (clock tck rise edge)        0.000     0.000 r  
    H15                                               0.000     0.000 r  tck (IN)
                         net (fo=0)                   0.000     0.000    tck
    H15                  IBUF (Prop_ibuf_I_O)         1.500     1.500 r  tck_IBUF_inst/O
                         net (fo=1, routed)           3.659     5.159    tck_IBUF
    BUFGCTRL_X0Y0        BUFG (Prop_bufg_I_O)         0.101     5.260 r  tck_IBUF_BUFG_inst/O
                         net (fo=258, routed)         1.799     7.059    i_dmi_jtag/i_dmi_cdc/i_cdc_resp/i_dst/CLK
    SLICE_X96Y6          FDCE                                         r  i_dmi_jtag/i_dmi_cdc/i_cdc_resp/i_dst/data_dst_q_reg[data][26]/C

Slack:                    inf
  Source:                 i_dmi_jtag/i_dmi_cdc/i_cdc_resp/i_src/data_src_q_reg[data][31]/C
                            (rising edge-triggered cell FDCE clocked by clk_out1_xlnx_clk_gen  {rise@0.000ns fall@12.500ns period=25.000ns})
  Destination:            i_dmi_jtag/i_dmi_cdc/i_cdc_resp/i_dst/data_dst_q_reg[data][31]/D
                            (rising edge-triggered cell FDCE clocked by tck  {rise@0.000ns fall@50.000ns period=100.000ns})
  Path Group:             (none)
  Path Type:              Hold (Min at Slow Process Corner)
  Data Path Delay:        0.674ns  (logic 0.385ns (57.149%)  route 0.289ns (42.851%))
  Logic Levels:           0  
  Clock Path Skew:        8.581ns (DCD - SCD - CPR)
    Destination Clock Delay (DCD):    7.059ns
    Source Clock Delay      (SCD):    -1.522ns
    Clock Pessimism Removal (CPR):    -0.000ns
  Clock Uncertainty:      0.604ns  ((TSJ^2 + TIJ^2 + DJ^2)^1/2) / 2 + PE
    Total System Jitter     (TSJ):    0.071ns
    Total Input Jitter      (TIJ):    1.000ns
    Discrete Jitter          (DJ):    0.149ns
    Phase Error              (PE):    0.097ns
  Timing Exception:       False Path

    Location             Delay type                Incr(ns)  Path(ns)    Netlist Resource(s)
  -------------------------------------------------------------------    -------------------
                         (clock clk_out1_xlnx_clk_gen rise edge)
                                                      0.000     0.000 r  
    K17                                               0.000     0.000 r  clk_sys (IN)
                         net (fo=0)                   0.000     0.000    i_xlnx_clk_gen/inst/clk_in1
    K17                  IBUF (Prop_ibuf_I_O)         1.404     1.404 r  i_xlnx_clk_gen/inst/clkin1_ibufg/O
                         net (fo=1, routed)           1.162     2.566    i_xlnx_clk_gen/inst/clk_in1_xlnx_clk_gen
    MMCME2_ADV_X1Y2      MMCME2_ADV (Prop_mmcme2_adv_CLKIN1_CLKOUT0)
                                                     -7.814    -5.248 r  i_xlnx_clk_gen/inst/mmcm_adv_inst/CLKOUT0
                         net (fo=1, routed)           2.012    -3.236    i_xlnx_clk_gen/inst/clk_out1_xlnx_clk_gen
    BUFGCTRL_X0Y16       BUFG (Prop_bufg_I_O)         0.091    -3.145 r  i_xlnx_clk_gen/inst/clkout1_buf/O
                         net (fo=14914, routed)       1.623    -1.522    i_dmi_jtag/i_dmi_cdc/i_cdc_resp/i_src/clk_out1
    SLICE_X96Y7          FDCE                                         r  i_dmi_jtag/i_dmi_cdc/i_cdc_resp/i_src/data_src_q_reg[data][31]/C
  -------------------------------------------------------------------    -------------------
    SLICE_X96Y7          FDCE (Prop_fdce_C_Q)         0.385    -1.137 r  i_dmi_jtag/i_dmi_cdc/i_cdc_resp/i_src/data_src_q_reg[data][31]/Q
                         net (fo=1, routed)           0.289    -0.848    i_dmi_jtag/i_dmi_cdc/i_cdc_resp/i_dst/D[31]
    SLICE_X96Y6          FDCE                                         r  i_dmi_jtag/i_dmi_cdc/i_cdc_resp/i_dst/data_dst_q_reg[data][31]/D
  -------------------------------------------------------------------    -------------------

                         (clock tck rise edge)        0.000     0.000 r  
    H15                                               0.000     0.000 r  tck (IN)
                         net (fo=0)                   0.000     0.000    tck
    H15                  IBUF (Prop_ibuf_I_O)         1.500     1.500 r  tck_IBUF_inst/O
                         net (fo=1, routed)           3.659     5.159    tck_IBUF
    BUFGCTRL_X0Y0        BUFG (Prop_bufg_I_O)         0.101     5.260 r  tck_IBUF_BUFG_inst/O
                         net (fo=258, routed)         1.799     7.059    i_dmi_jtag/i_dmi_cdc/i_cdc_resp/i_dst/CLK
    SLICE_X96Y6          FDCE                                         r  i_dmi_jtag/i_dmi_cdc/i_cdc_resp/i_dst/data_dst_q_reg[data][31]/C

Slack:                    inf
  Source:                 i_dmi_jtag/i_dmi_cdc/i_cdc_resp/i_src/data_src_q_reg[data][3]/C
                            (rising edge-triggered cell FDCE clocked by clk_out1_xlnx_clk_gen  {rise@0.000ns fall@12.500ns period=25.000ns})
  Destination:            i_dmi_jtag/i_dmi_cdc/i_cdc_resp/i_dst/data_dst_q_reg[data][3]/D
                            (rising edge-triggered cell FDCE clocked by tck  {rise@0.000ns fall@50.000ns period=100.000ns})
  Path Group:             (none)
  Path Type:              Hold (Min at Slow Process Corner)
  Data Path Delay:        0.674ns  (logic 0.385ns (57.164%)  route 0.289ns (42.836%))
  Logic Levels:           0  
  Clock Path Skew:        8.580ns (DCD - SCD - CPR)
    Destination Clock Delay (DCD):    7.059ns
    Source Clock Delay      (SCD):    -1.521ns
    Clock Pessimism Removal (CPR):    -0.000ns
  Clock Uncertainty:      0.604ns  ((TSJ^2 + TIJ^2 + DJ^2)^1/2) / 2 + PE
    Total System Jitter     (TSJ):    0.071ns
    Total Input Jitter      (TIJ):    1.000ns
    Discrete Jitter          (DJ):    0.149ns
    Phase Error              (PE):    0.097ns
  Timing Exception:       False Path

    Location             Delay type                Incr(ns)  Path(ns)    Netlist Resource(s)
  -------------------------------------------------------------------    -------------------
                         (clock clk_out1_xlnx_clk_gen rise edge)
                                                      0.000     0.000 r  
    K17                                               0.000     0.000 r  clk_sys (IN)
                         net (fo=0)                   0.000     0.000    i_xlnx_clk_gen/inst/clk_in1
    K17                  IBUF (Prop_ibuf_I_O)         1.404     1.404 r  i_xlnx_clk_gen/inst/clkin1_ibufg/O
                         net (fo=1, routed)           1.162     2.566    i_xlnx_clk_gen/inst/clk_in1_xlnx_clk_gen
    MMCME2_ADV_X1Y2      MMCME2_ADV (Prop_mmcme2_adv_CLKIN1_CLKOUT0)
                                                     -7.814    -5.248 r  i_xlnx_clk_gen/inst/mmcm_adv_inst/CLKOUT0
                         net (fo=1, routed)           2.012    -3.236    i_xlnx_clk_gen/inst/clk_out1_xlnx_clk_gen
    BUFGCTRL_X0Y16       BUFG (Prop_bufg_I_O)         0.091    -3.145 r  i_xlnx_clk_gen/inst/clkout1_buf/O
                         net (fo=14914, routed)       1.624    -1.521    i_dmi_jtag/i_dmi_cdc/i_cdc_resp/i_src/clk_out1
    SLICE_X96Y3          FDCE                                         r  i_dmi_jtag/i_dmi_cdc/i_cdc_resp/i_src/data_src_q_reg[data][3]/C
  -------------------------------------------------------------------    -------------------
    SLICE_X96Y3          FDCE (Prop_fdce_C_Q)         0.385    -1.136 r  i_dmi_jtag/i_dmi_cdc/i_cdc_resp/i_src/data_src_q_reg[data][3]/Q
                         net (fo=1, routed)           0.289    -0.847    i_dmi_jtag/i_dmi_cdc/i_cdc_resp/i_dst/D[3]
    SLICE_X99Y3          FDCE                                         r  i_dmi_jtag/i_dmi_cdc/i_cdc_resp/i_dst/data_dst_q_reg[data][3]/D
  -------------------------------------------------------------------    -------------------

                         (clock tck rise edge)        0.000     0.000 r  
    H15                                               0.000     0.000 r  tck (IN)
                         net (fo=0)                   0.000     0.000    tck
    H15                  IBUF (Prop_ibuf_I_O)         1.500     1.500 r  tck_IBUF_inst/O
                         net (fo=1, routed)           3.659     5.159    tck_IBUF
    BUFGCTRL_X0Y0        BUFG (Prop_bufg_I_O)         0.101     5.260 r  tck_IBUF_BUFG_inst/O
                         net (fo=258, routed)         1.799     7.059    i_dmi_jtag/i_dmi_cdc/i_cdc_resp/i_dst/CLK
    SLICE_X99Y3          FDCE                                         r  i_dmi_jtag/i_dmi_cdc/i_cdc_resp/i_dst/data_dst_q_reg[data][3]/C





--------------------------------------------------------------------------------------
Path Group:  (none)
From Clock:  clk_out1_xlnx_clk_gen
  To Clock:  

Max Delay             1 Endpoint
Min Delay             1 Endpoint
--------------------------------------------------------------------------------------


Max Delay Paths
--------------------------------------------------------------------------------------
Slack:                    inf
  Source:                 i_ariane_peripherals/gen_uart.i_apb_uart/SOUT_reg/C
                            (rising edge-triggered cell FDPE clocked by clk_out1_xlnx_clk_gen  {rise@0.000ns fall@12.500ns period=25.000ns})
  Destination:            tx
                            (output port)
  Path Group:             (none)
  Path Type:              Max at Slow Process Corner
  Data Path Delay:        9.030ns  (logic 4.140ns (45.848%)  route 4.890ns (54.152%))
  Logic Levels:           1  (OBUF=1)
  Clock Uncertainty:      0.175ns  ((TSJ^2 + DJ^2)^1/2) / 2 + PE
    Total System Jitter     (TSJ):    0.050ns
    Discrete Jitter          (DJ):    0.149ns
    Phase Error              (PE):    0.097ns

    Location             Delay type                Incr(ns)  Path(ns)    Netlist Resource(s)
  -------------------------------------------------------------------    -------------------
                         (clock clk_out1_xlnx_clk_gen rise edge)
                                                      0.000     0.000 r  
    K17                                               0.000     0.000 r  clk_sys (IN)
                         net (fo=0)                   0.000     0.000    i_xlnx_clk_gen/inst/clk_in1
    K17                  IBUF (Prop_ibuf_I_O)         1.475     1.475 r  i_xlnx_clk_gen/inst/clkin1_ibufg/O
                         net (fo=1, routed)           1.285     2.760    i_xlnx_clk_gen/inst/clk_in1_xlnx_clk_gen
    MMCME2_ADV_X1Y2      MMCME2_ADV (Prop_mmcme2_adv_CLKIN1_CLKOUT0)
                                                     -7.759    -4.999 r  i_xlnx_clk_gen/inst/mmcm_adv_inst/CLKOUT0
                         net (fo=1, routed)           2.206    -2.793    i_xlnx_clk_gen/inst/clk_out1_xlnx_clk_gen
    BUFGCTRL_X0Y16       BUFG (Prop_bufg_I_O)         0.101    -2.692 r  i_xlnx_clk_gen/inst/clkout1_buf/O
                         net (fo=14914, routed)       1.719    -0.973    i_ariane_peripherals/gen_uart.i_apb_uart/clk_out1
    SLICE_X82Y89         FDPE                                         r  i_ariane_peripherals/gen_uart.i_apb_uart/SOUT_reg/C
  -------------------------------------------------------------------    -------------------
    SLICE_X82Y89         FDPE (Prop_fdpe_C_Q)         0.518    -0.455 r  i_ariane_peripherals/gen_uart.i_apb_uart/SOUT_reg/Q
                         net (fo=1, routed)           4.890     4.435    tx_OBUF
    W8                   OBUF (Prop_obuf_I_O)         3.622     8.057 r  tx_OBUF_inst/O
                         net (fo=0)                   0.000     8.057    tx
    W8                                                                r  tx (OUT)
  -------------------------------------------------------------------    -------------------





Min Delay Paths
--------------------------------------------------------------------------------------
Slack:                    inf
  Source:                 i_ariane_peripherals/gen_uart.i_apb_uart/SOUT_reg/C
                            (rising edge-triggered cell FDPE clocked by clk_out1_xlnx_clk_gen  {rise@0.000ns fall@12.500ns period=25.000ns})
  Destination:            tx
                            (output port)
  Path Group:             (none)
  Path Type:              Min at Fast Process Corner
  Data Path Delay:        3.273ns  (logic 1.486ns (45.405%)  route 1.787ns (54.595%))
  Logic Levels:           1  (OBUF=1)
  Clock Uncertainty:      0.175ns  ((TSJ^2 + DJ^2)^1/2) / 2 + PE
    Total System Jitter     (TSJ):    0.050ns
    Discrete Jitter          (DJ):    0.149ns
    Phase Error              (PE):    0.097ns

    Location             Delay type                Incr(ns)  Path(ns)    Netlist Resource(s)
  -------------------------------------------------------------------    -------------------
                         (clock clk_out1_xlnx_clk_gen rise edge)
                                                      0.000     0.000 r  
    K17                                               0.000     0.000 r  clk_sys (IN)
                         net (fo=0)                   0.000     0.000    i_xlnx_clk_gen/inst/clk_in1
    K17                  IBUF (Prop_ibuf_I_O)         0.243     0.243 r  i_xlnx_clk_gen/inst/clkin1_ibufg/O
                         net (fo=1, routed)           0.440     0.683    i_xlnx_clk_gen/inst/clk_in1_xlnx_clk_gen
    MMCME2_ADV_X1Y2      MMCME2_ADV (Prop_mmcme2_adv_CLKIN1_CLKOUT0)
                                                     -2.613    -1.930 r  i_xlnx_clk_gen/inst/mmcm_adv_inst/CLKOUT0
                         net (fo=1, routed)           0.696    -1.233    i_xlnx_clk_gen/inst/clk_out1_xlnx_clk_gen
    BUFGCTRL_X0Y16       BUFG (Prop_bufg_I_O)         0.026    -1.207 r  i_xlnx_clk_gen/inst/clkout1_buf/O
                         net (fo=14914, routed)       0.581    -0.627    i_ariane_peripherals/gen_uart.i_apb_uart/clk_out1
    SLICE_X82Y89         FDPE                                         r  i_ariane_peripherals/gen_uart.i_apb_uart/SOUT_reg/C
  -------------------------------------------------------------------    -------------------
    SLICE_X82Y89         FDPE (Prop_fdpe_C_Q)         0.164    -0.463 r  i_ariane_peripherals/gen_uart.i_apb_uart/SOUT_reg/Q
                         net (fo=1, routed)           1.787     1.324    tx_OBUF
    W8                   OBUF (Prop_obuf_I_O)         1.322     2.646 r  tx_OBUF_inst/O
                         net (fo=0)                   0.000     2.646    tx
    W8                                                                r  tx (OUT)
  -------------------------------------------------------------------    -------------------





--------------------------------------------------------------------------------------
Path Group:  (none)
From Clock:  clkfbout_xlnx_clk_gen
  To Clock:  

Max Delay             1 Endpoint
Min Delay             1 Endpoint
--------------------------------------------------------------------------------------


Max Delay Paths
--------------------------------------------------------------------------------------
Slack:                    inf
  Source:                 i_xlnx_clk_gen/inst/mmcm_adv_inst/CLKFBOUT
                            (clock source 'clkfbout_xlnx_clk_gen'  {rise@0.000ns fall@4.000ns period=8.000ns})
  Destination:            i_xlnx_clk_gen/inst/mmcm_adv_inst/CLKFBIN
  Path Group:             (none)
  Path Type:              Max at Slow Process Corner
  Data Path Delay:        4.287ns  (logic 0.101ns (2.356%)  route 4.186ns (97.644%))
  Logic Levels:           1  (BUFG=1)
  Clock Uncertainty:      0.144ns  ((TSJ^2 + DJ^2)^1/2) / 2 + PE
    Total System Jitter     (TSJ):    0.050ns
    Discrete Jitter          (DJ):    0.080ns
    Phase Error              (PE):    0.097ns

    Location             Delay type                Incr(ns)  Path(ns)    Netlist Resource(s)
  -------------------------------------------------------------------    -------------------
                         (clock clkfbout_xlnx_clk_gen fall edge)
                                                      4.000     4.000 f  
    K17                                               0.000     4.000 f  clk_sys (IN)
                         net (fo=0)                   0.000     4.000    i_xlnx_clk_gen/inst/clk_in1
    K17                  IBUF (Prop_ibuf_I_O)         1.475     5.475 f  i_xlnx_clk_gen/inst/clkin1_ibufg/O
                         net (fo=1, routed)           1.285     6.760    i_xlnx_clk_gen/inst/clk_in1_xlnx_clk_gen
  -------------------------------------------------------------------    -------------------
    MMCME2_ADV_X1Y2      MMCME2_ADV (Prop_mmcme2_adv_CLKIN1_CLKFBOUT)
                                                     -7.759    -0.999 f  i_xlnx_clk_gen/inst/mmcm_adv_inst/CLKFBOUT
                         net (fo=1, routed)           2.206     1.207    i_xlnx_clk_gen/inst/clkfbout_xlnx_clk_gen
    BUFGCTRL_X0Y17       BUFG (Prop_bufg_I_O)         0.101     1.308 f  i_xlnx_clk_gen/inst/clkf_buf/O
                         net (fo=1, routed)           1.980     3.288    i_xlnx_clk_gen/inst/clkfbout_buf_xlnx_clk_gen
    MMCME2_ADV_X1Y2      MMCME2_ADV                                   f  i_xlnx_clk_gen/inst/mmcm_adv_inst/CLKFBIN
  -------------------------------------------------------------------    -------------------





Min Delay Paths
--------------------------------------------------------------------------------------
Slack:                    inf
  Source:                 i_xlnx_clk_gen/inst/mmcm_adv_inst/CLKFBOUT
                            (clock source 'clkfbout_xlnx_clk_gen'  {rise@0.000ns fall@4.000ns period=8.000ns})
  Destination:            i_xlnx_clk_gen/inst/mmcm_adv_inst/CLKFBIN
  Path Group:             (none)
  Path Type:              Min at Slow Process Corner
  Data Path Delay:        3.873ns  (logic 0.091ns (2.349%)  route 3.782ns (97.651%))
  Logic Levels:           1  (BUFG=1)
  Clock Uncertainty:      0.144ns  ((TSJ^2 + DJ^2)^1/2) / 2 + PE
    Total System Jitter     (TSJ):    0.050ns
    Discrete Jitter          (DJ):    0.080ns
    Phase Error              (PE):    0.097ns

    Location             Delay type                Incr(ns)  Path(ns)    Netlist Resource(s)
  -------------------------------------------------------------------    -------------------
                         (clock clkfbout_xlnx_clk_gen rise edge)
                                                      0.000     0.000 r  
    K17                                               0.000     0.000 r  clk_sys (IN)
                         net (fo=0)                   0.000     0.000    i_xlnx_clk_gen/inst/clk_in1
    K17                  IBUF (Prop_ibuf_I_O)         1.404     1.404 r  i_xlnx_clk_gen/inst/clkin1_ibufg/O
                         net (fo=1, routed)           1.162     2.566    i_xlnx_clk_gen/inst/clk_in1_xlnx_clk_gen
  -------------------------------------------------------------------    -------------------
    MMCME2_ADV_X1Y2      MMCME2_ADV (Prop_mmcme2_adv_CLKIN1_CLKFBOUT)
                                                     -7.814    -5.248 r  i_xlnx_clk_gen/inst/mmcm_adv_inst/CLKFBOUT
                         net (fo=1, routed)           2.012    -3.236    i_xlnx_clk_gen/inst/clkfbout_xlnx_clk_gen
    BUFGCTRL_X0Y17       BUFG (Prop_bufg_I_O)         0.091    -3.145 r  i_xlnx_clk_gen/inst/clkf_buf/O
                         net (fo=1, routed)           1.770    -1.375    i_xlnx_clk_gen/inst/clkfbout_buf_xlnx_clk_gen
    MMCME2_ADV_X1Y2      MMCME2_ADV                                   r  i_xlnx_clk_gen/inst/mmcm_adv_inst/CLKFBIN
  -------------------------------------------------------------------    -------------------





--------------------------------------------------------------------------------------
Path Group:  (none)
From Clock:  
  To Clock:  clk_out1_xlnx_clk_gen

Max Delay           843 Endpoints
Min Delay           843 Endpoints
--------------------------------------------------------------------------------------


Max Delay Paths
--------------------------------------------------------------------------------------
Slack:                    inf
  Source:                 cpu_reset
                            (input port)
  Destination:            i_dm_top/i_dm_csrs/sbdata_q_reg[0]/CLR
                            (recovery check against rising-edge clock clk_out1_xlnx_clk_gen  {rise@0.000ns fall@12.500ns period=25.000ns})
  Path Group:             (none)
  Path Type:              Recovery (Max at Slow Process Corner)
  Data Path Delay:        10.577ns  (logic 1.569ns (14.836%)  route 9.008ns (85.164%))
  Logic Levels:           1  (IBUF=1)
  Clock Path Skew:        -1.586ns (DCD - SCD + CPR)
    Destination Clock Delay (DCD):    -1.586ns
    Source Clock Delay      (SCD):    0.000ns
    Clock Pessimism Removal (CPR):    0.000ns
  Clock Uncertainty:      0.175ns  ((TSJ^2 + DJ^2)^1/2) / 2 + PE
    Total System Jitter     (TSJ):    0.050ns
    Discrete Jitter          (DJ):    0.149ns
    Phase Error              (PE):    0.097ns

    Location             Delay type                Incr(ns)  Path(ns)    Netlist Resource(s)
  -------------------------------------------------------------------    -------------------
    Y16                                               0.000     0.000 f  cpu_reset (IN)
                         net (fo=0)                   0.000     0.000    cpu_reset
    Y16                  IBUF (Prop_ibuf_I_O)         1.569     1.569 f  cpu_reset_IBUF_inst/O
                         net (fo=839, routed)         9.008    10.577    i_dm_top/i_dm_csrs/cpu_reset_IBUF
    SLICE_X74Y6          FDCE                                         f  i_dm_top/i_dm_csrs/sbdata_q_reg[0]/CLR
  -------------------------------------------------------------------    -------------------

                         (clock clk_out1_xlnx_clk_gen rise edge)
                                                      0.000     0.000 r  
    K17                                               0.000     0.000 r  clk_sys (IN)
                         net (fo=0)                   0.000     0.000    i_xlnx_clk_gen/inst/clk_in1
    K17                  IBUF (Prop_ibuf_I_O)         1.404     1.404 r  i_xlnx_clk_gen/inst/clkin1_ibufg/O
                         net (fo=1, routed)           1.162     2.566    i_xlnx_clk_gen/inst/clk_in1_xlnx_clk_gen
    MMCME2_ADV_X1Y2      MMCME2_ADV (Prop_mmcme2_adv_CLKIN1_CLKOUT0)
                                                     -7.814    -5.248 r  i_xlnx_clk_gen/inst/mmcm_adv_inst/CLKOUT0
                         net (fo=1, routed)           2.012    -3.236    i_xlnx_clk_gen/inst/clk_out1_xlnx_clk_gen
    BUFGCTRL_X0Y16       BUFG (Prop_bufg_I_O)         0.091    -3.145 r  i_xlnx_clk_gen/inst/clkout1_buf/O
                         net (fo=14914, routed)       1.559    -1.586    i_dm_top/i_dm_csrs/clk_out1
    SLICE_X74Y6          FDCE                                         r  i_dm_top/i_dm_csrs/sbdata_q_reg[0]/C

Slack:                    inf
  Source:                 cpu_reset
                            (input port)
  Destination:            i_dm_top/i_dm_csrs/sbdata_q_reg[10]/CLR
                            (recovery check against rising-edge clock clk_out1_xlnx_clk_gen  {rise@0.000ns fall@12.500ns period=25.000ns})
  Path Group:             (none)
  Path Type:              Recovery (Max at Slow Process Corner)
  Data Path Delay:        10.577ns  (logic 1.569ns (14.836%)  route 9.008ns (85.164%))
  Logic Levels:           1  (IBUF=1)
  Clock Path Skew:        -1.586ns (DCD - SCD + CPR)
    Destination Clock Delay (DCD):    -1.586ns
    Source Clock Delay      (SCD):    0.000ns
    Clock Pessimism Removal (CPR):    0.000ns
  Clock Uncertainty:      0.175ns  ((TSJ^2 + DJ^2)^1/2) / 2 + PE
    Total System Jitter     (TSJ):    0.050ns
    Discrete Jitter          (DJ):    0.149ns
    Phase Error              (PE):    0.097ns

    Location             Delay type                Incr(ns)  Path(ns)    Netlist Resource(s)
  -------------------------------------------------------------------    -------------------
    Y16                                               0.000     0.000 f  cpu_reset (IN)
                         net (fo=0)                   0.000     0.000    cpu_reset
    Y16                  IBUF (Prop_ibuf_I_O)         1.569     1.569 f  cpu_reset_IBUF_inst/O
                         net (fo=839, routed)         9.008    10.577    i_dm_top/i_dm_csrs/cpu_reset_IBUF
    SLICE_X74Y6          FDCE                                         f  i_dm_top/i_dm_csrs/sbdata_q_reg[10]/CLR
  -------------------------------------------------------------------    -------------------

                         (clock clk_out1_xlnx_clk_gen rise edge)
                                                      0.000     0.000 r  
    K17                                               0.000     0.000 r  clk_sys (IN)
                         net (fo=0)                   0.000     0.000    i_xlnx_clk_gen/inst/clk_in1
    K17                  IBUF (Prop_ibuf_I_O)         1.404     1.404 r  i_xlnx_clk_gen/inst/clkin1_ibufg/O
                         net (fo=1, routed)           1.162     2.566    i_xlnx_clk_gen/inst/clk_in1_xlnx_clk_gen
    MMCME2_ADV_X1Y2      MMCME2_ADV (Prop_mmcme2_adv_CLKIN1_CLKOUT0)
                                                     -7.814    -5.248 r  i_xlnx_clk_gen/inst/mmcm_adv_inst/CLKOUT0
                         net (fo=1, routed)           2.012    -3.236    i_xlnx_clk_gen/inst/clk_out1_xlnx_clk_gen
    BUFGCTRL_X0Y16       BUFG (Prop_bufg_I_O)         0.091    -3.145 r  i_xlnx_clk_gen/inst/clkout1_buf/O
                         net (fo=14914, routed)       1.559    -1.586    i_dm_top/i_dm_csrs/clk_out1
    SLICE_X74Y6          FDCE                                         r  i_dm_top/i_dm_csrs/sbdata_q_reg[10]/C

Slack:                    inf
  Source:                 cpu_reset
                            (input port)
  Destination:            i_dm_top/i_dm_csrs/sbdata_q_reg[2]/CLR
                            (recovery check against rising-edge clock clk_out1_xlnx_clk_gen  {rise@0.000ns fall@12.500ns period=25.000ns})
  Path Group:             (none)
  Path Type:              Recovery (Max at Slow Process Corner)
  Data Path Delay:        10.577ns  (logic 1.569ns (14.836%)  route 9.008ns (85.164%))
  Logic Levels:           1  (IBUF=1)
  Clock Path Skew:        -1.586ns (DCD - SCD + CPR)
    Destination Clock Delay (DCD):    -1.586ns
    Source Clock Delay      (SCD):    0.000ns
    Clock Pessimism Removal (CPR):    0.000ns
  Clock Uncertainty:      0.175ns  ((TSJ^2 + DJ^2)^1/2) / 2 + PE
    Total System Jitter     (TSJ):    0.050ns
    Discrete Jitter          (DJ):    0.149ns
    Phase Error              (PE):    0.097ns

    Location             Delay type                Incr(ns)  Path(ns)    Netlist Resource(s)
  -------------------------------------------------------------------    -------------------
    Y16                                               0.000     0.000 f  cpu_reset (IN)
                         net (fo=0)                   0.000     0.000    cpu_reset
    Y16                  IBUF (Prop_ibuf_I_O)         1.569     1.569 f  cpu_reset_IBUF_inst/O
                         net (fo=839, routed)         9.008    10.577    i_dm_top/i_dm_csrs/cpu_reset_IBUF
    SLICE_X74Y6          FDCE                                         f  i_dm_top/i_dm_csrs/sbdata_q_reg[2]/CLR
  -------------------------------------------------------------------    -------------------

                         (clock clk_out1_xlnx_clk_gen rise edge)
                                                      0.000     0.000 r  
    K17                                               0.000     0.000 r  clk_sys (IN)
                         net (fo=0)                   0.000     0.000    i_xlnx_clk_gen/inst/clk_in1
    K17                  IBUF (Prop_ibuf_I_O)         1.404     1.404 r  i_xlnx_clk_gen/inst/clkin1_ibufg/O
                         net (fo=1, routed)           1.162     2.566    i_xlnx_clk_gen/inst/clk_in1_xlnx_clk_gen
    MMCME2_ADV_X1Y2      MMCME2_ADV (Prop_mmcme2_adv_CLKIN1_CLKOUT0)
                                                     -7.814    -5.248 r  i_xlnx_clk_gen/inst/mmcm_adv_inst/CLKOUT0
                         net (fo=1, routed)           2.012    -3.236    i_xlnx_clk_gen/inst/clk_out1_xlnx_clk_gen
    BUFGCTRL_X0Y16       BUFG (Prop_bufg_I_O)         0.091    -3.145 r  i_xlnx_clk_gen/inst/clkout1_buf/O
                         net (fo=14914, routed)       1.559    -1.586    i_dm_top/i_dm_csrs/clk_out1
    SLICE_X74Y6          FDCE                                         r  i_dm_top/i_dm_csrs/sbdata_q_reg[2]/C

Slack:                    inf
  Source:                 cpu_reset
                            (input port)
  Destination:            i_dm_top/i_dm_csrs/sbaddr_q_reg[7]/CLR
                            (recovery check against rising-edge clock clk_out1_xlnx_clk_gen  {rise@0.000ns fall@12.500ns period=25.000ns})
  Path Group:             (none)
  Path Type:              Recovery (Max at Slow Process Corner)
  Data Path Delay:        10.573ns  (logic 1.569ns (14.842%)  route 9.003ns (85.158%))
  Logic Levels:           1  (IBUF=1)
  Clock Path Skew:        -1.586ns (DCD - SCD + CPR)
    Destination Clock Delay (DCD):    -1.586ns
    Source Clock Delay      (SCD):    0.000ns
    Clock Pessimism Removal (CPR):    0.000ns
  Clock Uncertainty:      0.175ns  ((TSJ^2 + DJ^2)^1/2) / 2 + PE
    Total System Jitter     (TSJ):    0.050ns
    Discrete Jitter          (DJ):    0.149ns
    Phase Error              (PE):    0.097ns

    Location             Delay type                Incr(ns)  Path(ns)    Netlist Resource(s)
  -------------------------------------------------------------------    -------------------
    Y16                                               0.000     0.000 f  cpu_reset (IN)
                         net (fo=0)                   0.000     0.000    cpu_reset
    Y16                  IBUF (Prop_ibuf_I_O)         1.569     1.569 f  cpu_reset_IBUF_inst/O
                         net (fo=839, routed)         9.003    10.573    i_dm_top/i_dm_csrs/cpu_reset_IBUF
    SLICE_X75Y6          FDCE                                         f  i_dm_top/i_dm_csrs/sbaddr_q_reg[7]/CLR
  -------------------------------------------------------------------    -------------------

                         (clock clk_out1_xlnx_clk_gen rise edge)
                                                      0.000     0.000 r  
    K17                                               0.000     0.000 r  clk_sys (IN)
                         net (fo=0)                   0.000     0.000    i_xlnx_clk_gen/inst/clk_in1
    K17                  IBUF (Prop_ibuf_I_O)         1.404     1.404 r  i_xlnx_clk_gen/inst/clkin1_ibufg/O
                         net (fo=1, routed)           1.162     2.566    i_xlnx_clk_gen/inst/clk_in1_xlnx_clk_gen
    MMCME2_ADV_X1Y2      MMCME2_ADV (Prop_mmcme2_adv_CLKIN1_CLKOUT0)
                                                     -7.814    -5.248 r  i_xlnx_clk_gen/inst/mmcm_adv_inst/CLKOUT0
                         net (fo=1, routed)           2.012    -3.236    i_xlnx_clk_gen/inst/clk_out1_xlnx_clk_gen
    BUFGCTRL_X0Y16       BUFG (Prop_bufg_I_O)         0.091    -3.145 r  i_xlnx_clk_gen/inst/clkout1_buf/O
                         net (fo=14914, routed)       1.559    -1.586    i_dm_top/i_dm_csrs/clk_out1
    SLICE_X75Y6          FDCE                                         r  i_dm_top/i_dm_csrs/sbaddr_q_reg[7]/C

Slack:                    inf
  Source:                 cpu_reset
                            (input port)
  Destination:            i_dm_top/i_dm_csrs/sbaddr_q_reg[8]/CLR
                            (recovery check against rising-edge clock clk_out1_xlnx_clk_gen  {rise@0.000ns fall@12.500ns period=25.000ns})
  Path Group:             (none)
  Path Type:              Recovery (Max at Slow Process Corner)
  Data Path Delay:        10.573ns  (logic 1.569ns (14.842%)  route 9.003ns (85.158%))
  Logic Levels:           1  (IBUF=1)
  Clock Path Skew:        -1.586ns (DCD - SCD + CPR)
    Destination Clock Delay (DCD):    -1.586ns
    Source Clock Delay      (SCD):    0.000ns
    Clock Pessimism Removal (CPR):    0.000ns
  Clock Uncertainty:      0.175ns  ((TSJ^2 + DJ^2)^1/2) / 2 + PE
    Total System Jitter     (TSJ):    0.050ns
    Discrete Jitter          (DJ):    0.149ns
    Phase Error              (PE):    0.097ns

    Location             Delay type                Incr(ns)  Path(ns)    Netlist Resource(s)
  -------------------------------------------------------------------    -------------------
    Y16                                               0.000     0.000 f  cpu_reset (IN)
                         net (fo=0)                   0.000     0.000    cpu_reset
    Y16                  IBUF (Prop_ibuf_I_O)         1.569     1.569 f  cpu_reset_IBUF_inst/O
                         net (fo=839, routed)         9.003    10.573    i_dm_top/i_dm_csrs/cpu_reset_IBUF
    SLICE_X75Y6          FDCE                                         f  i_dm_top/i_dm_csrs/sbaddr_q_reg[8]/CLR
  -------------------------------------------------------------------    -------------------

                         (clock clk_out1_xlnx_clk_gen rise edge)
                                                      0.000     0.000 r  
    K17                                               0.000     0.000 r  clk_sys (IN)
                         net (fo=0)                   0.000     0.000    i_xlnx_clk_gen/inst/clk_in1
    K17                  IBUF (Prop_ibuf_I_O)         1.404     1.404 r  i_xlnx_clk_gen/inst/clkin1_ibufg/O
                         net (fo=1, routed)           1.162     2.566    i_xlnx_clk_gen/inst/clk_in1_xlnx_clk_gen
    MMCME2_ADV_X1Y2      MMCME2_ADV (Prop_mmcme2_adv_CLKIN1_CLKOUT0)
                                                     -7.814    -5.248 r  i_xlnx_clk_gen/inst/mmcm_adv_inst/CLKOUT0
                         net (fo=1, routed)           2.012    -3.236    i_xlnx_clk_gen/inst/clk_out1_xlnx_clk_gen
    BUFGCTRL_X0Y16       BUFG (Prop_bufg_I_O)         0.091    -3.145 r  i_xlnx_clk_gen/inst/clkout1_buf/O
                         net (fo=14914, routed)       1.559    -1.586    i_dm_top/i_dm_csrs/clk_out1
    SLICE_X75Y6          FDCE                                         r  i_dm_top/i_dm_csrs/sbaddr_q_reg[8]/C

Slack:                    inf
  Source:                 cpu_reset
                            (input port)
  Destination:            i_dm_top/i_dm_csrs/data_q_reg[0][24]/CLR
                            (recovery check against rising-edge clock clk_out1_xlnx_clk_gen  {rise@0.000ns fall@12.500ns period=25.000ns})
  Path Group:             (none)
  Path Type:              Recovery (Max at Slow Process Corner)
  Data Path Delay:        10.501ns  (logic 1.569ns (14.943%)  route 8.932ns (85.057%))
  Logic Levels:           1  (IBUF=1)
  Clock Path Skew:        -1.587ns (DCD - SCD + CPR)
    Destination Clock Delay (DCD):    -1.587ns
    Source Clock Delay      (SCD):    0.000ns
    Clock Pessimism Removal (CPR):    0.000ns
  Clock Uncertainty:      0.175ns  ((TSJ^2 + DJ^2)^1/2) / 2 + PE
    Total System Jitter     (TSJ):    0.050ns
    Discrete Jitter          (DJ):    0.149ns
    Phase Error              (PE):    0.097ns

    Location             Delay type                Incr(ns)  Path(ns)    Netlist Resource(s)
  -------------------------------------------------------------------    -------------------
    Y16                                               0.000     0.000 f  cpu_reset (IN)
                         net (fo=0)                   0.000     0.000    cpu_reset
    Y16                  IBUF (Prop_ibuf_I_O)         1.569     1.569 f  cpu_reset_IBUF_inst/O
                         net (fo=839, routed)         8.932    10.501    i_dm_top/i_dm_csrs/cpu_reset_IBUF
    SLICE_X74Y8          FDCE                                         f  i_dm_top/i_dm_csrs/data_q_reg[0][24]/CLR
  -------------------------------------------------------------------    -------------------

                         (clock clk_out1_xlnx_clk_gen rise edge)
                                                      0.000     0.000 r  
    K17                                               0.000     0.000 r  clk_sys (IN)
                         net (fo=0)                   0.000     0.000    i_xlnx_clk_gen/inst/clk_in1
    K17                  IBUF (Prop_ibuf_I_O)         1.404     1.404 r  i_xlnx_clk_gen/inst/clkin1_ibufg/O
                         net (fo=1, routed)           1.162     2.566    i_xlnx_clk_gen/inst/clk_in1_xlnx_clk_gen
    MMCME2_ADV_X1Y2      MMCME2_ADV (Prop_mmcme2_adv_CLKIN1_CLKOUT0)
                                                     -7.814    -5.248 r  i_xlnx_clk_gen/inst/mmcm_adv_inst/CLKOUT0
                         net (fo=1, routed)           2.012    -3.236    i_xlnx_clk_gen/inst/clk_out1_xlnx_clk_gen
    BUFGCTRL_X0Y16       BUFG (Prop_bufg_I_O)         0.091    -3.145 r  i_xlnx_clk_gen/inst/clkout1_buf/O
                         net (fo=14914, routed)       1.558    -1.587    i_dm_top/i_dm_csrs/clk_out1
    SLICE_X74Y8          FDCE                                         r  i_dm_top/i_dm_csrs/data_q_reg[0][24]/C

Slack:                    inf
  Source:                 cpu_reset
                            (input port)
  Destination:            i_dm_top/i_dm_csrs/data_q_reg[0][25]/CLR
                            (recovery check against rising-edge clock clk_out1_xlnx_clk_gen  {rise@0.000ns fall@12.500ns period=25.000ns})
  Path Group:             (none)
  Path Type:              Recovery (Max at Slow Process Corner)
  Data Path Delay:        10.501ns  (logic 1.569ns (14.943%)  route 8.932ns (85.057%))
  Logic Levels:           1  (IBUF=1)
  Clock Path Skew:        -1.587ns (DCD - SCD + CPR)
    Destination Clock Delay (DCD):    -1.587ns
    Source Clock Delay      (SCD):    0.000ns
    Clock Pessimism Removal (CPR):    0.000ns
  Clock Uncertainty:      0.175ns  ((TSJ^2 + DJ^2)^1/2) / 2 + PE
    Total System Jitter     (TSJ):    0.050ns
    Discrete Jitter          (DJ):    0.149ns
    Phase Error              (PE):    0.097ns

    Location             Delay type                Incr(ns)  Path(ns)    Netlist Resource(s)
  -------------------------------------------------------------------    -------------------
    Y16                                               0.000     0.000 f  cpu_reset (IN)
                         net (fo=0)                   0.000     0.000    cpu_reset
    Y16                  IBUF (Prop_ibuf_I_O)         1.569     1.569 f  cpu_reset_IBUF_inst/O
                         net (fo=839, routed)         8.932    10.501    i_dm_top/i_dm_csrs/cpu_reset_IBUF
    SLICE_X74Y8          FDCE                                         f  i_dm_top/i_dm_csrs/data_q_reg[0][25]/CLR
  -------------------------------------------------------------------    -------------------

                         (clock clk_out1_xlnx_clk_gen rise edge)
                                                      0.000     0.000 r  
    K17                                               0.000     0.000 r  clk_sys (IN)
                         net (fo=0)                   0.000     0.000    i_xlnx_clk_gen/inst/clk_in1
    K17                  IBUF (Prop_ibuf_I_O)         1.404     1.404 r  i_xlnx_clk_gen/inst/clkin1_ibufg/O
                         net (fo=1, routed)           1.162     2.566    i_xlnx_clk_gen/inst/clk_in1_xlnx_clk_gen
    MMCME2_ADV_X1Y2      MMCME2_ADV (Prop_mmcme2_adv_CLKIN1_CLKOUT0)
                                                     -7.814    -5.248 r  i_xlnx_clk_gen/inst/mmcm_adv_inst/CLKOUT0
                         net (fo=1, routed)           2.012    -3.236    i_xlnx_clk_gen/inst/clk_out1_xlnx_clk_gen
    BUFGCTRL_X0Y16       BUFG (Prop_bufg_I_O)         0.091    -3.145 r  i_xlnx_clk_gen/inst/clkout1_buf/O
                         net (fo=14914, routed)       1.558    -1.587    i_dm_top/i_dm_csrs/clk_out1
    SLICE_X74Y8          FDCE                                         r  i_dm_top/i_dm_csrs/data_q_reg[0][25]/C

Slack:                    inf
  Source:                 cpu_reset
                            (input port)
  Destination:            i_dm_top/i_dm_csrs/data_q_reg[0][27]/CLR
                            (recovery check against rising-edge clock clk_out1_xlnx_clk_gen  {rise@0.000ns fall@12.500ns period=25.000ns})
  Path Group:             (none)
  Path Type:              Recovery (Max at Slow Process Corner)
  Data Path Delay:        10.501ns  (logic 1.569ns (14.943%)  route 8.932ns (85.057%))
  Logic Levels:           1  (IBUF=1)
  Clock Path Skew:        -1.587ns (DCD - SCD + CPR)
    Destination Clock Delay (DCD):    -1.587ns
    Source Clock Delay      (SCD):    0.000ns
    Clock Pessimism Removal (CPR):    0.000ns
  Clock Uncertainty:      0.175ns  ((TSJ^2 + DJ^2)^1/2) / 2 + PE
    Total System Jitter     (TSJ):    0.050ns
    Discrete Jitter          (DJ):    0.149ns
    Phase Error              (PE):    0.097ns

    Location             Delay type                Incr(ns)  Path(ns)    Netlist Resource(s)
  -------------------------------------------------------------------    -------------------
    Y16                                               0.000     0.000 f  cpu_reset (IN)
                         net (fo=0)                   0.000     0.000    cpu_reset
    Y16                  IBUF (Prop_ibuf_I_O)         1.569     1.569 f  cpu_reset_IBUF_inst/O
                         net (fo=839, routed)         8.932    10.501    i_dm_top/i_dm_csrs/cpu_reset_IBUF
    SLICE_X74Y8          FDCE                                         f  i_dm_top/i_dm_csrs/data_q_reg[0][27]/CLR
  -------------------------------------------------------------------    -------------------

                         (clock clk_out1_xlnx_clk_gen rise edge)
                                                      0.000     0.000 r  
    K17                                               0.000     0.000 r  clk_sys (IN)
                         net (fo=0)                   0.000     0.000    i_xlnx_clk_gen/inst/clk_in1
    K17                  IBUF (Prop_ibuf_I_O)         1.404     1.404 r  i_xlnx_clk_gen/inst/clkin1_ibufg/O
                         net (fo=1, routed)           1.162     2.566    i_xlnx_clk_gen/inst/clk_in1_xlnx_clk_gen
    MMCME2_ADV_X1Y2      MMCME2_ADV (Prop_mmcme2_adv_CLKIN1_CLKOUT0)
                                                     -7.814    -5.248 r  i_xlnx_clk_gen/inst/mmcm_adv_inst/CLKOUT0
                         net (fo=1, routed)           2.012    -3.236    i_xlnx_clk_gen/inst/clk_out1_xlnx_clk_gen
    BUFGCTRL_X0Y16       BUFG (Prop_bufg_I_O)         0.091    -3.145 r  i_xlnx_clk_gen/inst/clkout1_buf/O
                         net (fo=14914, routed)       1.558    -1.587    i_dm_top/i_dm_csrs/clk_out1
    SLICE_X74Y8          FDCE                                         r  i_dm_top/i_dm_csrs/data_q_reg[0][27]/C

Slack:                    inf
  Source:                 cpu_reset
                            (input port)
  Destination:            i_dm_top/i_dm_csrs/data_q_reg[0][31]/CLR
                            (recovery check against rising-edge clock clk_out1_xlnx_clk_gen  {rise@0.000ns fall@12.500ns period=25.000ns})
  Path Group:             (none)
  Path Type:              Recovery (Max at Slow Process Corner)
  Data Path Delay:        10.501ns  (logic 1.569ns (14.943%)  route 8.932ns (85.057%))
  Logic Levels:           1  (IBUF=1)
  Clock Path Skew:        -1.587ns (DCD - SCD + CPR)
    Destination Clock Delay (DCD):    -1.587ns
    Source Clock Delay      (SCD):    0.000ns
    Clock Pessimism Removal (CPR):    0.000ns
  Clock Uncertainty:      0.175ns  ((TSJ^2 + DJ^2)^1/2) / 2 + PE
    Total System Jitter     (TSJ):    0.050ns
    Discrete Jitter          (DJ):    0.149ns
    Phase Error              (PE):    0.097ns

    Location             Delay type                Incr(ns)  Path(ns)    Netlist Resource(s)
  -------------------------------------------------------------------    -------------------
    Y16                                               0.000     0.000 f  cpu_reset (IN)
                         net (fo=0)                   0.000     0.000    cpu_reset
    Y16                  IBUF (Prop_ibuf_I_O)         1.569     1.569 f  cpu_reset_IBUF_inst/O
                         net (fo=839, routed)         8.932    10.501    i_dm_top/i_dm_csrs/cpu_reset_IBUF
    SLICE_X74Y8          FDCE                                         f  i_dm_top/i_dm_csrs/data_q_reg[0][31]/CLR
  -------------------------------------------------------------------    -------------------

                         (clock clk_out1_xlnx_clk_gen rise edge)
                                                      0.000     0.000 r  
    K17                                               0.000     0.000 r  clk_sys (IN)
                         net (fo=0)                   0.000     0.000    i_xlnx_clk_gen/inst/clk_in1
    K17                  IBUF (Prop_ibuf_I_O)         1.404     1.404 r  i_xlnx_clk_gen/inst/clkin1_ibufg/O
                         net (fo=1, routed)           1.162     2.566    i_xlnx_clk_gen/inst/clk_in1_xlnx_clk_gen
    MMCME2_ADV_X1Y2      MMCME2_ADV (Prop_mmcme2_adv_CLKIN1_CLKOUT0)
                                                     -7.814    -5.248 r  i_xlnx_clk_gen/inst/mmcm_adv_inst/CLKOUT0
                         net (fo=1, routed)           2.012    -3.236    i_xlnx_clk_gen/inst/clk_out1_xlnx_clk_gen
    BUFGCTRL_X0Y16       BUFG (Prop_bufg_I_O)         0.091    -3.145 r  i_xlnx_clk_gen/inst/clkout1_buf/O
                         net (fo=14914, routed)       1.558    -1.587    i_dm_top/i_dm_csrs/clk_out1
    SLICE_X74Y8          FDCE                                         r  i_dm_top/i_dm_csrs/data_q_reg[0][31]/C

Slack:                    inf
  Source:                 cpu_reset
                            (input port)
  Destination:            i_dm_top/i_dm_csrs/data_q_reg[0][26]/CLR
                            (recovery check against rising-edge clock clk_out1_xlnx_clk_gen  {rise@0.000ns fall@12.500ns period=25.000ns})
  Path Group:             (none)
  Path Type:              Recovery (Max at Slow Process Corner)
  Data Path Delay:        10.497ns  (logic 1.569ns (14.949%)  route 8.927ns (85.051%))
  Logic Levels:           1  (IBUF=1)
  Clock Path Skew:        -1.587ns (DCD - SCD + CPR)
    Destination Clock Delay (DCD):    -1.587ns
    Source Clock Delay      (SCD):    0.000ns
    Clock Pessimism Removal (CPR):    0.000ns
  Clock Uncertainty:      0.175ns  ((TSJ^2 + DJ^2)^1/2) / 2 + PE
    Total System Jitter     (TSJ):    0.050ns
    Discrete Jitter          (DJ):    0.149ns
    Phase Error              (PE):    0.097ns

    Location             Delay type                Incr(ns)  Path(ns)    Netlist Resource(s)
  -------------------------------------------------------------------    -------------------
    Y16                                               0.000     0.000 f  cpu_reset (IN)
                         net (fo=0)                   0.000     0.000    cpu_reset
    Y16                  IBUF (Prop_ibuf_I_O)         1.569     1.569 f  cpu_reset_IBUF_inst/O
                         net (fo=839, routed)         8.927    10.497    i_dm_top/i_dm_csrs/cpu_reset_IBUF
    SLICE_X75Y8          FDCE                                         f  i_dm_top/i_dm_csrs/data_q_reg[0][26]/CLR
  -------------------------------------------------------------------    -------------------

                         (clock clk_out1_xlnx_clk_gen rise edge)
                                                      0.000     0.000 r  
    K17                                               0.000     0.000 r  clk_sys (IN)
                         net (fo=0)                   0.000     0.000    i_xlnx_clk_gen/inst/clk_in1
    K17                  IBUF (Prop_ibuf_I_O)         1.404     1.404 r  i_xlnx_clk_gen/inst/clkin1_ibufg/O
                         net (fo=1, routed)           1.162     2.566    i_xlnx_clk_gen/inst/clk_in1_xlnx_clk_gen
    MMCME2_ADV_X1Y2      MMCME2_ADV (Prop_mmcme2_adv_CLKIN1_CLKOUT0)
                                                     -7.814    -5.248 r  i_xlnx_clk_gen/inst/mmcm_adv_inst/CLKOUT0
                         net (fo=1, routed)           2.012    -3.236    i_xlnx_clk_gen/inst/clk_out1_xlnx_clk_gen
    BUFGCTRL_X0Y16       BUFG (Prop_bufg_I_O)         0.091    -3.145 r  i_xlnx_clk_gen/inst/clkout1_buf/O
                         net (fo=14914, routed)       1.558    -1.587    i_dm_top/i_dm_csrs/clk_out1
    SLICE_X75Y8          FDCE                                         r  i_dm_top/i_dm_csrs/data_q_reg[0][26]/C





Min Delay Paths
--------------------------------------------------------------------------------------
Slack:                    inf
  Source:                 i_xlnx_clk_gen/inst/mmcm_adv_inst/LOCKED
                            (internal pin)
  Destination:            i_rstgen_main/i_rstgen_bypass/synch_regs_q_reg[1]/CLR
                            (removal check against rising-edge clock clk_out1_xlnx_clk_gen  {rise@0.000ns fall@12.500ns period=25.000ns})
  Path Group:             (none)
  Path Type:              Removal (Min at Fast Process Corner)
  Data Path Delay:        1.694ns  (logic 0.045ns (2.657%)  route 1.649ns (97.343%))
  Logic Levels:           1  (LUT2=1)
  Clock Uncertainty:      0.175ns  ((TSJ^2 + DJ^2)^1/2) / 2 + PE
    Total System Jitter     (TSJ):    0.050ns
    Discrete Jitter          (DJ):    0.149ns
    Phase Error              (PE):    0.097ns

    Location             Delay type                Incr(ns)  Path(ns)    Netlist Resource(s)
  -------------------------------------------------------------------    -------------------
    MMCME2_ADV_X1Y2      MMCME2_ADV                   0.000     0.000 r  i_xlnx_clk_gen/inst/mmcm_adv_inst/LOCKED
                         net (fo=1, routed)           1.466     1.466    i_dm_top/i_dm_csrs/locked
    SLICE_X97Y13         LUT2 (Prop_lut2_I1_O)        0.045     1.511 f  i_dm_top/i_dm_csrs/synch_regs_q[3]_i_1/O
                         net (fo=4, routed)           0.183     1.694    i_rstgen_main/i_rstgen_bypass/synch_regs_q_reg[3]_1
    SLICE_X94Y12         FDCE                                         f  i_rstgen_main/i_rstgen_bypass/synch_regs_q_reg[1]/CLR
  -------------------------------------------------------------------    -------------------

                         (clock clk_out1_xlnx_clk_gen rise edge)
                                                      0.000     0.000 r  
    K17                                               0.000     0.000 r  clk_sys (IN)
                         net (fo=0)                   0.000     0.000    i_xlnx_clk_gen/inst/clk_in1
    K17                  IBUF (Prop_ibuf_I_O)         0.431     0.431 r  i_xlnx_clk_gen/inst/clkin1_ibufg/O
                         net (fo=1, routed)           0.480     0.911    i_xlnx_clk_gen/inst/clk_in1_xlnx_clk_gen
    MMCME2_ADV_X1Y2      MMCME2_ADV (Prop_mmcme2_adv_CLKIN1_CLKOUT0)
                                                     -3.407    -2.496 r  i_xlnx_clk_gen/inst/mmcm_adv_inst/CLKOUT0
                         net (fo=1, routed)           0.752    -1.744    i_xlnx_clk_gen/inst/clk_out1_xlnx_clk_gen
    BUFGCTRL_X0Y16       BUFG (Prop_bufg_I_O)         0.029    -1.715 r  i_xlnx_clk_gen/inst/clkout1_buf/O
                         net (fo=14914, routed)       0.879    -0.836    i_rstgen_main/i_rstgen_bypass/clk_out1
    SLICE_X94Y12         FDCE                                         r  i_rstgen_main/i_rstgen_bypass/synch_regs_q_reg[1]/C

Slack:                    inf
  Source:                 i_xlnx_clk_gen/inst/mmcm_adv_inst/LOCKED
                            (internal pin)
  Destination:            i_rstgen_main/i_rstgen_bypass/synch_regs_q_reg[0]/CLR
                            (removal check against rising-edge clock clk_out1_xlnx_clk_gen  {rise@0.000ns fall@12.500ns period=25.000ns})
  Path Group:             (none)
  Path Type:              Removal (Min at Fast Process Corner)
  Data Path Delay:        1.754ns  (logic 0.045ns (2.566%)  route 1.709ns (97.434%))
  Logic Levels:           1  (LUT2=1)
  Clock Uncertainty:      0.175ns  ((TSJ^2 + DJ^2)^1/2) / 2 + PE
    Total System Jitter     (TSJ):    0.050ns
    Discrete Jitter          (DJ):    0.149ns
    Phase Error              (PE):    0.097ns

    Location             Delay type                Incr(ns)  Path(ns)    Netlist Resource(s)
  -------------------------------------------------------------------    -------------------
    MMCME2_ADV_X1Y2      MMCME2_ADV                   0.000     0.000 r  i_xlnx_clk_gen/inst/mmcm_adv_inst/LOCKED
                         net (fo=1, routed)           1.466     1.466    i_dm_top/i_dm_csrs/locked
    SLICE_X97Y13         LUT2 (Prop_lut2_I1_O)        0.045     1.511 f  i_dm_top/i_dm_csrs/synch_regs_q[3]_i_1/O
                         net (fo=4, routed)           0.243     1.754    i_rstgen_main/i_rstgen_bypass/synch_regs_q_reg[3]_1
    SLICE_X98Y12         FDCE                                         f  i_rstgen_main/i_rstgen_bypass/synch_regs_q_reg[0]/CLR
  -------------------------------------------------------------------    -------------------

                         (clock clk_out1_xlnx_clk_gen rise edge)
                                                      0.000     0.000 r  
    K17                                               0.000     0.000 r  clk_sys (IN)
                         net (fo=0)                   0.000     0.000    i_xlnx_clk_gen/inst/clk_in1
    K17                  IBUF (Prop_ibuf_I_O)         0.431     0.431 r  i_xlnx_clk_gen/inst/clkin1_ibufg/O
                         net (fo=1, routed)           0.480     0.911    i_xlnx_clk_gen/inst/clk_in1_xlnx_clk_gen
    MMCME2_ADV_X1Y2      MMCME2_ADV (Prop_mmcme2_adv_CLKIN1_CLKOUT0)
                                                     -3.407    -2.496 r  i_xlnx_clk_gen/inst/mmcm_adv_inst/CLKOUT0
                         net (fo=1, routed)           0.752    -1.744    i_xlnx_clk_gen/inst/clk_out1_xlnx_clk_gen
    BUFGCTRL_X0Y16       BUFG (Prop_bufg_I_O)         0.029    -1.715 r  i_xlnx_clk_gen/inst/clkout1_buf/O
                         net (fo=14914, routed)       0.879    -0.836    i_rstgen_main/i_rstgen_bypass/clk_out1
    SLICE_X98Y12         FDCE                                         r  i_rstgen_main/i_rstgen_bypass/synch_regs_q_reg[0]/C

Slack:                    inf
  Source:                 cpu_reset
                            (input port)
  Destination:            i_dm_axi_master/FSM_sequential_state_q_reg[1]/CLR
                            (removal check against rising-edge clock clk_out1_xlnx_clk_gen  {rise@0.000ns fall@12.500ns period=25.000ns})
  Path Group:             (none)
  Path Type:              Removal (Min at Fast Process Corner)
  Data Path Delay:        1.796ns  (logic 0.336ns (18.714%)  route 1.460ns (81.286%))
  Logic Levels:           1  (IBUF=1)
  Clock Path Skew:        -0.872ns (DCD - SCD - CPR)
    Destination Clock Delay (DCD):    -0.872ns
    Source Clock Delay      (SCD):    0.000ns
    Clock Pessimism Removal (CPR):    -0.000ns

    Location             Delay type                Incr(ns)  Path(ns)    Netlist Resource(s)
  -------------------------------------------------------------------    -------------------
    Y16                                               0.000     0.000 f  cpu_reset (IN)
                         net (fo=0)                   0.000     0.000    cpu_reset
    Y16                  IBUF (Prop_ibuf_I_O)         0.336     0.336 f  cpu_reset_IBUF_inst/O
                         net (fo=839, routed)         1.460     1.796    i_dm_axi_master/cpu_reset_IBUF
    SLICE_X88Y26         FDCE                                         f  i_dm_axi_master/FSM_sequential_state_q_reg[1]/CLR
  -------------------------------------------------------------------    -------------------

                         (clock clk_out1_xlnx_clk_gen rise edge)
                                                      0.000     0.000 r  
    K17                                               0.000     0.000 r  clk_sys (IN)
                         net (fo=0)                   0.000     0.000    i_xlnx_clk_gen/inst/clk_in1
    K17                  IBUF (Prop_ibuf_I_O)         0.431     0.431 r  i_xlnx_clk_gen/inst/clkin1_ibufg/O
                         net (fo=1, routed)           0.480     0.911    i_xlnx_clk_gen/inst/clk_in1_xlnx_clk_gen
    MMCME2_ADV_X1Y2      MMCME2_ADV (Prop_mmcme2_adv_CLKIN1_CLKOUT0)
                                                     -3.407    -2.496 r  i_xlnx_clk_gen/inst/mmcm_adv_inst/CLKOUT0
                         net (fo=1, routed)           0.752    -1.744    i_xlnx_clk_gen/inst/clk_out1_xlnx_clk_gen
    BUFGCTRL_X0Y16       BUFG (Prop_bufg_I_O)         0.029    -1.715 r  i_xlnx_clk_gen/inst/clkout1_buf/O
                         net (fo=14914, routed)       0.843    -0.872    i_dm_axi_master/clk_out1
    SLICE_X88Y26         FDCE                                         r  i_dm_axi_master/FSM_sequential_state_q_reg[1]/C

Slack:                    inf
  Source:                 cpu_reset
                            (input port)
  Destination:            i_dm_axi_master/FSM_sequential_state_q_reg[2]/CLR
                            (removal check against rising-edge clock clk_out1_xlnx_clk_gen  {rise@0.000ns fall@12.500ns period=25.000ns})
  Path Group:             (none)
  Path Type:              Removal (Min at Fast Process Corner)
  Data Path Delay:        1.796ns  (logic 0.336ns (18.714%)  route 1.460ns (81.286%))
  Logic Levels:           1  (IBUF=1)
  Clock Path Skew:        -0.872ns (DCD - SCD - CPR)
    Destination Clock Delay (DCD):    -0.872ns
    Source Clock Delay      (SCD):    0.000ns
    Clock Pessimism Removal (CPR):    -0.000ns

    Location             Delay type                Incr(ns)  Path(ns)    Netlist Resource(s)
  -------------------------------------------------------------------    -------------------
    Y16                                               0.000     0.000 f  cpu_reset (IN)
                         net (fo=0)                   0.000     0.000    cpu_reset
    Y16                  IBUF (Prop_ibuf_I_O)         0.336     0.336 f  cpu_reset_IBUF_inst/O
                         net (fo=839, routed)         1.460     1.796    i_dm_axi_master/cpu_reset_IBUF
    SLICE_X88Y26         FDCE                                         f  i_dm_axi_master/FSM_sequential_state_q_reg[2]/CLR
  -------------------------------------------------------------------    -------------------

                         (clock clk_out1_xlnx_clk_gen rise edge)
                                                      0.000     0.000 r  
    K17                                               0.000     0.000 r  clk_sys (IN)
                         net (fo=0)                   0.000     0.000    i_xlnx_clk_gen/inst/clk_in1
    K17                  IBUF (Prop_ibuf_I_O)         0.431     0.431 r  i_xlnx_clk_gen/inst/clkin1_ibufg/O
                         net (fo=1, routed)           0.480     0.911    i_xlnx_clk_gen/inst/clk_in1_xlnx_clk_gen
    MMCME2_ADV_X1Y2      MMCME2_ADV (Prop_mmcme2_adv_CLKIN1_CLKOUT0)
                                                     -3.407    -2.496 r  i_xlnx_clk_gen/inst/mmcm_adv_inst/CLKOUT0
                         net (fo=1, routed)           0.752    -1.744    i_xlnx_clk_gen/inst/clk_out1_xlnx_clk_gen
    BUFGCTRL_X0Y16       BUFG (Prop_bufg_I_O)         0.029    -1.715 r  i_xlnx_clk_gen/inst/clkout1_buf/O
                         net (fo=14914, routed)       0.843    -0.872    i_dm_axi_master/clk_out1
    SLICE_X88Y26         FDCE                                         r  i_dm_axi_master/FSM_sequential_state_q_reg[2]/C

Slack:                    inf
  Source:                 cpu_reset
                            (input port)
  Destination:            i_dm_axi_master/FSM_sequential_state_q_reg[3]/CLR
                            (removal check against rising-edge clock clk_out1_xlnx_clk_gen  {rise@0.000ns fall@12.500ns period=25.000ns})
  Path Group:             (none)
  Path Type:              Removal (Min at Fast Process Corner)
  Data Path Delay:        1.796ns  (logic 0.336ns (18.714%)  route 1.460ns (81.286%))
  Logic Levels:           1  (IBUF=1)
  Clock Path Skew:        -0.872ns (DCD - SCD - CPR)
    Destination Clock Delay (DCD):    -0.872ns
    Source Clock Delay      (SCD):    0.000ns
    Clock Pessimism Removal (CPR):    -0.000ns

    Location             Delay type                Incr(ns)  Path(ns)    Netlist Resource(s)
  -------------------------------------------------------------------    -------------------
    Y16                                               0.000     0.000 f  cpu_reset (IN)
                         net (fo=0)                   0.000     0.000    cpu_reset
    Y16                  IBUF (Prop_ibuf_I_O)         0.336     0.336 f  cpu_reset_IBUF_inst/O
                         net (fo=839, routed)         1.460     1.796    i_dm_axi_master/cpu_reset_IBUF
    SLICE_X88Y26         FDCE                                         f  i_dm_axi_master/FSM_sequential_state_q_reg[3]/CLR
  -------------------------------------------------------------------    -------------------

                         (clock clk_out1_xlnx_clk_gen rise edge)
                                                      0.000     0.000 r  
    K17                                               0.000     0.000 r  clk_sys (IN)
                         net (fo=0)                   0.000     0.000    i_xlnx_clk_gen/inst/clk_in1
    K17                  IBUF (Prop_ibuf_I_O)         0.431     0.431 r  i_xlnx_clk_gen/inst/clkin1_ibufg/O
                         net (fo=1, routed)           0.480     0.911    i_xlnx_clk_gen/inst/clk_in1_xlnx_clk_gen
    MMCME2_ADV_X1Y2      MMCME2_ADV (Prop_mmcme2_adv_CLKIN1_CLKOUT0)
                                                     -3.407    -2.496 r  i_xlnx_clk_gen/inst/mmcm_adv_inst/CLKOUT0
                         net (fo=1, routed)           0.752    -1.744    i_xlnx_clk_gen/inst/clk_out1_xlnx_clk_gen
    BUFGCTRL_X0Y16       BUFG (Prop_bufg_I_O)         0.029    -1.715 r  i_xlnx_clk_gen/inst/clkout1_buf/O
                         net (fo=14914, routed)       0.843    -0.872    i_dm_axi_master/clk_out1
    SLICE_X88Y26         FDCE                                         r  i_dm_axi_master/FSM_sequential_state_q_reg[3]/C

Slack:                    inf
  Source:                 i_xlnx_clk_gen/inst/mmcm_adv_inst/LOCKED
                            (internal pin)
  Destination:            i_rstgen_main/i_rstgen_bypass/synch_regs_q_reg[2]/CLR
                            (removal check against rising-edge clock clk_out1_xlnx_clk_gen  {rise@0.000ns fall@12.500ns period=25.000ns})
  Path Group:             (none)
  Path Type:              Removal (Min at Fast Process Corner)
  Data Path Delay:        1.821ns  (logic 0.045ns (2.472%)  route 1.776ns (97.528%))
  Logic Levels:           1  (LUT2=1)
  Clock Uncertainty:      0.175ns  ((TSJ^2 + DJ^2)^1/2) / 2 + PE
    Total System Jitter     (TSJ):    0.050ns
    Discrete Jitter          (DJ):    0.149ns
    Phase Error              (PE):    0.097ns

    Location             Delay type                Incr(ns)  Path(ns)    Netlist Resource(s)
  -------------------------------------------------------------------    -------------------
    MMCME2_ADV_X1Y2      MMCME2_ADV                   0.000     0.000 r  i_xlnx_clk_gen/inst/mmcm_adv_inst/LOCKED
                         net (fo=1, routed)           1.466     1.466    i_dm_top/i_dm_csrs/locked
    SLICE_X97Y13         LUT2 (Prop_lut2_I1_O)        0.045     1.511 f  i_dm_top/i_dm_csrs/synch_regs_q[3]_i_1/O
                         net (fo=4, routed)           0.310     1.821    i_rstgen_main/i_rstgen_bypass/synch_regs_q_reg[3]_1
    SLICE_X94Y17         FDCE                                         f  i_rstgen_main/i_rstgen_bypass/synch_regs_q_reg[2]/CLR
  -------------------------------------------------------------------    -------------------

                         (clock clk_out1_xlnx_clk_gen rise edge)
                                                      0.000     0.000 r  
    K17                                               0.000     0.000 r  clk_sys (IN)
                         net (fo=0)                   0.000     0.000    i_xlnx_clk_gen/inst/clk_in1
    K17                  IBUF (Prop_ibuf_I_O)         0.431     0.431 r  i_xlnx_clk_gen/inst/clkin1_ibufg/O
                         net (fo=1, routed)           0.480     0.911    i_xlnx_clk_gen/inst/clk_in1_xlnx_clk_gen
    MMCME2_ADV_X1Y2      MMCME2_ADV (Prop_mmcme2_adv_CLKIN1_CLKOUT0)
                                                     -3.407    -2.496 r  i_xlnx_clk_gen/inst/mmcm_adv_inst/CLKOUT0
                         net (fo=1, routed)           0.752    -1.744    i_xlnx_clk_gen/inst/clk_out1_xlnx_clk_gen
    BUFGCTRL_X0Y16       BUFG (Prop_bufg_I_O)         0.029    -1.715 r  i_xlnx_clk_gen/inst/clkout1_buf/O
                         net (fo=14914, routed)       0.875    -0.840    i_rstgen_main/i_rstgen_bypass/clk_out1
    SLICE_X94Y17         FDCE                                         r  i_rstgen_main/i_rstgen_bypass/synch_regs_q_reg[2]/C

Slack:                    inf
  Source:                 cpu_reset
                            (input port)
  Destination:            i_dm_axi2mem/cnt_q_reg[6]/CLR
                            (removal check against rising-edge clock clk_out1_xlnx_clk_gen  {rise@0.000ns fall@12.500ns period=25.000ns})
  Path Group:             (none)
  Path Type:              Removal (Min at Fast Process Corner)
  Data Path Delay:        1.852ns  (logic 0.336ns (18.149%)  route 1.516ns (81.851%))
  Logic Levels:           1  (IBUF=1)
  Clock Path Skew:        -0.834ns (DCD - SCD - CPR)
    Destination Clock Delay (DCD):    -0.834ns
    Source Clock Delay      (SCD):    0.000ns
    Clock Pessimism Removal (CPR):    -0.000ns

    Location             Delay type                Incr(ns)  Path(ns)    Netlist Resource(s)
  -------------------------------------------------------------------    -------------------
    Y16                                               0.000     0.000 f  cpu_reset (IN)
                         net (fo=0)                   0.000     0.000    cpu_reset
    Y16                  IBUF (Prop_ibuf_I_O)         0.336     0.336 f  cpu_reset_IBUF_inst/O
                         net (fo=839, routed)         1.516     1.852    i_dm_axi2mem/cpu_reset_IBUF
    SLICE_X94Y11         FDCE                                         f  i_dm_axi2mem/cnt_q_reg[6]/CLR
  -------------------------------------------------------------------    -------------------

                         (clock clk_out1_xlnx_clk_gen rise edge)
                                                      0.000     0.000 r  
    K17                                               0.000     0.000 r  clk_sys (IN)
                         net (fo=0)                   0.000     0.000    i_xlnx_clk_gen/inst/clk_in1
    K17                  IBUF (Prop_ibuf_I_O)         0.431     0.431 r  i_xlnx_clk_gen/inst/clkin1_ibufg/O
                         net (fo=1, routed)           0.480     0.911    i_xlnx_clk_gen/inst/clk_in1_xlnx_clk_gen
    MMCME2_ADV_X1Y2      MMCME2_ADV (Prop_mmcme2_adv_CLKIN1_CLKOUT0)
                                                     -3.407    -2.496 r  i_xlnx_clk_gen/inst/mmcm_adv_inst/CLKOUT0
                         net (fo=1, routed)           0.752    -1.744    i_xlnx_clk_gen/inst/clk_out1_xlnx_clk_gen
    BUFGCTRL_X0Y16       BUFG (Prop_bufg_I_O)         0.029    -1.715 r  i_xlnx_clk_gen/inst/clkout1_buf/O
                         net (fo=14914, routed)       0.881    -0.834    i_dm_axi2mem/clk_out1
    SLICE_X94Y11         FDCE                                         r  i_dm_axi2mem/cnt_q_reg[6]/C

Slack:                    inf
  Source:                 cpu_reset
                            (input port)
  Destination:            i_dm_axi2mem/cnt_q_reg[7]/CLR
                            (removal check against rising-edge clock clk_out1_xlnx_clk_gen  {rise@0.000ns fall@12.500ns period=25.000ns})
  Path Group:             (none)
  Path Type:              Removal (Min at Fast Process Corner)
  Data Path Delay:        1.852ns  (logic 0.336ns (18.149%)  route 1.516ns (81.851%))
  Logic Levels:           1  (IBUF=1)
  Clock Path Skew:        -0.834ns (DCD - SCD - CPR)
    Destination Clock Delay (DCD):    -0.834ns
    Source Clock Delay      (SCD):    0.000ns
    Clock Pessimism Removal (CPR):    -0.000ns

    Location             Delay type                Incr(ns)  Path(ns)    Netlist Resource(s)
  -------------------------------------------------------------------    -------------------
    Y16                                               0.000     0.000 f  cpu_reset (IN)
                         net (fo=0)                   0.000     0.000    cpu_reset
    Y16                  IBUF (Prop_ibuf_I_O)         0.336     0.336 f  cpu_reset_IBUF_inst/O
                         net (fo=839, routed)         1.516     1.852    i_dm_axi2mem/cpu_reset_IBUF
    SLICE_X94Y11         FDCE                                         f  i_dm_axi2mem/cnt_q_reg[7]/CLR
  -------------------------------------------------------------------    -------------------

                         (clock clk_out1_xlnx_clk_gen rise edge)
                                                      0.000     0.000 r  
    K17                                               0.000     0.000 r  clk_sys (IN)
                         net (fo=0)                   0.000     0.000    i_xlnx_clk_gen/inst/clk_in1
    K17                  IBUF (Prop_ibuf_I_O)         0.431     0.431 r  i_xlnx_clk_gen/inst/clkin1_ibufg/O
                         net (fo=1, routed)           0.480     0.911    i_xlnx_clk_gen/inst/clk_in1_xlnx_clk_gen
    MMCME2_ADV_X1Y2      MMCME2_ADV (Prop_mmcme2_adv_CLKIN1_CLKOUT0)
                                                     -3.407    -2.496 r  i_xlnx_clk_gen/inst/mmcm_adv_inst/CLKOUT0
                         net (fo=1, routed)           0.752    -1.744    i_xlnx_clk_gen/inst/clk_out1_xlnx_clk_gen
    BUFGCTRL_X0Y16       BUFG (Prop_bufg_I_O)         0.029    -1.715 r  i_xlnx_clk_gen/inst/clkout1_buf/O
                         net (fo=14914, routed)       0.881    -0.834    i_dm_axi2mem/clk_out1
    SLICE_X94Y11         FDCE                                         r  i_dm_axi2mem/cnt_q_reg[7]/C

Slack:                    inf
  Source:                 cpu_reset
                            (input port)
  Destination:            i_dm_axi2mem/req_addr_q_reg[1]/CLR
                            (removal check against rising-edge clock clk_out1_xlnx_clk_gen  {rise@0.000ns fall@12.500ns period=25.000ns})
  Path Group:             (none)
  Path Type:              Removal (Min at Fast Process Corner)
  Data Path Delay:        1.852ns  (logic 0.336ns (18.149%)  route 1.516ns (81.851%))
  Logic Levels:           1  (IBUF=1)
  Clock Path Skew:        -0.834ns (DCD - SCD - CPR)
    Destination Clock Delay (DCD):    -0.834ns
    Source Clock Delay      (SCD):    0.000ns
    Clock Pessimism Removal (CPR):    -0.000ns

    Location             Delay type                Incr(ns)  Path(ns)    Netlist Resource(s)
  -------------------------------------------------------------------    -------------------
    Y16                                               0.000     0.000 f  cpu_reset (IN)
                         net (fo=0)                   0.000     0.000    cpu_reset
    Y16                  IBUF (Prop_ibuf_I_O)         0.336     0.336 f  cpu_reset_IBUF_inst/O
                         net (fo=839, routed)         1.516     1.852    i_dm_axi2mem/cpu_reset_IBUF
    SLICE_X95Y11         FDCE                                         f  i_dm_axi2mem/req_addr_q_reg[1]/CLR
  -------------------------------------------------------------------    -------------------

                         (clock clk_out1_xlnx_clk_gen rise edge)
                                                      0.000     0.000 r  
    K17                                               0.000     0.000 r  clk_sys (IN)
                         net (fo=0)                   0.000     0.000    i_xlnx_clk_gen/inst/clk_in1
    K17                  IBUF (Prop_ibuf_I_O)         0.431     0.431 r  i_xlnx_clk_gen/inst/clkin1_ibufg/O
                         net (fo=1, routed)           0.480     0.911    i_xlnx_clk_gen/inst/clk_in1_xlnx_clk_gen
    MMCME2_ADV_X1Y2      MMCME2_ADV (Prop_mmcme2_adv_CLKIN1_CLKOUT0)
                                                     -3.407    -2.496 r  i_xlnx_clk_gen/inst/mmcm_adv_inst/CLKOUT0
                         net (fo=1, routed)           0.752    -1.744    i_xlnx_clk_gen/inst/clk_out1_xlnx_clk_gen
    BUFGCTRL_X0Y16       BUFG (Prop_bufg_I_O)         0.029    -1.715 r  i_xlnx_clk_gen/inst/clkout1_buf/O
                         net (fo=14914, routed)       0.881    -0.834    i_dm_axi2mem/clk_out1
    SLICE_X95Y11         FDCE                                         r  i_dm_axi2mem/req_addr_q_reg[1]/C

Slack:                    inf
  Source:                 cpu_reset
                            (input port)
  Destination:            i_dm_axi2mem/ax_req_q_reg[len][4]/CLR
                            (removal check against rising-edge clock clk_out1_xlnx_clk_gen  {rise@0.000ns fall@12.500ns period=25.000ns})
  Path Group:             (none)
  Path Type:              Removal (Min at Fast Process Corner)
  Data Path Delay:        1.888ns  (logic 0.336ns (17.802%)  route 1.552ns (82.198%))
  Logic Levels:           1  (IBUF=1)
  Clock Path Skew:        -0.836ns (DCD - SCD - CPR)
    Destination Clock Delay (DCD):    -0.836ns
    Source Clock Delay      (SCD):    0.000ns
    Clock Pessimism Removal (CPR):    -0.000ns

    Location             Delay type                Incr(ns)  Path(ns)    Netlist Resource(s)
  -------------------------------------------------------------------    -------------------
    Y16                                               0.000     0.000 f  cpu_reset (IN)
                         net (fo=0)                   0.000     0.000    cpu_reset
    Y16                  IBUF (Prop_ibuf_I_O)         0.336     0.336 f  cpu_reset_IBUF_inst/O
                         net (fo=839, routed)         1.552     1.888    i_dm_axi2mem/cpu_reset_IBUF
    SLICE_X96Y12         FDCE                                         f  i_dm_axi2mem/ax_req_q_reg[len][4]/CLR
  -------------------------------------------------------------------    -------------------

                         (clock clk_out1_xlnx_clk_gen rise edge)
                                                      0.000     0.000 r  
    K17                                               0.000     0.000 r  clk_sys (IN)
                         net (fo=0)                   0.000     0.000    i_xlnx_clk_gen/inst/clk_in1
    K17                  IBUF (Prop_ibuf_I_O)         0.431     0.431 r  i_xlnx_clk_gen/inst/clkin1_ibufg/O
                         net (fo=1, routed)           0.480     0.911    i_xlnx_clk_gen/inst/clk_in1_xlnx_clk_gen
    MMCME2_ADV_X1Y2      MMCME2_ADV (Prop_mmcme2_adv_CLKIN1_CLKOUT0)
                                                     -3.407    -2.496 r  i_xlnx_clk_gen/inst/mmcm_adv_inst/CLKOUT0
                         net (fo=1, routed)           0.752    -1.744    i_xlnx_clk_gen/inst/clk_out1_xlnx_clk_gen
    BUFGCTRL_X0Y16       BUFG (Prop_bufg_I_O)         0.029    -1.715 r  i_xlnx_clk_gen/inst/clkout1_buf/O
                         net (fo=14914, routed)       0.879    -0.836    i_dm_axi2mem/clk_out1
    SLICE_X96Y12         FDCE                                         r  i_dm_axi2mem/ax_req_q_reg[len][4]/C





