2ac0006f4a80006f
48c0006f4900006f
4840006f4880006f
47c0006f4800006f
4740006f4780006f
46c0006f4700006f
4640006f4680006f
45c0006f4600006f
4540006f4580006f
44c0006f4500006f
4440006f4480006f
43c0006f4400006f
4340006f4380006f
42c0006f4300006f
4240006f4280006f
5300006f4200006f
b481819300012197
f781011300030117
f705051300000517
3055107300156513
25018613f4018513
0000059340a60633
00004517655030ef
329020efdf450513
0000051354d030ef
0000061300000593
3250206f010000ef
0000000000008067
7e11262381010113
7e9122237e812423
7d312e237f212023
fd01011300000693
0000059300000613
745010ef20000513
0005041316050a63
1f0505130000f517
b0202973045030ef
0000f597b00029f3
0001061329858593
0a4020ef00040513
412484b3b02024f3
0000f517b00022f3
413289331cc50513
0009071300d030ef
0009061300048693
0000f51700048593
6d4030ef1bc50513
8006061300001637
a445859300010597
151030ef00010513
02051e6300050993
208505130000f517
000405137c4030ef
03010113289020ef
000985137ec12083
7e4124837e812403
7dc129837e012903
000080677f010113
188505130000f517
000017b778c030ef
0001041380078313
0000f49700230933
002416031ac48493
0004851300041583
644030ef02040413
fe441583fe641603
634030ef00048513
fe841583fea41603
624030ef00048513
fec41583fee41603
614030ef00048513
ff041583ff241603
604030ef00048513
ff441583ff641603
5f4030ef00048513
ff841583ffa41603
5e4030ef00048513
ffc41583ffe41603
5d4030ef00048513
00100993f7241ee3
0000f517f2dff06f
6d8030ef07050513
f19ff06f00100993
0000000000000000
0000806700000513
0000001300000013
0000806700000513
0000001300000013
0000806700000513
0000001300000013
0000806700000513
0000001300000013
0000806700000513
0000001300000013
0000806700000513
0000001300000013
0000806700000513
0000001300000013
0000806700000513
0000001300000013
0000806700000513
0000001300000013
0000806700000513
0000001300000013
0000806700000513
0000001300000013
0000806700000513
0000001300000013
0000806700000513
0000001300000013
0000806700000513
0000001300000013
0000806700000513
0000001300000013
0000806700000513
0000001300000013
0000806700000513
0000001300000013
0000806700000513
0000001300000013
0000806700000513
0000001300000013
0000806700000513
0000001300000013
0000806700000513
0000001300000013
0000806700000513
0000001300000013
0000806700000513
0000001300000013
0000806700000513
0000001300000013
0000806700000513
0000001300000013
0000806700000513
0000001300000013
0000806700000513
0000001300000013
0000806700000513
0000001300000013
0000806700000513
0000001300000013
0000806700000513
0000001300000013
0000806700000513
0000001300000013
0000806700000513
c8d505130000f517
ff5ff06f4c4030ef
00112023fc010113
00b1242300a12223
00d1282300c12623
00f12c2300e12a23
0311202301012e23
0261242302512223
03c1282302712623
03e12c2303d12a23
342022f303f12e23
0262886300200313
0062886300b00313
0062886300300313
3e4000ef02c0006f
0000f5170340006f
448030efbcc50513
0000f5170240006f
438030efb6c50513
0000f5170140006f
428030efbce50513
341022f30240006f
0030051300028303
00a3146300a37333
0022829300228293
0001208334129073
0081258300412503
0101268300c12603
0181278301412703
0201288301c12803
0281230302412283
03012e0302c12383
03812f0303412e83
0401011303c12f83
3020007330200073
f4a1aa2340a00533
00008067fff00513
b88787930000f797
1000073705500813
0017c68301072023
00d7202306068063
04028a630027c283
0037c30300572023
0067202304030463
02038e630047c383
0057c50300772023
00a7202302050863
020582630067c583
0077c60300b72023
00060a6300878793
0007c80300c72023
00008067fa0810e3
0000001300008067
f4f1aa2305800793
00008067fff00513
f4f1aa2305800793
00008067fff00513
f4f1aa2305800793
00008067fff00513
f4f1aa2305800793
00008067fff00513
f4f1aa2305800793
00008067fff00513
00008067fff00513
0000001300000013
f4f1aa2300c00793
00008067fff00513
00a7a023800407b7
0000006f10500073
f4f1aa2305800793
00008067fff00513
f4f1aa2300b00793
00008067fff00513
00f5a223000027b7
0000806700000513
f4f1aa2305800793
00008067fff00513
f4f1aa2305800793
00008067fff00513
f4f1aa23fa800793
0000806700000513
0000806700100513
0000001300000013
f4f1aa23fa800793
00008067fff00513
00153513fff50513
0000001300008067
f4f1aa2301600793
00008067fff00513
f4f1aa2301f00793
00008067fff00513
0000806700000513
0000001300000013
f4f1aa2305800793
00008067fff00513
00008067fff00513
0000001300000013
f4f1aa2305800793
00008067fff00513
0000806700000513
0000001300000013
00f5a223000027b7
0000806700000513
00008067fff00513
0000001300000013
00008067fff00513
0000001300000013
f4f1aa2300200793
00008067fff00513
f4f1aa2305800793
00008067fff00513
f4f1aa2300a00793
00008067fff00513
01212023ff010113
00092783f4018913
0091222300812423
0005849300112623
02078a6300060413
0004859300040613
b785051300011517
00c12083598000ef
0081240300040513
0001290300412483
0000806701010113
003006130001c5b7
0001151720058593
494000efb4450513
0059202300100293
00000013fb1ff06f
00000513f2a1a823
0000001300008067
00072303f3018713
00a7202300a30533
0002f29700257c63
0055766373c28293
0000806700030513
fff0031300c00793
00030513f4f1aa23
0000001300008067
00912223ff010113
0810079300112623
0d17cc6300058493
0317d66302f00793
05100293fd088093
0000f3170212e463
0020989385030313
0007238300688733
00058067006385b3
0fd88a6301100e93
0000f71705500493
10000fb780470713
00174783009fa023
00ffa02304078e63
0400886300274083
00374283001fa023
005fa02304028263
02030c6300474303
00574883006fa023
011fa02302088663
0203806300674383
00774583007fa023
0087071300058a63
0007448300bfa023
00c12083fa0490e3
0101011300412483
00c1208300008067
f5c1aa2305800e13
0101011300412483
40f0009300008067
3ff00293f710c0e3
c00888930312d663
f51366e300f00313
8bc707130000f717
00e3853300289393
00e5863300052583
0ac00e1300060067
031e4663f9c88ee3
f9e888e309900f13
f1f89ae30a900f93
f5e1aa23fa800f13
00002537f7dff06f
f71ff06f00a4a223
efd89ae30d600e93
f61ff06ff2a1a823
f501aa2301f00813
00200693f55ff06f
f49ff06ff4d1aa23
00a4202380040437
0000006f10500073
f491aa2301600493
01212023f2dff06f
00812423f4018913
0009260300060413
0004061302060663
0001290300812403
0004859300c12083
0001151700412483
0101011390c50513
0001c6b73280006f
2006859300300613
8f05051300011517
00100813240000ef
fb9ff06f01092023
2007886300c52783
2008846301052883
0095460300052803
0148468301452703
005504a300c6e2b3
1e0302630206f313
0100059340e883b3
0075f46300038f13
1ce88a6301000f13
000e4e8300e78e33
0010061300170f93
01f52a2301d80023
01f786b31a767063
002703130006c283
0058002300200593
1875f26300652a23
000e4e8300678e33
0030069300370613
00c52a2301d80023
00c782b31676f463
004705930002c303
0068002300400e13
147e766300b52a23
000ec68300b78eb3
0050029300570613
00c52a2300d80023
00c783331272f863
00670e9300034583
00b8002300600e13
107e7a6301d52a23
0006c28301d786b3
0070031300770613
00c52a2300580023
00c785b30e737c63
008706930005ce83
01d8002300800e13
0c7e7e6300d52a23
0002c30300d782b3
0090059300970613
00c52a2300680023
00c78eb30c75f063
00a70293000ec683
00d8002300a00e13
0a7e726300552a23
0003458300578333
00b00e9300b70613
00c52a2300b80023
00c786b3087ef463
00c703130006c283
0058002300c00e13
067e766300652a23
0005ce83006785b3
00d0069300d70613
00c52a2301d80023
00c782b30476f863
00e705930002c303
0068002300e00e13
027e7a6300b52a23
000ec68300b78eb3
00f0029300f70613
00c52a2300d80023
00c787b30072fc63
010707130007c303
00e52a2300680023
0003846300000593
01f58733ffff0593
0000806700e88463
0005282300484883
00a802230fd8f513
0000001300008067
00912a23fe010113
00812c2300052483
0131262301212823
0004822300112e23
fc70079300048423
0004882300f48423
0005041300b52223
0006099300058913
0005861300000693
000005931312d537
008002b71e5010ef
00f5509302557463
00e48623f8000713
007555130ff0f313
0ff5739300648223
0004862300748023
0134042301348623
00000597000404a3
01242223d4458593
0004282301c12083
00042a2300042623
00042c2300042e23
02b4202302042223
0141248301812403
00c1298301012903
0000806702010113
00012623ff010113
22060a6322058c63
00c5863300052503
0145470303100793
00c1268300012623
0ad7e2630ff77293
0013039300c12303
00c1280300712623
00c128830907e863
01c1262300188e13
07d7ee6300c12e83
001f0f9300c12f03
00c1270301f12623
00c1268306e7e463
0061262300168313
0477ea6300c12383
0018089300c12803
00c12e0301112623
00c12e8305c7e063
01e12623001e8f13
03f7e66300c12f83
0017069300c12703
00c1230300d12623
00c123830067ec63
0101262300138813
f717f2e300c12883
f40284e30202f293
00c12e0300012623
00c12e830bc7e263
01e12623001e8f13
09f7e86300c12f83
0017069300c12703
00c1230300d12623
00c123830667ee63
0101262300138813
0717e46300c12883
00128e1300c12283
00c12e8301c12623
00c12f0305d7ea63
01f12623001f0f93
04e7e06300c12703
0016831300c12683
00c1238300612623
00c128030277e663
0111262300180893
0057ec6300c12283
001e0e9300c12e03
00c12f0301d12623
0005cf83f7e7f2e3
0001262301f50023
0ae7e26300c12703
0016831300c12683
00c1238300612623
00c128030877e863
0111262300180893
0657ee6300c12283
001e0e9300c12e03
00c12f0301d12623
00c12f8307e7e463
00e12623001f8713
04d7ea6300c12683
0013039300c12303
00c1280300712623
00c128830507e063
0051262300188293
03c7e66300c12e03
001e8f1300c12e83
00c12f8301e12623
00c1270301f7ec63
00d1262300170693
f667f2e300c12303
dec590e300158593
0000806701010113
0000001300000013
0005c6030e058863
000527830e060463
00158693ff010113
0ff772930147c703
00f14303005107a3
0a03966302037393
0ff575930147c503
00f1480300b107a3
08089a6302087893
0ffe7e930147ce03
00f14f0301d107a3
060f9e63020f7f93
0ff772930147c703
00f14303005107a3
0603926302037393
0ff575930147c503
00f1480300b107a3
0408966302087893
0ffe7e930147ce03
00f14f0301d107a3
020f9a63020f7f93
0ff772930147c703
00f14303005107a3
00039e6302037393
0ff575930147c503
00f1480300b107a3
f40882e302087893
00c7802300168693
f2061ae3fff6c603
0000806701010113
0000001300008067
0000001300000013
02058a6302060c63
0000069700052703
00b526239a468693
00c5282300474783
02d5202300052a23
005702230027e293
00030463f1402373
0c0023b700008067
2486061300010617
40c505330003a583
0010089300153813
00be6eb301089e33
0000806701d3a023
0000001300000013
0095470300052783
0147c28301052683
006504a300e2e333
000698630ff2f393
001575130063d513
0000051300008067
0000001300008067
0000001300000013
1805806300050793
0005270316060e63
0147468300954503
005784a300a6e2b3
160300630016f313
0000051300367393
0010081308038c63
0020089307038063
0007470303138663
00e5802300100513
0097ce030007a703
01ceef3301474e83
001eff9301e784a3
00074683120f8263
0015051300a582b3
0007a70300d28023
014743830097c303
010784a30063e833
0e088c630013f893
00a5873300074e03
01c7002300150513
0097ce830007a703
01df6fb301474f03
001f769301f784a3
0ca606630c068663
00a583b300074283
0053802300150513
0097ce030007a803
0148470300a58333
01c76eb300050893
00177f1301d784a3
00084f83080f0a63
00a582b300150513
0007a38301f30023
0143c3030097c683
010784a300d36833
060e046300137e13
002885130003c703
00e2802300a58eb3
0097cf830007af03
01f2e3b3014f4283
0012f693007784a3
000f430302068e63
006e802300388513
0097c8830007a703
011e683301474e03
001e7e93010784a3
f4a616e3000e8a63
0000051300008067
0000806700008067
0000001300008067
0000001300000013
02079663f14027f3
000107170c0026b7
0006a60302c70713
0012b31340e502b3
0063983300100393
0116a02300c868b3
fffe0e9300010e37
0005250301d58c63
00454f0300f5f593
01f5022300bf6fb3
0000001300008067
0000001300000013
0c00079302058e63
0005270302c7ea63
0087428300b52e23
00c363b303f2f313
00b704230ff3f593
0016669300474603
f140287300d70223
0000806700080463
00010e970c0028b7
0008ae03f94e8e93
00153f1341d50533
01ef97b300100f93
00e8a02301c7e733
0000001300008067
0005270302058463
0005262302b52023
0005282300474783
005702230027e293
00030463f1402373
0c0023b700008067
f385859300010597
40b505330003a683
0010081300153613
00d8ee3300c818b3
0000806701c3a023
0000001300000013
0005270302058063
0047478302b52223
005702230087e293
00030463f1402373
0c0023b700008067
ee05859300010597
40b505330003a683
0010081300153613
00d8ee3300c818b3
0000806701c3a023
1206066312058863
0095468300052783
00d762b30147c703
02077313005504a3
0100039310030863
00c3f46300060513
0005c80301000513
0107802300100893
0015ce030ec8fa63
01c7802300200e93
0025cf030ecef263
01e7802300300f93
0035c6830ccffa63
00d7802300400713
0045c2830cc77263
0057802300500313
0055c3830ac37a63
0077802300600813
0065c8830ac87263
0117802300700e13
0075ce8308ce7a63
01d7802300800f13
0085cf8308cf7263
01f7802300900693
0095c28306c6fa63
0057802300a00713
00a5c30306c77263
0067802300b00393
00b5c80304c3fa63
0107802300c00893
00c5ce0304c8f263
01c7802300d00e93
00d5cf0302cefa63
01e7802300e00f93
00e5c68302cff263
00d7802300f00293
00f5c58300c2fa63
0000806700b78023
0000806700000513
0000001300000013
0095470300052783
000504a30147c283
09e5751300e2e533
0000001300008067
0187c50300052783
0000001300008067
0095478300052703
00f2e33301474283
0602f513006504a3
0000001300008067
00c7478300052703
005706230407e293
0000001300008067
0000001300000013
00c7478300052703
005706230bf7f293
0000000000008067
0000000000000000
05a12223f9010113
57a05e6300062d03
05b1202300862e83
00060d9300050893
00860e1300000313
000e0613120e82e3
000e881300030793
0000071300100f13
030f083300462283
0257cfb300862683
0257e7b303ef8f33
0e06846301e70733
0106228300c62383
02d806b30277cfb3
0277e7b3030f8833
0c02846301070733
0186238301462f03
02df883303e7cfb3
0107073303e7e7b3
0a038463025686b3
0206228301c62f03
02df883303e7cfb3
0107073303e7e7b3
08028463027683b3
02862f8302462683
027f083302d7cf33
0107073302d7e7b3
060f8463025383b3
0306228302c62683
027f083302d7cf33
0107073302d7e7b3
0402846303f383b3
03862f0303462f83
03f7c6b304060613
03f7e7b302768833
025383b301070733
ffc62283020f0263
0257cfb300062803
0257e7b3027f86b3
03e38f3300d70733
00271613f00810e3
0007538300c58733
0048889300130313
00275283fe789e23
ec6d12e3fe589f23
00100393028d8593
069124237fc5e263
0721222306812623
05412e2307312023
05612a2305512c23
0581262305712823
000042b705912423
00058793000d0313
000d849300050893
002394130007a903
032389b300888c33
008d0db3008c0d33
00088c9300038613
0003069300000b93
03334a3300078f13
0009871300299413
01450ab3001a1513
003a1e93002a1b13
01612023002a9e13
01c1242301d12223
00200f930240006f
00eb8bb339f90263
008c0c33008c8cb3
008d8db3008d0d33
0040081332dbd263
0044a583fd091ee3
08848f93000c8793
44059663000d8393
00812d8303b12a23
000c0313000d0e13
000f8a9300060b13
00e12623000f8a13
01212a2300d12823
01712e2301e12c23
0281222303912023
02c1262303812423
03112c2303a12823
00079e8302912e23
004e0e1300279983
00d9991300de9513
41390d3341d505b3
005d063300558433
40f65f1340f45893
01e7912301179023
00231c8300031b83
00db971300430313
41770c3300dc9813
005c06b3419804b3
40f6d99300548eb3
ff331e2340fed513
ffce1903fea31f23
00478793ffee1d03
00dd159300d91413
41a588b341240633
00588bb300560f33
40fbd71340ff5c93
feee1f23ff9e1e23
00239c0300039803
00d8149300012d03
41048eb300dc1693
005e8533418689b3
40f5581300598933
0103902340f95f13
000a158301e39123
ffce1c03002a1903
00412883ffee1c83
002f9483000f9b83
01af8fb3011a0a33
ffc31983038588b3
ffc7de83ffe31703
000a9403ffe7d503
00438393002a9603
01ba8ab3fffb0b13
02bc85b303990d33
005c88b341a88cb3
010d1c9340f8dd13
011e8d33010cd893
411e8eb3010d1c93
03890933010cdd13
0108de93010e9893
02e48c33ffa79e23
00558cb3012585b3
0108991340fcd893
00b50cb301095593
0105191340b50533
033b86b3010c9893
0108d89301095c93
418686b3ff179f23
40fc551300568c33
0109569301051913
00dc8533030405b3
02cf0cb340dc8933
4195873303770bb3
40f5dc13005705b3
010cd713010c1c93
0106959300e686b3
418d0d330105dc13
40e509b3033484b3
01270933ffae1e23
009b863302c80833
40f55b9300560533
010cd713010b9c93
40ee8eb300ee86b3
01e8043303e40f33
40f5dd13005405b3
0104d613010d1493
0108151300c70833
417888b301055b93
ffc7dc83ff1e1f23
40c68f33ffe7d703
00eb86b3019c0c33
fed79f23ff879e23
ffe31e23ff231f23
ff239e2301d60933
d80b1ce3ff339f23
01c12b8300c12703
02012c8302412403
03012d0302812c03
0101268303412d83
0141290300eb8bb3
02c1260301812f03
03c1248303812883
008c0c33008c8cb3
008d8db3008d0d33
ff8f0793cedbc2e3
0006831300070393
06c12403c4f49ce3
0641290306812483
05c12a0306012983
05412b0305812a83
04c12c0305012b83
04012d8304812c83
0701011304412d03
0001258300008067
08848e93000c8513
00060b13000c0e13
0025130300051383
00e3999300450513
40798a3300e31793
005a083340678ab3
40f85393005a8fb3
fe751e2340ffd313
000e1983fe651f23
004e0e13002e1a03
00ea1a9300e99793
414a8fb341378833
005f8333005803b3
40f35f9340f3d793
fffe1f23fefe1e23
002e9a03000e9983
03378833ffc55383
00be8eb3fffb0b13
034787b3034f8ab3
00530a3341580333
01081a9340fa5813
414383b3010ada13
ffe55803fe7e1e23
01f789b3033f8fb3
40f7d313005987b3
010adf9301031a93
fe7e1f2341f803b3
ffe55983ffc55803
013f87b3010a0a33
fef51f23ff451e23
b89ff06ff20b10e3
00812d8303b12a23
000c0e13000d0e93
000f8a1300060a93
00e12623000f8993
01212a2300d12823
01712e2301e12c23
0281222303912023
02c1262303812423
03112c2303a12823
0007948302912e23
004e8e9300279903
00d91c1300d49b93
412c0d33409b8cb3
005d0733005c8f33
40f7589340ff5613
0117912300c79023
002e1b03000e1403
00d41693004e0e13
4086833300db1513
005305b341650833
40f5d913005804b3
ff2e1e2340f4db93
ffce9c03ff7e1f23
00478793ffee9c83
00dc9f1300dc1d13
419f0733418d0633
00570433005608b3
40f4569340f8db13
ff6e9e23fede9f23
0023930300039503
00d5159300012d03
40a584b300d31813
00548bb340680933
40fbd89300590c33
0113902340fc5813
0009948301039123
ffce9c8300299583
00412303ffee9c03
002f9b83000f9403
01af8fb3006989b3
ffce1703029c8333
ffc7d503ffee1b03
000a1903ffe7df03
00438393002a1603
01ba0a33fffa8a93
038484b302bc0d33
41a30cb302bc85b3
40f35d13005c8333
010cd313010d1c93
010d1c9300650d33
010cdd1340650533
009585b3037b0c33
0105131300558cb3
40fcd31301035513
0104d59301031493
40bf0f3300bf0cb3
010f1493028706b3
0104dc93010c9313
ffa79e2301035313
418686b3fe679f23
40fc5f1300568c33
0104d693010f1493
40dc8f33032885b3
02c80cb300dc84b3
4195873303770bb3
40f5dc13005705b3
010cd713010c1c93
0106959300e686b3
418d0d330105dc13
01e70b3303640433
40e484b3ffae9e23
008b88b302c88633
40ff5b9300588f33
010cd713010b9c93
00e5053340e506b3
0106093303280833
40f5dd13005905b3
01045613010d1413
01089f1300c708b3
41730333010f5b93
ffc7dc83fe6e9f23
00d60833ffe7d703
00eb86b3019c0c33
fed79f23ff879e23
ff0e1e23fe9e1f23
fe939e2340c504b3
d80a9ce3ff639f23
00058713bb9ff06f
04012d83ffcff06f
0701011304412d03
0000001300008067
0000001300000013
00912223ff010113
0011262301212023
0005049300812423
00068c6300058913
0006a7030c060263
88778093000017b7
000015370ce0f063
399000ef88850513
0a05066300050413
0125222300952023
0692dc6320000293
9fc3a38300010397
0043a3030003ae03
00c3a8030083a883
0143a5830103ae83
01c3a6830183a603
0243af830203af03
0064262301c42423
01042a2301142823
00b42e2301d42c23
02d4222302c42023
03f4262303e42423
0004051300c12083
0041248300812403
0101011300012903
0024961300008067
9805a58300010597
6b5010ef08850513
000014b7f79ff06f
0126a02388848913
00c1208300000413
0081240300040513
0001290300412483
0000806701010113
0005061300060793
0007851300f58663
fe010113d70ff06f
0005290301212823
00112e2300a12623
0009051300291913
00912a2300812c23
289000ef00058413
0004059300c12603
d34ff0ef00050493
0004859300090613
625010ef00040513
01c1208301812403
0004851301012903
0201011301412483
000000132590006f
0005061300060793
0007851300f58663
fe010113cf0ff06f
0005290301212823
00112e2300a12623
0009051300291913
00912a2300812c23
209000ef00058413
0004059300c12603
cb4ff0ef00050493
0004859300090613
5a5010ef00040513
01c1208301812403
0004851301012903
0201011301412483
000000131d90006f
0000001300008067
0000001300000013
0000000000008067
1205c66300000813
00c037b30006dc63
fff8481340d006b3
40c0063340f686b3
0005071300060893
0e069a6300058313
000107b716c5f463
010007b722f66463
00f6746301800693
800117b701000693
bec7879300d65e33
0007c78301c787b3
00d787b302000e13
00fe0c6340fe06b3
00f557b300d59333
0067e33300d618b3
0108d61300d51733
0108969302c35533
010757930106d693
02a685b302c37333
0067e7b301031313
00f887b300b7fc63
0117e463fff50313
0003051340b7e663
02c7d5b340b787b3
0107571301071713
02b686b302c7f7b3
00f7673301079793
00e8873300d77e63
01176663fff58793
00d76463ffe58593
0105151300078593
0000059300b56533
00a037b300080a63
40f585b340b005b3
0000806740a00533
0000059302d5f463
fddff06f00000513
40b005b300a037b3
40a0053340f585b3
ec5ff06ffff00813
1ef6e863000107b7
01800893010007b7
0100089300f6f463
0116d733800117b7
00e787b3bec78793
020007930007c703
40e788b301170733
30b6e4631ce79663
0015351300c53533
f75ff06f00000593
000107b70c060c63
100633132cf67c63
0033131300133313
800117b7006656b3
00d787b3bec78793
020007930007c683
40d78eb3006686b3
40c586b30cd79463
0106161301065313
0010059301065613
010757930266d533
02c50e330266f6b3
00d7e7b301069693
00f887b301c7fc63
0117e463fff50693
000685132bc7e463
0267d6b341c787b3
0107571301071713
02c686330267f7b3
00f7673301079793
00e8873300c77e63
01176663fff68793
00c76463ffe68693
0105151300078693
eadff06f00d56533
0016b69310063693
de1ff06f00369693
00000693800117b7
00d787b3bec78793
000003130007c683
006686b302000793
f4d780e340d78eb3
00d5de3301d618b3
026e57b30108d313
0106561301089613
01d5173300d556b3
00b6e6b301d595b3
026e7e330106d593
010e1e1302f60533
00a5fe6301c5e5b3
fff78e1300b885b3
1ca5f2631d15e463
011585b3ffe78793
0265d53340a585b3
0106d69301069693
02a60e330265f5b3
00b6e6b301059593
00d886b301c6fe63
1716ee63fff50593
ffe5051317c6fc63
01079593011686b3
00a5e5b341c686b3
1006b893eb1ff06f
003898930018b893
00e65eb3e19ff06f
00deeeb3011696b3
010edf1300e5d333
010e9e1303e357b3
010e5e13011595b3
00b7673300e55733
0116163301075693
02fe05b303e37333
0066e6b301031313
00de86b300b6fe63
11d6ea63fff78313
ffe7879310b6f863
40b686b301d686b3
0107171303e6d5b3
03e6f6b301075713
0106969302be0333
00677e6300d76733
fff5869300ee8733
0c6772630dd76463
01d70733ffe58593
00010f3701079793
ffff069300b7e7b3
0107de1300d7f5b3
0106561300d676b3
4067073302d58eb3
010ed31302de06b3
00d585b302c585b3
02ce0e3300b305b3
01ee0e3300d5f463
01c686b30105d693
00d7086302d76a63
0000059300078513
000106b7cc1ff06f
00d5f733fff68693
00defeb301071713
01d7073301151533
fff78513fce57ce3
c95ff06f00000593
04f67a63010007b7
0100031301065693
00000593d2dff06f
c75ff06f00100513
e91ff06f00058513
f45ff06f00068593
e45ff06f000e0793
ef9ff06f00030793
011787b3ffe50513
ffe50513d59ff06f
bf5ff06f011787b3
0180031301865693
00060813cddff06f
0005871300050893
12c5fe630e069063
1ef66e63000107b7
01800693010007b7
0100069300f67463
00d65333800117b7
006787b3bec78793
020003130007c783
40f306b300d787b3
00d5973300f30c63
00d6183300f557b3
00d518b300e7e733
02c7553301085613
0106d69301081693
02c777330108d793
0107171302a685b3
00b7fc6300e7e7b3
fff5071300f807b3
3eb7e0630107e463
40b787b300070513
0108989302c7d733
02c7f7b30108d893
0107979302e686b3
00d8fe6300f8e8b3
fff70793011808b3
ffe707130108e663
0007871300d8e463
00e5653301051513
0000806700000593
0000059300d5f863
0000806700000513
1ef6e863000107b7
01800813010007b7
0100081300f6f463
0106d733800117b7
00e787b3bec78793
020007930007c703
40e7883301070733
30b6e4631ce79663
0015351300c53533
0000806700000593
000107b70c060c63
100637132cf67c63
0037171300173713
800117b700e656b3
00d787b3bec78793
020006930007c783
40f68eb300e787b3
40c587b30cf69463
0106161301065693
0010059301065613
0108d71302d7d533
02c5033302d7f7b3
00f767b301079793
00f807b30067fc63
0107e463fff50713
000705132a67e463
02d7d733406787b3
0108d89301089893
02c7063302d7f7b3
00f8e8b301079793
011808b300c8fe63
0108e663fff70793
00c8e463ffe70713
0105151300078713
0000806700e56533
0016b69310063693
e0dff06f00369693
00000693800117b7
00d787b3bec78793
000007130007c783
00e787b302000693
f4f680e340f68eb3
00f5d33301d61833
02d35e3301085693
01d595b301081613
00f557b301065613
0107d71300b7e7b3
02d3733301d518b3
0103131303c605b3
00b77e6300676733
fffe051300e80733
1cb772631d076463
01070733ffee0e13
02d7553340b70733
0107d79301079793
02a6033302d77733
00e7e7b301071713
00f807b30067fe63
1707ee63fff50713
ffe505131667fc63
010e1593010787b3
00a5e5b3406787b3
1006b813eb1ff06f
0038181300183813
00e65e33e19ff06f
00de6e33010696b3
010e5e9300e5d8b3
010e131303d8d7b3
01035313010595b3
00b7673300e55733
0106163301075693
02f305b303d8f8b3
0116e6b301089893
00de06b300b6fe63
11c6ea63fff78893
ffe7879310b6f863
40b686b301c686b3
0107171303d6d5b3
03d6f6b301075713
0106969302b308b3
01177e6300d76733
fff5869300ee0733
0d1772630dc76463
01c70733ffe58593
00010eb701079793
fffe869300b7e7b3
0107d31300d7f5b3
0106561300d676b3
4117073302d58e33
010e589302d306b3
00d585b302c585b3
02c3033300b885b3
01d3033300d5f463
006686b30105d693
00d7086302d76a63
0000059300078513
000106b700008067
00d5f733fff68693
00de7e3301071713
01c7073301051533
fff78513fce57ce3
0000806700000593
04f67a63010007b7
0100071301065693
00000593d2dff06f
0000806700100513
e91ff06f00070513
f45ff06f00068593
e45ff06f00050e13
ef9ff06f00088793
010787b3ffe50513
ffe50513d59ff06f
c21ff06f010787b3
0180071301865693
00050593cddff06f
0000061300000693
61c0106f00000513
00000593ff010113
0011262300812423
69c010ef00050413
00078463f501a783
00040513000780e7
00050593a91fd0ef
0100006ff3c1a503
f3c1a50300050593
fd0101130dd0106f
0211262301312e23
0291222302812423
00b5879303212023
0005099301600713
0100079308f76063
780000ef20b7e063
0020059301800793
8281891301000493
0047a40300f907b3
34e40063ff878713
00c4268300442783
ffc7f79300842603
0047a70300f407b3
00c6a42300d62623
0009851300176713
734000ef00e7a223
02c1208300840513
0241248302812403
01c1298302012903
0000806703010113
1807c263ff87f493
700000ef18b4e063
3e97f6631f700793
16078e630094d793
32f76c6300400713
039785930064d793
0035961303878813
00c9063382818913
ff86061300462403
00f0051302860863
00c426830140006f
00d60e6328075663
0044278300068413
40978733ffc7f793
00080593fee552e3
0089089301092403
0044278325140e63
ffc7f79300f00693
36e6cc6340978733
0119282301192a23
1ff0071334075063
24f7686300492503
00870713ff87f713
0007268300e90733
001007930057d613
00f5653300c797b3
00f42623ff870793
00a9222300d42423
0086a62300872023
001006134025d793
0ac56a6300f61633
0207946300a677b3
ffc5f59300161613
0045859300a677b3
0016161300079a63
0045859300a677b3
00f00813fe078ae3
0069033300359313
00c5278300030513
24f5026300058e13
000784130047a703
ffc7771300c7a783
24d84263409706b3
00e40733fe06c2e3
0084260300472683
0016e69300098513
00f6262300d72223
594000ef00c7a423
e61ff06f00840513
00f9a02300c00793
e51ff06f00000513
0400059320000613
e95ff06f03f00813
0161282300892403
ffc7fb1300442783
409b0733009b6863
0ce7ca6300f00793
01512a2301912223
f4c1aa83f341a703
0171262301412c23
01640a33fff00793
3cf7066301548ab3
00f78793000017b7
fffff7b700fa8ab3
000a859300fafab3
65d000ef00098513
00050b93fff00793
0181242344f50a63
f6018c1323456e63
00ba85b3000c2583
0005871300bc2023
014517932aaa1663
00892b832a079263
0017e793015b07b3
f481a68300fba223
f4b1a42300b6f463
00b6f463f441a683
00812c03f4b1a223
ffc7f793000b8413
3897ea6340978733
38e7d66300f00793
01412a8301812a03
00412c8300c12b83
00f422230014e793
00992423009404b3
0009851300176713
45c000ef00e4a223
0084051302c12083
01012b0302812403
0201290302412483
0301011301c12983
0049250300008067
00842603e09ff06f
00c7a403cd9ff06f
d88782e300258593
0097d713cb9ff06f
14e6f26300400693
32e6e46301400693
05b7069305c70613
00c9063300361613
ff86061300062703
2940006f00e61863
00e6086300872703
ffc6f69300472683
00c72603fed7e8e3
00e4242300c42623
0087262300862423
01400713d91ff06f
0540071310f77863
00c4d7932ef76463
06e7881306f78593
cbdff06f00359613
003e7793001e0e13
1007806300850513
da9ff06f00c52783
0014e59300842603
00f6262300b42223
009404b300c7a423
0099282300992a23
0114a6230016e793
00f4a2230114a423
0009851300e40733
33c000ef00d72023
c09ff06f00840513
0047a70300f407b3
0017671300098513
31c000ef00e7a223
be9ff06f00840513
008487930034d593
0014e693b95ff06f
009404b300d42223
0099282300992a23
0114a62300176693
00d4a2230114a423
0009851300f407b3
2d4000ef00e7a023
ba1ff06f00840513
039706130067d713
0036161303870693
07240c63ec5ff06f
00812c0300892403
e09ff06f00442783
05b7881305c78593
bbdff06f00359613
fff5859300832783
0035f79326679e63
fe0796e3ff830313
fff6479300492703
00f9222300e7f7b3
cec7eee300161613
00f67733ce060ce3
0016161300071a63
004e0e1300f67733
000e0593fe070ae3
f6018c13c59ff06f
00ea8733000c2703
f341a68300ec2023
18f68663fff00793
00e787b3414b87b3
007bfc9300fc2023
419b8bb30c0c8c63
00878793000017b7
419785b3008b8b93
415585b3015b8ab3
0145da1301459593
00098513000a0593
fff00793339000ef
4175053318f50063
000c270301450ab3
001ae79301792423
00bc202300ea05b3
cf240ce300fba223
0b66f06300f00693
ff4b079300442703
00177713ff87f793
00e4222300f76733
00f4073300500613
00c7242300c72223
004ba78300f6e663
00840593cbdff06f
290010ef00098513
000c258300892b83
ca1ff06f004ba783
c49ff06f010a8a93
001007934026d693
00f5653300d797b3
d75ff06f00a92223
40b005b3015b85b3
0145da1301459593
00098513000a0593
fff00793279000ef
00000a13f4f512e3
00812c03f45ff06f
00fba22300100793
0fc000ef00098513
01812a0300000513
01012b0301412a83
00412c8300c12b83
054006939b5ff06f
00c7d71304e6e463
06e7069306f70613
cd1ff06f00361613
04f7646315400713
0787859300f4d793
0035961307778813
008924039d1ff06f
c01ff06f00442783
e81ff06ff371aa23
04e6e46315400693
0787061300f7d713
0036161307770693
55400713c85ff06f
0124d79304f76463
07c7881307d78593
985ff06f00359613
019a8ab3ff8c8c93
00000a13417a8ab3
55400693e7dff06f
0127d71302e6e463
07c7069307d70613
c39ff06f00361613
07f005933f800613
945ff06f07e00813
07e006933f800613
00492783c1dff06f
00008067da1ff06f
0000051300008067
800085b700008067
8f458593c3018613
3480006fc4018513
00452583ff010113
0091222300812423
f881841300112623
0085846300050493
0084a5834c4040ef
00f5866306840793
4b0040ef00048513
0d04041300c4a583
0081240300858e63
0004851300c12083
0101011300412483
00c1208348c0406f
0041248300812403
0000806701010113
0000806700000513
00812c23fe010113
f8818413800037b7
00112e233fc78793
0121282300912a23
0141242301312623
00800613f4f1a823
0000059300400793
00f4262305c40513
0004222300042023
0604222300042423
00042a2300042823
221000ef00042c23
80004a37000107b7
80004937800049b7
970a0a13800044b7
a5c909139d498993
00978793ad448493
0000059300800613
034420230c440513
0324242303342223
06f42a2302942623
0604242300842e23
0604282306042623
06042c230c042623
0804202306042e23
000207b71b5000ef
0127879306840713
0080061312c40513
0944242300000593
0924282309342623
0cf42e2308942a23
0c04282308e42223
0c042c230c042a23
0e04202312042a23
0e0424230e042223
0d040793165000ef
0f342a230f442823
0e942e230f242c23
0ef4262301c12083
0141248301812403
00c1298301012903
0201011300812a03
f501a78300008067
01312623fe010113
00812c2300112e23
0121282300912a23
0e07866300050993
fff00493c3018913
0089240300492783
0007d863fff78793
068404130800006f
00c4170306978c63
fe0718e3fff78793
00178793ffff07b7
0604222300f42623
0004242300042023
0004282300042223
00042c2300042a23
0000059300800613
0a1000ef05c40513
02042a2302042823
0404242304042223
0004051301c12083
0141248301812403
00c1298301012903
0000806702010113
0004066300092403
f65ff06f00040913
000985131ac00593
00050413d8cff0ef
00c5051302050c63
0004202300400793
00a4242300f42223
000005931a000613
0089202302d000ef
f25ff06f00040913
f15ff06fda1ff0ef
00c0079300092023
f7dff06f00f9a023
0007846303452783
f501a70300008067
41078793800037b7
fe0716e302f52a23
00008067d69ff06f
800035b700008067
3f458593c3018613
0180006f00000513
c3018613800035b7
0000051348058593
fd0101130040006f
01312e2303212023
01512a2301412c23
0171262301612823
0281242302112623
00050b1302912223
00060a9300058b93
0010099300000a13
004aa483fff00913
fff48493008aa403
00c457830204c863
00e4178300f9fe63
000b051300040593
000b80e701278663
fff4849300aa6a33
fd249ce306840413
fc0a90e3000aaa83
0281240302c12083
0201290302412483
01412a8301c12983
00c12b8301012b03
01812a03000a0513
0000806703010113
02c12423fc010113
02e1282302d12623
03012c2302f12a23
0005861303112e23
0281069300852583
00d1262300112e23
01c120837e1000ef
0000806704010113
fc010113f3c1a303
02d1262302c12423
02e1282302b12223
03012c2302f12a23
0083258303112e23
0005061302410693
00112e2300030513
795000ef00d12623
0401011301c12083
fc01011300008067
0005041302812c23
02912a2300058513
0005849302112e23
800117b70d5000ef
02f12423cec78793
02f1262300100793
0201079303442703
00f12a2300150693
0291202300200793
00d12e2302a12223
0084258300f12c23
00c5978306070063
0207426301279713
ffffe6b70645a703
00002637fff68693
00d7773300c7e7b3
06e5a22300f59623
0004051301410613
03c12083408040ef
0015351303812403
00b5751340a00533
fff5051303412483
0000806704010113
00b1262300040513
00c12583da9ff0ef
00050593f95ff06f
f29ff06ff3c1a503
00812423ff010113
00e5958300058413
35c000ef00112623
0504278302054063
00a787b300c12083
0081240304f42823
0000806701010113
fffff73700c45783
00e7f7b3fff70713
00f4162300c12083
0101011300812403
0000051300008067
00c5978300008067
00812c23fe010113
0121282300912a23
00112e2301312623
000584131007f713
0006091300050493
0407106300068993
fff70713fffff737
00e4158300e7f7b3
0181240300f41623
0009869301c12083
00c1298300090613
0004851301012903
0201011301412483
00e595833640006f
0000061300200693
00c41783228000ef
ff010113fb1ff06f
0005841300812423
0011262300e59583
fff00793208000ef
00c4578302f50863
00c1208300001737
0107979300e7e7b3
04a428234107d793
0081240300f41623
0000806701010113
fffff73700c45783
00e7f7b3fff70713
4107d79301079793
00f4162300c12083
0101011300812403
00e5958300008067
003007930800006f
00a5e7b302c7fe63
020794630037f793
0140006f00300693
00450513ffc60613
00c6fc6300458593
0005a78300052703
fff60693fef704e3
fff6069300c0006f
0016869302060863
0080006f00d506b3
0005478302a68063
001505130005c703
fee786e300158593
0000806740e78533
0000806700000513
00812423ff010113
0005041300912223
0011262300058513
b1dfc0eff401aa23
00f50c63fff00793
0081240300c12083
0101011300412483
f541a78300008067
00c12083fe0784e3
0081240300f42023
0101011300412483
f3c1a78300008067
044525830aa78e63
00912a23fe010113
0005049300112e23
0121282304058c63
00812c2301312623
0800099300000913
0007a403012587b3
0004059300040e63
0004851300042403
fe0418e3115000ef
004909130444a583
00048513fd391ce3
018124030fd000ef
00c1298301012903
000586630384a583
0e1000ef00048513
0005866304c4a583
0d1000ef00048513
00078c630344a783
0004851301c12083
0201011301412483
01c1208300078067
0201011301412483
0000806700008067
00058713ff010113
0091222300812423
0005041300060593
0007051300068613
f401aa2300112623
fff00793ad1fc0ef
00c1208300f50c63
0041248300812403
0000806701010113
fe0784e3f541a783
00f4202300c12083
0041248300812403
0000806701010113
00058713ff010113
0091222300812423
0005041300060593
0007051300068613
f401aa2300112623
fff00793aa9fc0ef
00c1208300f50c63
0041248300812403
0000806701010113
fe0784e3f541a783
00f4202300c12083
0041248300812403
0000806701010113
00812423ff010113
0005041300912223
0011262300058513
b4dfc0eff401aa23
00f50c63fff00793
0081240300c12083
0101011300412483
f541a78300008067
00c12083fe0784e3
0081240300f42023
0101011300412483
ff01011300008067
0081242300058713
0006059300912223
0006861300050413
0011262300070513
a55fc0eff401aa23
00f50c63fff00793
0081240300c12083
0101011300412483
f541a78300008067
00c12083fe0784e3
0081240300f42023
0101011300412483
ff01011300008067
800117b700812423
0121202380011437
3c8407133c878793
0091222300112623
02e7826340e78933
3c84041340295913
0004278300000493
0044041300148493
ff24e8e3000780e7
800117b780011437
3c8407133c878793
4029591340e78933
3c84041302e78063
0004278300000493
0044041300148493
ff24e8e3000780e7
0081240300c12083
0001290300412483
0000806701010113
00812423ff010113
80011437800117b7
3c8404133c878793
0091222340f40433
4024549300112623
ffc4041302048063
0004278300f40433
ffc40413fff48493
fe0498e3000780e7
0081240300c12083
0101011300412483
00f0031300008067
02c37e6300050713
0a07906300f77793
ff06769308059263
00e686b300f67613
00b7222300b72023
00b7262300b72423
fed766e301070713
0000806700061463
0026969340c306b3
005686b300000297
00b7072300c68067
00b7062300b706a3
00b7052300b705a3
00b7042300b704a3
00b7032300b703a3
00b7022300b702a3
00b7012300b701a3
00b7002300b700a3
0ff5f59300008067
00d5e5b300859693
00d5e5b301059693
00279693f6dff06f
005686b300000297
fa0680e700008293
ff07879300028093
00f6063340f70733
f3dff06ff6c378e3
0037f79300a5c7b3
0607946300c508b3
06c7f06300300793
0005071300357793
ffc8f61306079a63
0200079340e606b3
0005869308d7ce63
02c7786300070793
004787930006a803
ff07ae2300468693
fff60793fec7e8e3
ffc7f79340e787b3
00f7073300478793
0117686300f585b3
0005071300008067
0005c78305157863
0015859300170713
fee898e3fef70fa3
0005c68300008067
0037779300170713
00158593fed70fa3
0005c683f6078ee3
0037779300170713
00158593fed70fa3
f61ff06ffc079ae3
ff01011300008067
0200041300812623
0045a2830005a383
00c5af030085af83
0145ae030105ae83
01c5a8030185a303
024707130205a683
fc772e2340e607b3
fff72223fe572023
ffd72623ffe72423
fe672a23ffc72823
fed72e23ff072c23
faf446e302458593
0007079300058693
0006a80302c77863
0046869300478793
fec7e8e3ff07ae23
40e787b3fff60793
00478793ffc7f793
00f585b300f70733
00c1240301176863
0000806701010113
001707130005c783
fef70fa300158593
0005c783fee882e3
0015859300170713
fce89ee3fef70fa3
00357793fcdff06f
04079c6300050713
f7f686937f7f86b7
00072603fff00593
00d677b300470713
00c7e7b300d787b3
feb784e300d7e7b3
40a707b3ffc74683
ffd7468304068463
ffe7450302068c63
00f5053300a03533
00008067ffe50513
00074783fa0688e3
0037769300170713
40a70733fe0798e3
00008067fff70513
00008067ffd78513
00008067ffc78513
04078c63f581a783
01f008130047a703
0027181308e84063
0107833302050663
1887a88308c32423
00e6163300100613
1917a42300c8e8b3
0020069310d32423
0017071302d50663
010787b300e7a223
0000051300b7a423
0c01881300008067
0c018793f501ac23
18c7a683fa1ff06f
00e7a22300170713
18d7a62300c6e6b3
00b7a423010787b3
0000806700000513
00008067fff00513
01412c23fd010113
f581a90303212023
0a09086302112623
01512a2301312e23
0171262301612823
0291222302812423
00050b1301812423
fff0099300058b93
0049248300100a93
04044e63fff48413
009904b300249493
00492783080b9063
fff787930044a683
0004a2230a878c63
1889278302068663
00492c03008a9733
0607966300f777b3
00492703000680e7
09871063f581a783
fff4041307279e63
fb341ae3ffc48493
0241248302812403
01412a8301c12983
00c12b8301012b03
02c1208300812c03
01812a0302012903
0000806703010113
f97780e31044a783
ffc48493fff40413
fbdff06fff3418e3
0844a58318c92783
0207166300f77733
000680e7000b0513
f581a78300492703
f8078ae3f98704e3
f29ff06f00078913
f4dff06f00892223
000680e700058513
fe010113f5dff06f
800119b701312623
00912a2300812c23
0141242301212823
00058a1300112e23
3f09899300050913
0089a703fe5fe0ef
fef78793000017b7
0000173700472483
00f48433ffc4f493
00c4541341440433
00c41413fff40413
0000059300e44e63
905ff0ef00090513
009787b30089a783
0009051302f50863
01c12083f99fe0ef
0141248301812403
00c1298301012903
0000051300812a03
0000806702010113
00090513408005b3
fff007938c1ff0ef
f601879304f50863
0089a6830007a703
0014e493408484b3
0009051340870733
00e7a0230096a223
01c12083f39fe0ef
0141248301812403
00c1298301012903
0010051300812a03
0000806702010113
0009051300000593
0089a703861ff0ef
40e507b300f00693
f341a683f4f6dee3
00f722230017e793
f6a1a02340d50533
18058263f45ff06f
00812423ff010113
0005841300912223
0011262300050493
ffc42503ebdfe0ef
800115b7ff840713
00f70633ffe57793
004626833f058593
ffc6f6930085a803
00d622231ac80263
00d6083300157513
ff8423030a051063
8001153700482803
0087288340670733
006787b33f850513
14a8826300187813
0068a62300c72303
1a08066301132423
00d722230017e693
1ff0069300f62023
ff87f69306f6ec63
0045a50300868693
0006a60300d586b3
001007930057d813
00a7e7b3010797b3
00a72623ff868513
00f5a22300c72423
00e6262300e6a023
00c1208300812403
0041248300048513
dedfe06f01010113
0015751300482503
0017e69308050663
00f62023fed42e23
f8f6f8e31ff00693
004006130097d693
0067d69312d66063
0386861303968513
00a5853300351513
ff85051300052683
1540006f00d51863
00d508630086a683
ffc676130046a603
00c6a503fec7e8e3
00d7242300a72623
00e5242300812403
0004851300c12083
00e6a62300412483
d5dfe06f01010113
8001153700008067
3f85051300d787b3
0ca68c6300862683
0017e51300c62803
0106a62300f70633
00a7222300d82423
ee1ff06f00f62023
0086258312081c63
00f686b300c62603
00c5a6230016e793
00f7222300b62423
00d7202300d70733
00157513ef9ff06f
0205106300d786b3
40a70733ff842503
0087260300c72783
00f6262300a686b3
0016e61300c7a423
00c72223f381a783
eaf6eee300e5a423
00048513f4c1a583
eadff06fc9dff0ef
f5dff06f00d787b3
02d6706301400613
06d6646305400613
06f6851300c7d693
0035151306e68613
05c68513ed5ff06f
0035151305b68613
00e5aa23ec5ff06f
0017e69300e5a823
00a7242300a72623
00f7073300d72223
e4dff06f00f72023
402656130045a803
00c797b300100793
00f5a2230107e7b3
15400613eb1ff06f
00f7d69300d66c63
0776861307868513
e69ff06f00351513
00d66c6355400613
07d685130127d693
0035151307c68613
3f800513e4dff06f
e41ff06f07e00613
00d722230017e693
dddff06f00f62023
12112623ed010113
11512a2312912223
00058a9311712623
00d1242300060493
6b5030ef00050b93
0007851300052783
939ff0ef02f12223
000b886302a12023
00079463034ba783
00ca97837340106f
0207466301279713
00002637064aa703
00c7e7b3ffffe6b7
01079793fff68693
00d777334107d793
06eaa22300fa9623
2e0702630087f713
2c070e63010aa703
00a0071301a7f793
800117b72ee78a63
1181242311612823
d34787930b010b13
1281242380011c37
0fb12e2311412c23
11312e2313212023
11a1202311912223
0801222307612e23
00012a2308012023
00012e2300012c23
02012423000b0413
0001222302012823
01000a1300f12623
01712023ea8c0c13
000dc78300048d93
000d84931e078c63
2ae7866302500713
001484930014c783
41b48933fe079ae3
084127031db48c63
01b4202308012783
0017879301270733
08e1222301242223
0070071308f12023
26f74e6300840413
0004c78300412703
00e1222301270733
0014849318078c63
fff0099304010fa3
0000091300000b93
0004cd0305800693
fe0d079300148d93
00c1270304f6e663
00e787b300279793
000780670007a783
fd0d079300000b93
000dcd0300900613
01770bb3002b9713
01778bb3001b9b93
001d8d93fd0d0793
fe0d0793fef672e3
120d0263faf6fee3
04010fa309a10423
0010049300100713
00090f1308810c93
0001282300000993
084f729300000f93
0002966308412903
44f042e340eb87b3
02078a6305f14783
05f1069308012783
0019091300d42023
0017879300100693
0921222300d42223
0070069308f12023
1af6c06300840413
08012783020f8a63
00d4202306010693
0020069300290913
00d4222300178793
08f1202309212223
0084041300700693
080007934ef6cee3
409989b308f28ae3
100f779319304ee3
0801278374079463
0194202300990933
0094222300178793
08f1202309212223
20f6cc6300700693
004f7f1300840413
40eb84b3000f0663
000b83134e9042e3
0007031300ebd463
006787b300412783
22091ae300f12223
08012023000dc783
e00798e3000b0413
00012b8308412783
7540106f00078463
1281240300cad783
0407f79312012903
11812a0311c12983
10812c0311012b03
10012d0310412c83
000784630fc12d83
12c120831d90106f
1241248300412503
10c12b8311412a83
0000806713010113
000b8513000a8593
000504636b8030ef
00ca97831a90106f
01a7f79300a00713
00ea9783d0e79ae3
00812683d007c6e3
0004861312c12083
12412483000a8593
000b851311412a83
1301011310c12b83
010969133810106f
dc9ff06f000d8493
d7b494e341b48933
d9dff06f0004c783
07c1061300012503
545010ef000a8593
000b0413f20518e3
00012503d71ff06f
000a859307c10613
03e12c2302e12e23
03f1262302512a23
f00512e3519010ef
03c1270308412903
0341228303812f03
000b041302c12f83
08012783e29ff06f
d3068693800116b7
0019091300d42023
0017879300100693
0921222300d42223
0070069308f12023
00f6d46300840413
000604631080106f
014126834580106f
00d7e7b3001f7793
02412783e40786e3
00f4202302012683
012685b308012783
0017879300d42223
08f1202308b12223
00f6d46300700693
008404136480106f
0017879301412683
00b6893301942023
0921222300d42223
0070069308f12023
00012503def6d8e3
000a859307c10613
01e1282302e12623
e20512e3439010ef
01012f0308412903
000b041302c12703
00897793dc5ff06f
0081278360079ce3
ff87f79300778793
008787930007a703
ffc7a70300e12c23
00e12e2300f12423
ee01a70301c12c83
ee41a78301812683
0014d493001c9493
0004859300068513
0007869300070613
00050463461090ef
018126830400106f
ee41a783ee01a703
0004859300068513
0007869300070613
00a04463351080ef
018127030180106f
00000613000c8593
0000069300070513
00055463331080ef
05f146834340106f
01a7d46304700793
80011cb74180106f
00012823cf0c8c93
00300713f7f97f13
0000099300300493
0017071300068463
c20f80e3002f7f93
00200f9300270713
00812683c15ff06f
0006a70301097793
00d1242300468693
0409769312079263
4e0690e300070793
05f1468310074e63
f7f97f130409c463
0010071302071e63
3c0714e320099e63
000b0c9300197493
0300079304048263
0af10c930af107a3
0334cc6300048713
f80690e300012823
000f0913f81ff06f
6cf764e300900713
0af107a303078793
0010049300090f13
000487130af10c93
00098713fd34d8e3
fc9ff06f00012823
0007ab8300812783
00f1242300478793
41700bb3d00bd8e3
000d849300496913
000dcd03acdff06f
001d8d9302a00793
7d80106f00fd1463
00900593fd0d0793
0090061300000713
aaf5e4e300000993
00271993000dcd03
0019999300e989b3
fd0d079300f98733
fef672e3001d8d93
a80750e300070993
a79ff06ffff00993
0109691300812783
004787930007a703
0007079300f12423
40e007b3ee0756e3
0010071302d00693
080969130a00006f
a39ff06f000d8493
000d849304096913
00812703a2dff06f
0010049304010fa3
0047071300072783
08f1042300e12423
08810c9300100713
02b00793a75ff06f
000d849304f10fa3
001969139f5ff06f
9e9ff06f000d8493
c0079ae305f14783
04f10fa302000793
9d1ff06f000d8493
000d849300896913
008127039c5ff06f
0007278301096913
00e1242300470713
0000069300100713
0009c86304d10fa3
e40782e3f7f97f13
00100613000f0913
00200613e6c708e3
000b0c9306c70663
030707130077f713
0037d793feec8fa3
fffc8c93000c8613
00197793fe0794e3
0300079306078463
ffe6061306f70063
40cb04b3fefc8fa3
00060c9300090f13
00100793e3dff06f
3fc0106f00f71463
000f091300200793
2100106f00f70463
0281260300000793
00f7f713000b0c93
0007470300e60733
fffc8c930047d793
fe0794e300ec8023
00090f13419b04b3
00812703dedff06f
0007278301096913
00e1242300470713
f29ff06f00000713
0109771300812683
004686930006a783
f00716e300d12423
f00702e304097713
0107d79301079793
ef9ff06f00100713
04010fa300812783
004788130007ac83
01012423320c80e3
0740106f0009d463
0000059300098613
3e8030ef000c8513
0005146300812803
419504b33a80106f
fff4c71305f14683
0101242341f75713
00e4f73300012823
0000099300090f13
c95ff06fc8069ae3
0000873700812683
06e1102383070713
00e1242300468713
d147071380011737
0006a78302e12423
0020071300296913
e59ff06f07800d13
0109771300812683
004686930006a783
f0071ae300d12423
f00706e304097713
0107d79301079793
e29ff06f00000713
140784e301097793
0041270300812783
00e7a0230007a783
0047879300812783
f28ff06f00f12423
35a7da6306500793
01c1278301812683
0006851300000613
0000069300078593
03e1262302e12a23
02c12f0353c080ef
6605166303412703
800116b708012783
00d42023d3068693
0010069300190913
00d4222300178793
08f1202309212223
0084041300700693
064127834cf6c0e3
08d7d8e301412683
0201268302412783
fef42c2300840413
00d9093308012783
00178793fed42e23
08f1202309212223
0ef6cce300700693
fff7849301412783
0100069382905ae3
0096c46308012783
800116b73d00106f
02e12623ea868693
0004071300012d03
0004841301000993
01e1282300700c93
00c0006f00068493
4a89d6e3ff040413
0017879301090913
0137222300972023
08f1202309212223
fcfcdee300870713
000a859307c10613
61c010ef000d0513
08412903800514e3
000b071308012783
40eb87b3fb9ff06f
01000693f6f05663
00f6c46308012603
800116b71dc0106f
02912a23ea868693
0100089300090593
00700f9300070913
03e1262300040713
0006849300078413
ff04041300c0006f
010585930488da63
0097202300160613
08b1222301172223
0087071308c12023
00012503fccfdee3
000a859307c10613
f6051a63588010ef
ff04041301000893
0801260308412583
00700f93000b0713
00048693fa88cae3
0341248302c12f03
0007041300040793
0005891300090713
0016061300f90933
00d4202300f42223
08c1202309212223
0084041300700793
00012503e8c7da63
000a859307c10613
03e1262302e12a23
ee051e63510010ef
0341270308412903
000b041302c12f03
800116b7e64ff06f
ea86869308012783
00090693093a5a63
0007091300700893
0004071303e12623
000c099300098413
ff04041300c0006f
01068693048a5863
0187202300178793
08d1222301472223
0087071308f12023
00012503fcf8dee3
000a859307c10613
e6051e63490010ef
08412683ff040413
000b071308012783
fa8a4ce300700893
0009861302c12f03
0007041300040993
0006891300090713
0139093300060693
00d4202300178793
0921222301342223
0070069308f12023
daf6d46300840413
07c1061300012503
02e12a23000a8593
41c010ef03e12623
08412903e0051463
02c12f0303412703
d78ff06f000b0413
07c1061300012503
3f4010ef000a8593
ddcff06fdc050063
0141268308012483
0194202300100793
0014849300190913
4ad7da6300840993
00f4222300100793
0891202309212223
7497cc6300700793
0241268302012783
00f9093300148493
00d9a02300f9a223
0891202309212223
0089899300700793
01c127837697c263
0000061301812683
0141278300078593
0000069300068513
01e1282302e12623
180080effff78413
02c1270301012f03
001c8c9348050463
0089093300148493
0089a2230199a023
0891202309212223
0089899300700793
030126831497c2e3
0014849306c10793
00f9a02301268933
0921222300d9a223
0070079308912023
ca97d06300898413
07c1061300012503
02e12623000a8593
2e4010ef01e12823
08412903cc051863
01012f0302c12703
c70ff06f000b0413
0801260301000693
800116b768f6d6e3
02912e23e9868693
0100089300090593
0070039300070913
03f1262300040713
03e12c2302512a23
0006849300078413
ff04041300c0006f
010585930488da63
0097202300160613
08b1222301172223
0087071308c12023
00012503fcc3dee3
000a859307c10613
c2051e63250010ef
ff04041301000893
0801260308412583
00700393000b0713
00048693fa88cae3
0341228302c12f83
03c1248303812f03
0007041300040793
0005891300090713
0016061300f90933
00d4202300f42223
08c1202309212223
0084041300700793
00012503aec7d063
000a859307c10613
03e12c2302e12e23
03f1262302512a23
ba051a631c8010ef
03c1270308412903
0341228303812f03
000b041302c12f83
00012503aa0ff06f
000a859307c10613
03e12a2302e12c23
18c010ef02512623
08412903b6051c63
03412f0303812703
000b041302c12283
01000693ad4ff06f
5496d2e308012783
e9868693800116b7
0100099300048d13
00e1282300700c93
00c0006f00068493
05a9d663ff0d0d13
0017879301090913
0134222300942023
08f1202309212223
fcfcdee300840413
07c1061300012503
10c010ef000a8593
ff0d0d13ae051c63
0801278308412903
fba9cee3000b0413
0004869301012703
00990933000d0493
00d4202300178793
0921222300942223
0070069308f12023
00012503a6f6de63
000a859307c10613
0b4010ef00e12823
08412903aa051063
a58ff06f01012703
bac0546306412603
0101268301412783
2cf6c86300078993
0801278303305663
0194202301390933
0134222300178793
08f1202309212223
0084041300700693
fff9c7931af6cee3
00f9f9b341f7d793
413789b301012783
0641268337304063
28f6d66301412783
0201260302412783
fef42c2300840413
00c9093308012783
00178793fec42e23
08f1202309212223
30f642e300700613
0101260301412783
40c789b340d786b3
000689930136d463
0101278303305a63
0139093308012603
0016061300fc8cb3
0134222301942023
08c1202309212223
0084041300700793
fff9c61332c7c0e3
00c9f7b341f65613
9490586340f684b3
0801278301000693
800116b74e96d8e3
02e12623ea868693
0004071300012d03
0004841301000993
01e1282300700c93
00c0006f00068493
5c89d663ff040413
0017879301090913
0137222300972023
08f1202309212223
fcfcdee300870713
000a859307c10613
73d000ef000d0513
0841290392051463
000b071308012783
00000493fb9ff06f
c80ff06f000b0c93
b40696e3001f7693
0921222300f42223
0070079308912023
00012503bc97dee3
000a859307c10613
01e1282302e12623
8c051a636e9000ef
0801248308412903
01012f0302c12703
ba9ff06f000b0993
0010079301412683
01100793b8d7dee3
800116b73ed7dee3
00098793ea868693
0007099301000c93
0009071300700d13
0006891301e12823
ff04041300c0006f
01070713708cda63
0127a02300148493
08e122230197a223
0087879308912023
00012503fc9d5ee3
000a859307c10613
00050463659000ef
08412703840ff06f
000b079308012483
001f7793fb5ff06f
fd9fe06f00079463
01071713f68ff06f
0007079341075713
04097f93c30ff06f
00812783ea0f8c63
0007a78300412703
eb4ff06f00e79023
0401051300812703
0047049300072783
04e120230007a703
04e122230047a703
04e124230087a703
04f1262300c7a783
00a12c230bc090ef
0091242300b12e23
000689939d0ff06f
d59ff06fd3304ae3
da0782e3001f7793
00012503d71ff06f
000a859307c10613
01e1282302e12623
00050463591000ef
08412903f79fe06f
01012f0302c12703
edcff06f000b0413
d0078793800117b7
0081268302f12423
0006a78301097713
00d1242300468693
0409771300071a63
0107979300070663
001976930107d793
be06886300200713
03000693be078663
07a100a306d10023
bd8ff06f00296913
d1478793800117b7
fa9ff06f02f12423
0009849300600793
80011cb76937e863
0101242300048713
dc1fe06fd28c8c93
0801278301000693
800116b72536dce3
ea86869300070593
0009061300040713
01000d1300098413
03e1262300700493
0005899300068913
ff04041300c0006f
01060613568d5a63
0127202300178793
08c1222301a72223
0087071308f12023
00012503fcf4dee3
000a859307c10613
00050463479000ef
08412603e61fe06f
000b071308012783
00012503fb5ff06f
000a859307c10613
01e1282302e12623
00050463449000ef
08412903e31fe06f
02c1270308012483
000b099301012f03
00012503879ff06f
000a859307c10613
01e1282302e12623
00050463411000ef
08412903df9fe06f
02c1270308012483
000b099301012f03
000b0c9386dff06f
0090051300a00613
fffc8c9302c7f733
0307071300078593
02c7d7b300ec8023
419b04b3feb564e3
920ff06f00090f13
07c1061300012503
02e12623000a8593
3a5000ef01e12823
d8dfe06f00050463
0841290306412603
01012f0302c12703
ec9fe06f000b0413
01c1278301812803
0008051300080613
0007859300078693
020512e3401080ef
fff00793fdfd7713
10096f1302e12623
047007936ef98863
01c1278368f70263
0007849300000293
066007934e07c063
0030069300098713
018126034efd1063
0641079306810813
0005059300060513
0741089300012503
02512a2300048613
00e1282301e12a23
01012703529020ef
01412f0306600793
00050c9303412283
00fd1c6300e50833
03000793000cc683
0641278356f68063
0181278300f80833
0000061300048593
0000069300078513
01012a2302512a23
0c9070ef01e12823
0141280301012f03
4205066303412283
0107fe6307412783
0017871303000693
00d7802306e12a23
ff07e8e307412783
00e1282306412703
00f12a23419787b3
0470071302c12783
0660079314e78463
0101270318fd1263
0137e7b300197793
72079c637ee05663
06600d1301012483
5002886300048713
04f10fa302d00793
ed9fe06f00000993
07c1061300012503
02e12623000a8593
205000ef01e12823
bedfe06f00050463
02c1270308412903
000b041301012f03
00012503b14ff06f
000a859307c10613
01e1282302e12623
000504631d1000ef
08412903bb9fe06f
01012f0308012483
000b099302c12703
000b8513e8cff06f
8c9fe06ff68fd0ef
01012f0300048693
0007041300040493
0099093302c12703
00d4202300178793
6807cc63b0dfe06f
0000029301c12483
0181270300100993
0741089306410793
0005059300070513
0681081300012503
0020069300098713
00512a2300048613
36d020ef01e12823
01012f0300197793
00050c9301412283
0641278350079063
0741278300f12823
00f12a2340a787b3
ffd0079301012703
02e9ca6302f74c63
0101270301412783
00197f9350f74c63
5c0f966301012783
41f75713fff7c713
0007849300e7f733
ea9ff06f06700d13
01012703ffed0d13
02b0079307a10623
07112223fff70893
06f106a33208cc63
2d17c06300900793
0300071303088793
0040079306f107a3
02f1282306e10723
0301268301412703
00d704b300100793
0201278348e7d263
00f484b300012823
41f75713fff4c713
e39ff06f00e4f733
0201268302412783
fef42c2300840413
012685b308012783
00178793fed42e23
08f1202308b12223
20f6c26300700693
bbdfe06f00064463
40c004b3ff000693
800116b760d65663
00e12823ea868693
0004071301000993
000f0d1300700913
00c0006f00068413
4499d463ff048493
0017879301058593
0137222300872023
08f1202308b12223
fcf95ee300870713
07c1061300012503
7c4000ef000a8593
9adfe06f00050463
0801278308412583
fb5ff06f000b0713
fe9fd0ef000c8513
fff5471305f14683
0001282341f75713
00e5773300050493
0000099300090f13
c39fe06f00068463
01012f03c39fe06f
0007091300090693
0007899300098713
0014849300890933
c18ff06f00d9a023
cf4c8c9380011cb7
02d00793bedfe06f
02d0069304f10fa3
02c12f03bc9fe06f
0009069300098593
0006091300040993
0005871300070413
0017879301390933
0134222300d42023
08f1202309212223
0084041300700693
00012503eaf6da63
000a859307c10613
03e1262302e12a23
000504636e0000ef
084129038c9fe06f
02c12f0303412703
e80ff06f000b0413
000a859307c10613
6b4000ef000b8513
000007938a1fe06f
00012503d8dfe06f
000a859307c10613
03e1262302e12a23
00050463690000ef
08412903879fe06f
02c12f0303412703
e18ff06f000b0413
971ff06f00600493
00f1282306412783
bf5ff06f00080793
00f4c4b3800004b7
b19ff06f02d00293
0450079302c12703
00198713ccf71ae3
b11ff06f00200693
07c1061300012503
02e12623000a8593
61c000ef01e12823
805fe06f00050463
0841258306412603
02c1270308012783
000b041301012f03
985fe06f00064463
07b10513dc9ff06f
00a0061300050693
02c8e73306300813
0008859300068793
03070713fff68693
02c8c8b3fee78fa3
03088893feb842e3
ff168fa3ffe78713
06e1069338a77863
0017071300074603
fec68fa300168693
0f010713fea718e3
f8f7879340f707b3
cf5ff06f02f12823
40e788b300100793
cc1ff06f02d00793
0004859301812683
0006851300000613
02512c2300000693
00e12a2303012a23
370070ef01e12823
0141270301012f03
0381228303412803
0641278326051463
00f1282300f80833
00f12a23419807b3
05f14683ad5ff06f
0006846300000993
9cdfe06f9cdfe06f
07c1061300012503
02e12a23000a8593
4f4000ef03e12623
edcfe06f00050463
0841290306412683
02c12f0303412703
cccff06f000b0413
00000793000f0913
01c12783a19fe06f
00078493b40982e3
b407d4e300000293
00f4c4b3800004b7
b39ff06f02d00293
07c1061300012503
02e12623000a8593
48c000ef01e12823
e74fe06f00050463
0141278306412683
02c1270308412903
000b041301012f03
ca8ff06f40d786b3
919ff06f00600993
0001282305f14683
0009849300098713
0000099300090f13
8f9fe06f00068463
800116b78f9fe06f
a24ff06fe9868693
961ff06f01350833
e9868693800116b7
800116b7b34ff06f
ec5fe06fea868693
00f12223fff00793
00197793e24fe06f
b6079ce300f12823
41f75713fff4c713
9b9ff06f00e4f733
0201270301412783
0101278300e784b3
0101278300f04863
0018049340f48833
41f75713fff4c713
06700d1300e4f733
00040693985ff06f
0101270300070413
009585b3000d0f13
00d4202300178793
08b1222300942223
0070069308f12023
f08fe06f00f6c463
07c1061300012503
02e12623000a8593
364000ef01e12823
d4cfe06f00050463
0801278308412583
01012f0302c12703
ed4fe06f000b0413
0a07c26301c12783
0470079305f14683
80011cb709a7c663
fc8fe06fcf8c8c93
06700d1302012703
fff4c71300e784b3
00e4f73341f75713
020127838ddff06f
06600d1300e98833
fff4c71300f804b3
00e4f73341f75713
800004b78bdff06f
02d0029300f4c4b3
969ff06f00100993
40e787b300100793
00f8083306f12223
800116b7ffcff06f
b55ff06fea868693
ea868693800116b7
80011cb791dff06f
f40fe06fcfcc8c93
04f10fa302d00793
f59ff06f02d00693
ea868693800116b7
00812783b69ff06f
004787930007a983
00f124230009c863
ac8fe06f000d8493
00f12423fff00993
00079a63ff1ff06f
06600d1300100713
819ff06f00100493
06600d1302012783
013804b300178813
41f75713fff4c713
ff8ff06f00e4f733
02f1282300200793
800116b7989ff06f
e71ff06fea868693
f3c1a50300050793
0005861300060693
8ccfe06f00078593
00c59783b8010113
46812c2300e5d703
000105b700058413
06442e03ffd58593
0244288301c42303
00b7f7b301071713
4000081300e7e7b3
0081059300f12a23
46912a2307010793
46112e2347212823
07c1262300050913
0311262302612223
00f12c2300f12423
01012e2301012823
854fe0ef02012023
02055c6300050493
0407f79301415783
00c4578300078863
00f416230407e793
4781240347c12083
0004851347012903
4801011347412483
0081059300008067
448010ef00090513
fff00493fc0500e3
0645a783fb9ff06f
01612823fd010113
0127971302112623
0e07586300060b13
0321202300862783
01512a2301312e23
0005891301712623
0005099300062b83
0a078863fff00a93
0291222302812423
0181242301412c23
000ba403004bac03
060a0663002c5a13
00c0006f00000493
049a0c6300440413
0009061300042583
3d9010ef00098513
ff5512e300148493
0241248302812403
01c1298302012903
01412a8301812a03
00812c0300c12b83
02c12083fff00513
000b2223000b2423
0301011301012b03
008b278300008067
418787b3ffcc7c13
008b8b9300fb2423
02812403f6079ce3
01812a0302412483
0201290300812c03
01412a8301c12983
0000051300c12b83
40c010effadff06f
000b242302c12083
01012b03000b2223
0000806703010113
0007046300862703
00062223ed5ff06f
0000806700000513
0d312623f2010113
0bb126230b812c23
00a120230c112e23
00060d9300058993
0005066300068c13
58078ee303452783
0127971300c99783
0649a70302074663
ffffe6b700002637
fff6869300c7e7b3
4107d79301079793
00f9962300d77733
0087f71306e9a223
0109a70312070863
01a7f79312070463
12e78e6300a00713
0d212823800117b7
060109130b712e23
80011bb7eb878793
0c912a230c812c23
0d5122230d412423
0b912a230d612023
032126230ba12823
0201282302012a23
0001262300090713
00f1282300012223
02cb8b9301000413
10078663000dc783
02500693000d8493
0014c7832ed78663
fe079ae300148493
0fb4866341b48a33
0301278303412683
00da06b301b72023
0147222300178793
02f1282302d12a23
0087071300700613
2e0682e302f65063
02c1061300012503
d89ff0ef00098593
000907130a051863
0004c78300412683
00d12223014686b3
0014879308078863
fff00693020103a3
00000c9300000493
0007c60305800513
fe06079300178d93
010125830ef56863
00b787b300279793
000780670007a783
0009859300012503
4c051ee3748010ef
00a0071300c99783
ece796e301a7f793
ec07c2e300e99783
0dc1208300012503
000d8613000c0693
0ac12d830b812c03
0cc1298300098593
4ed0006f0e010113
42079ce303412783
0d81240300c9d783
0407f7930d412483
0c812a030d012903
0c012b030c412a83
0b412c830bc12b83
460792e30b012d03
004125030dc12083
0b812c030cc12983
0e0101130ac12d83
0000049300008067
00900813fd060793
00249593000dc603
00159593009585b3
fd06079300b784b3
fef872e3001d8d93
f0f57ce3fe060793
02c10c23f6060ce3
00100a13020103a3
03810a9300100b13
00000f1300000693
084cff9303012603
0016059303412783
000f966300058e13
03a040e341448d33
02058a6302714583
0017879302710613
0010061300c72023
02f12a2300c72223
0070061303c12823
000e061379c64263
001e0e1300870713
02810613060f0063
00c7202300278793
00c7222300200613
03c1282302f12a23
7bc6586300700613
00012503100786e3
0009859302c10613
01f1242300d12a23
ec0512e3b9dff0ef
0341278303012603
00812f8301412683
00160e1300090713
54bf826308000593
63a0486341668d33
0157202300fb07b3
02f12a2301672223
0070069303c12823
0607886351c6d463
02c1061300012503
b41ff0ef00098593
03412783e60514e3
004cf31300090713
41448b3300030663
0144d46305604e63
00412703000a0493
00e1222300970733
0201282366079e63
d15ff06f00090713
000d8793010cec93
41b48a33da5ff06f
0004c783d3b494e3
02012823d79ff06f
7c030063004cf313
7b605c6341448b33
0100069300090713
2566d8e303012603
01ce0e1380011e37
00700a9301000d13
002605930180006f
0006861300870713
056d5c63ff0b0b13
0016069301078793
01a7222301c72023
02d1282302f12a23
42078a63fcdadae3
02c1061300012503
01c1242300098593
d80516e3a65ff0ef
ff0b0b1303012603
00812e0303412783
0016059300090713
016787b3fb6d48e3
0167222301c72023
02b1282302f12a23
f0b754e300700713
0001250370078663
0009859302c10613
d2051ee3a15ff0ef
ee9ff06f03412783
000c2603010cf793
10079a63004c0c13
00060793040cf593
04064063000592e3
0406c86302714503
04061463f7fcfc93
00000a1316069ae3
00090a9300000b13
001a0a1300050463
d80f02e3002cff13
00200f13002a0a13
02d00793d79ff06f
40c007b302f103a3
f7fcfc930006c463
0090061302d00513
0307879374f66463
04f10fa30ff7f793
00d0446300068a13
00100b1300100a13
fa0514e305f10a93
000c2483fa9ff06f
e604d0e3004c0c13
004cec93409004b3
bf9ff06f000d8793
02a00793000dc603
10f600e3001d8893
00900693fd060793
0090081300000593
0008c6030af6e4e3
00b686b300259693
00d785b300169693
00188893fd060793
00058693fef872e3
00088d937405c063
000c2603badff06f
004c0c13010cec93
ef9ff06f00060793
000d8793080cec93
02b00793b85ff06f
000d879302f103a3
001cec93b75ff06f
b69ff06f000d8793
da079ce302714783
02f103a302000793
b51ff06f000d8793
020103a3000c2783
02f10c23004c0c13
00100b1300100a13
c45ff06f03810a93
010ceb13000c2783
020103a3004c0c13
000b0c9300100613
ec06c8e300000513
56079263f7fb7c93
5e061e6374069263
640b0263001b7b13
04f10fa303000793
05f10a93000b0a13
000c2783e79ff06f
004c0c13010ceb13
00000613020103a3
fa06dee3000b0c93
0077f61300090a93
feca8fa303060613
000a85930037d793
fe0794e3fffa8a93
16078a63001cf793
16f6066303000793
fefa8fa3ffe58593
00068a1340b90b33
00058a936166c663
010cf613e11ff06f
004c0c13000c2783
040cf61300061a63
0107979300060663
000c8b130107d793
010cf793f81ff06f
040cf31302079063
000c278300030c63
004c0c1300412683
995ff06f00d79023
00412683000c2783
00d7a023004c0c13
040cec93981ff06f
a11ff06f000d8793
000c2783010cf613
00061a63004c0c13
00060663040cf613
0107d79301079793
ec9ff06f000c8b13
020103a3000c2a83
620a8a63004c0c13
000686135606ca63
000a851300000593
00d1242300e12a23
0081268340c010ef
00068b1301412703
41550b3300050463
fffb4a1302714783
014b7a3341fa5a13
00000f1300000693
aa5ff06fd0079ee3
8306061300008637
8001163702c11423
000c2783d1460613
004c0c13002cec93
020103a300c12623
00200613000c8b13
00090a93e406d4e3
00f7f61300c12583
00c58633fffa8a93
0047d79300064603
fe0792e300ca8023
00068a1341590b33
000b0a13cb66dce3
00100713cb1ff06f
000b079302e12823
0761222307512023
0009071303612a23
b19ff06f00870713
0000061300100593
b9dff06f00090713
aba05ee341448d33
5da5d86301000593
02c58593800115b7
01000e1300b12423
0180006f00700f13
0087071300260513
ff0d0d1300058613
0081250307ae5263
0016059301078793
01c7222300a72023
02b1282302f12a23
16078063fcbf58e3
02c1061300012503
00d12a2300098593
8e0516e3dc4ff0ef
01000e1303012603
03412783ff0d0d13
0009071301412683
00700f1300160513
00812603fbae42e3
01a7222301a787b3
02f12a2300c72023
0070061302a12823
4a07886338a65263
02c1061300012503
00d1242300098593
880516e3d64ff0ef
0301260300812683
41668d3303412783
00160e1300090713
47a454639da05ce3
00700e9301712423
00260e130180006f
0005861300870713
05a45a63ff0d0d13
0016059301078793
0087222301772023
02b1282302f12a23
06078063fcbedae3
02c1061300012503
cf0ff0ef00098593
0301260380051ce3
03412783ff0d0d13
00160e1300090713
fba44ae300700e93
01a787b300812683
00d7202301a72223
03c1282302f12a23
1dc6c86300700693
001e0e1300870713
00100e13939ff06f
0009071300000613
00012503f71ff06f
0009859302c10613
96050ce3c84ff0ef
00100513fa8ff06f
0009071300000613
04078263e6dff06f
02c1061300012503
00d12c2300098593
01e1242301f12a23
f6051a63c4cff0ef
0341278303012603
01412f8301812683
0009071300812f03
84dff06f00160e13
02810793240f0663
0020079306f12023
00100e1306f12223
000e061300090713
001e0e1300870713
01000513881ff06f
80011e3737a55463
01000e9301ce0e13
01c0006f00700293
0087071300260513
ff0d0d1300058613
0016059307aedc63
01c7202301078793
02f12a2301d72223
fcb2dae302b12823
0001250308078263
0009859302c10613
00d12c2301c12e23
01e1242301f12a23
ea051a63b8cff0ef
01000e9303012603
03412783ff0d0d13
0181268301c12e03
00812f0301412f83
0016051300090713
f9aec8e300700293
01c7202301a787b3
02f12a2301a72223
0070061302a12823
008707130aa64263
0005061300150e13
00000613f18ff06f
0009071300100513
0144d463f4dff06f
00412783000a0493
00f12223009787b3
f7fcf313ffcff06f
0020061300236c93
2cb60e6300100593
acb61ae300200593
c6078ce3c45ff06f
02c1061300012503
ad0ff0ef00098593
03012e03de051c63
0009071303412783
f4cff06f001e0e13
0009071302012823
00100e13d30ff06f
0009071300000613
16078263f20ff06f
02c1061300012503
00d12c2300098593
01e1242301f12a23
da051263a7cff0ef
0341278303012603
01412f8301812683
0009071300812f03
e44ff06f00160e13
00000b1300000a13
88dff06f00090a93
00a0059300090a93
02b7f63300900e93
00078e13fffa8a93
00ca802303060613
ffcee4e302b7d7b3
00068a1341590b33
000b0a138566d8e3
84dff06f840516e3
00090a9300000a13
00870713841ff06f
0005061300150e13
01061613e78ff06f
0006079341065613
00000613ff4ff06f
0009071300100e13
000b0a13e50ff06f
805ff06f00058a93
00088d93fff00693
000a8513c6cff06f
b11fc0ef00e12423
00050b1300812703
800117b7aa9ff06f
00f12623d0078793
000c2783010cf593
00059a63004c0c13
00058663040cf593
0107d79301079793
aa058ce3001cf593
03000593aa078ae3
02c104a302b10423
e406d8e3020103a3
aa9ff06f002cec93
d1478793800117b7
fadff06f00f12623
0807006302714703
06f1202302710793
06f1222300100793
0009071300100e13
00100593d2cff06f
00000513e2b610e3
f80ff06f03000793
a64ff06ffe1fb0ef
00068b1300600793
8001183702d7ea63
d2880a93000b0a13
800116b7ca0ff06f
00d1242302c68693
00100e13c01ff06f
0009071300000613
00600b13d48ff06f
00000613fcdff06f
0009071300100e13
00012503cc8ff06f
0009859302c10613
bbcff06f894ff0ef
0005851380011e37
d2dff06f01ce0e13
0000069300088d93
80011e37b2cff06f
01ce0e1300160593
03000793e24ff06f
80011637edcff06f
000e051302c60613
ab1ff06f00c12423
00f12223fff00793
000c2683b98ff06f
0006c863004c0c13
000d879300088d93
fff00693ad4ff06f
ff1ff06f00088d93
e80ff06f00000513
f3c1a50300050793
0005861300060693
934ff06f00078593
00c59783b8010113
46812c2300e5d703
000105b700058413
06442e03ffd58593
0244288301c42303
00b7f7b301071713
4000081300e7e7b3
0081059300f12a23
46912a2307010793
46112e2347212823
07c1262300050913
0311262302612223
00f12c2300f12423
01012e2301012823
8bcff0ef02012023
02055c6300050493
0407f79301415783
00c4578300078863
00f416230407e793
4781240347c12083
0004851347012903
4801011347412483
0081059300008067
370000ef00090513
fff00493fc0500e3
ff010113fb9ff06f
0121202300112623
0081242302058863
0005841300912223
0005066300050493
0c078c6303452783
0207926300c41783
0041248300812403
0000091300c12083
0001290300090513
0000806701010113
0004851300040593
02c427830b8000ef
00078a6300050913
0004851301c42583
06054463000780e7
0807f79300c45783
0304258306079663
0404079300058c63
0004851300f58663
02042823b85fc0ef
0005886304442583
b71fc0ef00048513
d79fb0ef04042223
d75fb0ef00041623
0081240300c12083
0009051300412483
0101011300012903
00c4578300008067
0807f793fff00913
01042583f8078ee3
b29fc0ef00048513
d0dfb0eff8dff06f
00050593f29ff06f
ef1ff06ff3c1a503
fe01011300c59703
0131262300812c23
0087779300112e23
0005099300058413
000017b712079063
0045a68380078793
00f5962300f767b3
0284280318d05263
00912a230e080463
0009a48301371693
01c425830009a023
000006131606ce63
0009851300100693
fff00793000800e7
1af5046300050613
0284280300c41783
0047f79301c42583
0044270300078e63
40e6063303042783
03c4278300078663
0000069340f60633
000800e700098513
12f51463fff00793
01d007930009a683
16d7ea6300c41703
00178793204007b7
0017f79300d7d7b3
0104260316078063
7ff78793fffff7b7
00f4162300f777b3
00c4202300042223
0007d46301371793
0304258310068263
100584630099a023
00f5866304040793
9f1fc0ef00098513
0204282301412483
01c1208300000513
00c1298301812403
0000806702010113
0105a90301212823
00912a2308090263
003777130005a483
412484b30125a023
0007146300000793
00f424230145a783
0540006f00904863
0490566300a90933
01c4258302442783
0009061300048693
000780e700098513
fca04ee340a484b3
0101290300c41703
0141248304076713
fff0051300e41623
03c5a683f75ff06f
f65ff06fe6d04ee3
0101290301412483
05042603f59ff06f
00c41703eadff06f
fffff7b701042683
00f777b37ff78793
0004222300f41623
0137179300d42023
03042583f007d2e3
0099a02304a42823
01412483f00590e3
0009a783f11ff06f
01d00713e4078ce3
0160071300e78c63
00c4170300e78863
f71ff06f04076713
014124830099a023
fe010113ee1ff06f
00112e2300812c23
0005066300050413
02078a6303452783
00079c6300c59783
0181240301c12083
0201011300000513
0004051300008067
01c1208301812403
d6dff06f02010113
a5dfb0ef00b12623
fc5ff06f00c12583
0005059306050063
00050663f3c1a503
00078c6303452783
0007966300c59783
0000806700000513
fe010113d31ff06f
00a1242300b12623
a15fb0ef00112e23
0081250300c12583
0207946300c59783
0000051301c12083
0000806702010113
c3018613800085b7
c4018513c5458593
01c12083a35fb06f
cddff06f02010113
2c07846300862783
fd01011300c59683
01412c2302812423
0211262301612823
00060b130086f793
0005841300050a13
0105a78308078e63
0291222308078a63
01312e2303212023
0026f79301512a23
0a078463000b2483
01c4258302442783
0000099380000ab7
c00a8a9300000913
000a051300098613
0009069304090263
000a8693012af463
46a05063000780e7
00a989b3008b2783
40a787b340a90933
1a07866300fb2423
01c4258302442783
000a051300098613
0004a983fc0912e3
008484930044a903
00040593fa9ff06f
43c000ef000a0513
00c416831c051c63
0321202302912223
01512a2301312e23
000b24830026f793
01712623f60790e3
0016f79301812423
000427831c079663
80000ab700842703
00000b9301912223
fffa8a9300000993
00070c1300078513
2006f61310098263
00070c9328060863
4806f71332e9e663
0144260308070a63
0016171301042583
40b7893300c70733
00ec0c3301f75c13
401c5c1300190793
000c0613013787b3
00078c1300fc7663
4006f69300078613
0006059330068e63
d79fa0ef000a0513
34050c6300050c93
0009061301042583
00c45783908fc0ef
0807e793b7f7f793
012c853300f41623
01942823412c07b3
00a4202301842a23
00f4242300098c13
000c861300098c93
7ec000ef000b8593
0004278300842703
4187073300098913
00e42423019787b3
0000099300f42023
012b8bb3008b2783
00fb2423412787b3
0004278302078663
00c4168300842703
00070c1300078513
0004ab83f00992e3
008484930044a983
00c12b83ee9ff06f
00412c8300812c03
0281240302c12083
0201290302412483
01412a8301c12983
01012b0301812a03
0301011300000513
0004059300008067
ca1ff0ef000a0513
00c417830a050e63
00812c0300c12b83
0201290302412483
01412a8301c12983
00f416230407e793
0281240302c12083
01012b0301812a03
03010113fff00513
0000051300008067
00000a9300008067
00000c1300000513
0809826300000993
000a879308050a63
0137f46300098b93
0004250300078b93
0084290301042783
00a7f66301442683
0979446300d90933
0244278316dbc063
000c061301c42583
000780e7000a0513
f4a05ce300050913
00100513412a8ab3
008b2783f20a8ee3
412989b3012c0c33
00fb2423412787b3
00c12b83f80796e3
eedff06f00812c03
000487930044a983
fe098ae300848493
000986130007ac03
000c051300a00593
14050a63464000ef
41850ab300150513
000c0593f55ff06f
62c000ef00090613
0004059300042783
012787b3000a0513
b69ff0ef00f42023
ec9ff06ff6050ce3
04f6e26301042683
02c9ee6301442603
013af46300098793
02c7e6b3000a8793
01c4258302442703
000a0513000b8613
000700e740d786b3
04a05a6300050913
dfdff06f412989b3
00e9f46300070913
0007851300098913
000b859300090613
008427035a8000ef
4127073300042783
00e42423012787b3
fc0712e300f42023
000a051300040593
fa050ae3ad5ff0ef
00c12b8300c41783
00412c8300812c03
00098c13e31ff06f
d69ff06f00098c93
000c0593000b8613
00842703550000ef
000b891300042783
017787b341770733
00f4202300e42423
000a0513e99ff06f
00050c93220030ef
01042583d00516e3
b28fc0ef000a0513
00c0071300c41783
00812c0300c12b83
00ea202300412c83
dbdff06ff7f7f793
00078a9300198793
00c41783e09ff06f
00c00713da9ff06f
00c12b8300c41783
00412c8300812c03
d8dff06f00ea2023
ff010113f3c1a783
0091222300812423
0005049300112623
0007866300058413
0e070c630347a703
0087f71300c41783
0104270306070a63
0017f69308070663
0144268302068863
0000051300042423
00d42c2340d006b3
00c1208302070a63
0041248300812403
0000806701010113
000006130027f693
0144260300069463
0000051300c42423
0807f713fc071ae3
0407e793fc0706e3
fff0051300f41623
0107f713fbdff06f
0047f71308070063
0104270302071c63
00f416230087e793
2807f693f6071ee3
f6c688e320000613
0004851300040593
00c41783788030ef
f59ff06f01042703
00058e6303042583
00e5886304040713
9d8fc0ef00048513
0204282300c41783
fdb7f79301042703
00e4202300042223
00078513fa1ff06f
f05ff06fba0fb0ef
00e4a02300900713
00f416230407e793
f21ff06ffff00513
00812c23fe010113
0121282300912a23
0005091300112e23
0006041300058493
001007932c0000ef
fff4879300f51c63
00f766630fe00713
0240006f00910623
0004861305c40693
0009051300c10593
fff007935d0030ef
02050c6308f50463
00c1458300842783
00f42423fff78793
018427030007da63
00a0079302e7cc63
0004278302f58863
00e4202300178713
01c1208300b78023
0101290301812403
0141248300048513
0000806702010113
0009051300040613
fff007930d9030ef
fff00513fcf51ae3
0181240301c12083
0101290301412483
0000806702010113
fff0051300c45783
00f416230407e793
00c61783fd9ff06f
0207406301279713
000026b706462703
000026b700d7e7b3
00f6162300d76733
ee5ff06f06e62223
00812c23fe010113
00112e23f3c1a403
0005059300058613
0344278300040663
00c6178304078063
0207406301279713
000026b706462703
000026b700d7e7b3
00f6162300d76733
0004051306e62223
01c1208301812403
e85ff06f02010113
0004051300a12423
9f4fb0ef00c12623
0081258300c12603
00357793fadff06f
02078a630ff5f693
02060e63fff60793
0180006ffff00613
0035771300150513
fff7879300070e63
0005470302c78063
00008067fed714e3
0030071300060793
0607906300f76863
0000806700000513
008597130ff5f593
0105971300b705b3
80808837feff08b7
eff8889300e585b3
0030031308080813
ffc787930100006f
fcf370e300450513
00e5c73300052703
fff7471301170633
0107773300e67733
00f507b3fc070ee3
0015051300c0006f
00054703f8a78ce3
00008067fed71ae3
00112623ff010113
02060e6300912223
04058593800115b7
0081242300060513
208000ef00060413
02051263800114b7
03c4851300812403
0041248300c12083
0000806701010113
fe9ff06f800114b7
0004051303c48593
fc050ae31d4000ef
354585938000f5b7
1c0000ef00040513
00812403fc0500e3
fbdff06f00000513
00008067e881c503
00112623ff010113
02058e6300912223
0005841300812423
04058593800115b7
180000ef00040513
02051263800114b7
03c4851300812403
0041248300c12083
0000806701010113
fe9ff06f800114b7
0004051303c48593
fc050ae314c000ef
354585938000f5b7
138000ef00040513
00812403fc0500e3
fbdff06f00000513
000080670f050513
00008067e5018513
00008067e5018513
00c5873302a5f663
00c507b302e57263
fff7468304060663
fff70713fff78793
fef518e300d78023
00f0079300008067
0005079302c7e863
0c060263fff60693
00d786b300168693
001787930005c703
fee78fa300158593
00008067fed798e3
0037f79300b567b3
ff06089308079663
01088893ff08f893
00058713011506b3
0007280300050793
0107879301070713
ff472803ff07a823
ff872803ff07aa23
ffc72803ff07ac23
fcd79ce3ff07ae23
011585b300c67813
0408046300f67713
ffc87813ffc70813
010687b300480813
0007288300058713
0047071300468693
fef698e3ff16ae23
010585b300367613
fff60693f49ff06f
f45ff06f00050793
0007061300008067
00b56733f31ff06f
00377713fff00393
7f7f87b710071063
00052603f7f78793
00f672b30005a683
00f282b300f66333
107292630062e2b3
0045260308d61663
00f672b30045a683
00f282b300f66333
0c729e630062e2b3
0085260306d61663
00f672b30085a683
00f282b300f66333
0c7298630062e2b3
00c5260304d61663
00f672b300c5a683
00f282b300f66333
0c7292630062e2b3
0105260302d61663
00f672b30105a683
00f282b300f66333
0a729c630062e2b3
0145859301450513
01061713f4d60ee3
00f71e6301069793
0106d79301065713
0ff5759340f70533
0000806702059063
0107d79301075713
0ff5759340f70533
0000806700059463
0ff7f7930ff77713
0000806740f70533
0005c68300054603
0015859300150513
fe0616e300d61463
0000806740d60533
0045859300450513
00000513fcd61ce3
0085051300008067
fcd612e300858593
0000806700000513
00c5859300c50513
00000513fad618e3
0105051300008067
f8d61ee301058593
0000806700000513
00912a23fe010113
0105a48301052783
1c97c06300112e23
00249313fff48493
0145841300812c23
0141242301312623
01450a13006409b3
006a03330009a783
0121282300032703
0017879301512223
00050a9302f75933
000105370af76a63
000a081300040893
0000069300000e93
0008a703fff50513
0048081300082e03
0107571300a77633
010e5e1300ae77b3
0326063300488893
01d6063303270733
41d787b300a67eb3
00d787b301065613
00a7f7b34107d693
00a7763300c70733
01c686b340c686b3
00c7e7b301069613
01075e93fef82e23
f919fce34106d693
0207946300032783
006a6863ffc30313
fff484930180006f
00032783006a7863
fe0788e3ffc30313
000a8513009aa823
08054c631c4020ef
000a059300010537
fff5051300000713
000426030005a683
00a6f7b300458593
410787b300a67833
4107d71300e787b3
0106d69301065613
00d7073340c70733
00a7f7b301071693
0044041300d7e7b3
41075713fef5ae23
00249793fa89fce3
0007a70300fa07b3
ffc7879302071463
0180006f00fa6863
00fa7863fff48493
ffc787930007a703
009aa823fe0708e3
0181240300190913
00c1298301c12083
00412a8300812a03
0009051301412483
0201011301012903
01c1208300008067
0000051301412483
0000806702010113
f401011303852303
0a912a230a812c23
0b5122230b212823
0a112e2309b12623
00e12e230b312623
0111282300f12a23
00c1242302b12623
00058d9300050413
00068a9300060493
0203026300080913
0010079303c52703
00e797b300030593
00f3242300e32223
02042c236c0010ef
0000069300048993
001494930004dc63
00f124230014d793
0010069300078993
00d920237ff00737
60e6886300e9f6b3
000d851300812483
0004859300000613
03b1202300000693
339040ef02912223
0141270304051a63
00f7202300100793
0007086301012703
d3178793800117b7
800119b700f72023
0bc12083d3098993
0b4124830b812403
0a412a830b012903
0009851308c12d83
0c0101130ac12983
0004861300008067
07c1069307810713
00040513000d8593
0b6120230b412423
09812c2309712e23
09a1282309912a23
3e4020ef0149d913
5a09126300050493
07c1290307812b83
012b893302000793
32e7d0e343290713
40e787b304000793
00f997b341290513
00a7e53300add533
fe1007b7679050ef
0005071300100693
fff9091300b787b3
ee81a60304d12423
00070513eec1a683
3b4050ef00078593
ef41a683ef01a603
ef81a6034d1040ef
1dd030efefc1a683
0009051300050a13
56d050ef00058993
f041a683f001a603
000506134a9040ef
000a051300058693
1ad030ef00098593
0005899300050b13
00050a134bd050ef
000b051300098593
0000069300000613
02055063369040ef
51d050ef000a0513
00098693000b0613
00a035331c5040ef
412b893340aa0a33
fff90b1301600793
800117371d47e8e3
0f070713003a1793
0007a60300e787b3
020125030047a683
315040ef02412583
fffa0a131e055ae3
00012c2302012e23
4a0a5463480b4c63
0341242301812783
00f12c23414787b3
02f12c23414007b3
00000a1300900793
005007934957ec63
ffca8a931f57d0e3
0000091300300793
5f57d0e362fa88e3
52fa90e300400793
02f1282300100793
60c052e301c12603
00060c1304c12623
0010071301700693
00c6c46300400793
001797932f80106f
0007059301478693
fed678e300170713
0004051302b42e23
0005099335c010ef
2b00106f00051463
00e0079302a42c23
4e0904634f87e663
5ed05ae302812683
8001173700f6f793
003797930f070713
00e787b34046dc93
0007a803010cf693
520688e30047a703
2007a603800117b7
020125032047a683
04e1282302412583
0e4040ef05012023
0501270304012803
0005031300fcfc93
0030091300058d13
80011bb7040c8c63
1e0b8b9304812023
0007059300090413
001cf79300030913
000ba60300078e63
00080513004ba683
2b5040ef00140413
401cdc9300050813
fc0c9ce3008b8b93
0004091300090313
0005871304012403
0008061300070693
000d059300030513
00050713060040ef
03c1268300058793
f081a60302068863
00070513f0c1a683
04e1282300078593
14d040ef04f12023
0501270304012783
0100106f00055463
06f1202300090513
2ed050ef04e12023
0601278304012703
0007869300070613
04f1202304e12823
f181a603219040ef
724030eff1c1a683
04012783fcc006b7
00050c9305012703
320c0e6300b68bb3
0781202302812683
0007051306d12423
04e1282300078593
209050ef04f12023
8001163706012783
fff7869300050913
0f06079300369693
0046a80300d786b3
0006a78306f12623
0791222305012e23
255050ef04f12c23
0401278305012703
0005869300050613
0007859300070513
03012703058050ef
0309031300198d13
00050c9305a12023
5a0704e30ff37313
05812603f281a503
04b1202305c12683
04612823f2c1a583
06412603729030ef
014050ef000b8693
0501230304012883
00088693000c8613
0005091300698023
714040ef00058b93
00a0546304012883
f081a7837850006f
05412c23f0c1a803
05012a2304f12823
f101a783f141a803
0781262307612223
0000079304f12023
0501222306012c03
0751202300078b13
0900006f00088a13
018b4463001b0b13
040126037850006f
0009051304412683
0ad040ef000b8593
0441268304012603
00058b9300050913
000a0593000c8513
00058c93091040ef
0b9050ef00050a93
135050ef00050a13
0005869300050613
000c8593000a8513
030a0793741040ef
000b869300090613
001d0d1300fd0023
00058a1300050c93
00055463740040ef
050125036b50006f
000c861305412583
705040ef000a0693
000b869300090613
f4055ae3718040ef
000d0b9306812783
0390061300178c13
657986e30080006f
000b8d13fffbc683
fec688e3fffb8b93
0ff6f69300168693
000c0d9300db8023
014126834d00006f
00c9979300002737
00c7d79370f70713
01b7e7b300e6a023
010127830a078063
05898993800119b7
800117b7a0078ae3
0101270305b78793
a01ff06f00f72023
3ff006b702412783
00c7979307812b83
0201270300c7d793
c019091300d7e7b3
a89ff06f04012423
412787b300100793
00000b1300f12c23
03412423b60a40e3
0090079302012c23
b757f8e3014b0b33
0010091300100793
02f1282300000a93
00012e23fff00c13
0581262302042e23
bb1ff06f00000593
800119b701012783
96078ce304c98993
05478793800117b7
00090513f65ff06f
04e1202306f12023
040127037b0050ef
0007061306012783
04e1282300078693
6dc040ef04f12023
f1c1a683f181a603
040127833e8030ef
fcc006b705012703
00b68bb300050c93
f241a683f201a603
0007859300070513
000c8613581040ef
00050d13000b8693
48c040ef00058913
800007b74ea042e3
000c86130177c7b3
00078693000d0513
56c040ef00090593
07c1278306054863
028126831807ce63
18d7486300e00713
8001173702812783
003797930f070713
0007aa0300e787b3
01c127830047aa83
058046630407d863
f201a603020c1863
000a0513f241a683
61c040ef000a8593
0005869300050613
0241258302012503
44a04ce3500040ef
0201202300098d13
01c1278300000913
6940006ffff7cd93
04f1202300198793
0241290302012b03
000a8693000a0613
00090593000b0513
5f8050ef3a9030ef
674050ef00050d13
000a8693000a0613
000506135b0040ef
000b051300058693
475040ef00090593
00f98023030d0793
04012b8300100613
0005869300050713
f101a7830ccc0ce3
00100d93f141a803
0101262300f12423
000a06130600006f
000b0513000a8693
335030ef00090593
00050d13584050ef
000a0613600050ef
53c040ef000a8693
0005061300058693
000b051300090593
001b8b93401040ef
001d8d93030d0793
00050713fefb8fa3
07bc02e300058693
0006859300812603
0007051300c12683
000006134f8040ef
00050b1300000693
250040ef00058913
02812783f6051ee3
00178d93000b8d13
030127031c00006f
03812b8326071663
0201282301812c83
020c826300000913
000c879303605063
01812703679b4463
40fb0b3340fc8cb3
00e12c2340f70733
0207826303812783
0007846303012783
03812603060b9ce3
0004051300048593
000504933f4010ef
0004051300100593
02a12023100010ef
00100793500a1c63
016787b35557dc63
1e07806301f7f793
40f7073302000713
58e6d46300400693
40f707b301c00713
00fc8cb301812703
00f7073300fb0b33
0181278300e12c23
01605c6314f04063
000b061302012583
4d0010ef00040513
03c1278302a12023
4580546312079c63
2607906303012783
00178d9302812783
00100a1302012a83
000485930200006f
00a0061300000693
481000ef00040513
001a0a1300050493
00048513000a8593
03050b93b38ff0ef
ff778fa3014987b3
00100a13fd8a46e3
01498a3355804463
0004859300000a93
0004051300100613
0201258344c010ef
5d0010ef00050493
039006934ea05e63
5f498a630080006f
000a0d13fffa4783
fed788e3fffa0a13
00fa002300178793
0004051302012583
020902633d9000ef
012a8863000a8a63
00040513000a8593
000905933c1000ef
3b5000ef00040513
0004051300048593
014127833a9000ef
01b7a023000d0023
0007846301012783
0a812a0301a7a023
09c12b830a012b03
09412c8309812c03
d38ff06f09012d03
0007861300048593
398010ef00040513
eb1ff06f00050493
0004851302012583
ec0550e3514010ef
0004859302812783
00a0061300000693
fff78b1300040513
03012783355000ef
0c079e6300050493
15805ae304c12c03
e9dff06f02812d83
02f12e2300100793
01c00793e5cff06f
00100713e39ff06f
038127834d575463
4177ca63fffc0b93
0181278341778bb3
0e0c50e341878cb3
0004051300100593
000509136d1000ef
02012e23d75ff06f
ad2040e300012c23
412787b300100793
00000b1300f12c23
40e787b3aadff06f
cf4ff06f00fd9533
0010091300300793
e357c66344fa8c63
14fa8ce300200793
0000059302042e23
1c1000ef00040513
10050ce300050993
02f1282300100793
02a42c23fff00793
fff00c1304f12623
b41ff06f00012e23
0000069300090593
0004051300a00613
04c12c0325d000ef
098056e300050913
01905c6303612423
000c861300090593
248010ef00040513
00090b1300050913
02c12783500a1e63
00098c93fff98d13
0201298301312c23
018d0d330017f793
01b12e2300f12423
0004851300098593
00050c138c8ff0ef
0004851300090593
00050a1338c010ef
00098593000b0613
3d0010ef00040513
030c0b9300c52703
08071c6300050d93
0004851300050593
0005071335c010ef
00040513000d8593
185000ef00070d93
0e069a63015de6b3
74078a6300812783
017c8023760a4263
679d0463001c8a13
0000069300048593
0004051300a00613
00050493175000ef
00a0061300000693
0004051300090593
159000ef09690e63
00050913000b0593
00a0061300000693
141000ef00040513
000a0c9300050b13
00050593f31ff06f
0181298300040513
0fd000ef01c12d83
001df713000a4a63
01476733015a6a33
0004859306071e63
0004051300100613
0201258310c010ef
290010ef00050493
0390071324a05863
031c0b9324eb8c63
00090a9302812783
017c8023001c8d13
000b091300178d93
0c1000efcc1ff06f
00050b1300050913
eadff06f000a0c93
00812783720a4463
0147ea33015a6a33
f1b054e3700a0c63
0390071301812983
0281270320eb8063
00090a93001b8793
00170d93001c8d13
000b091300fc8023
00200793c69ff06f
00098d13bb57dce3
020125839a0c12e3
0050061300000693
049000ef00040513
02a1202300050593
1d8010ef00048513
0310079396a05ee3
0281278300f98023
00178d9300198d13
0004051302012583
7ec000ef001d8d93
c35ff06fc20916e3
000a061300050593
6b9000ef00040513
02a1202300100793
00000a131157de63
0107278302012703
0027979300378793
0047a50300f707b3
02000793251000ef
ab1ff06f40a787b3
0407906302c12783
00c7979300812783
0081268302079a63
0146d71300000793
00070c637ff77713
001b0b1301812783
00f12c2300178793
540a1c6300100793
0010079300078a13
a8d70ce3a65ff06f
40f707b303c00713
00100793a79ff06f
02f1282300500a93
0281270301c12783
00178c1300e787b3
000c061304f12623
00100613ad804c63
00051663ad0ff06f
b00790e3001bf793
fffa478303000693
fffa0a13000a0d13
b0dff06ffed78ae3
ab9ff06f000c0a13
999ff06f000b0793
0181270303812783
40fb87b303712c23
018707b300fa0a33
018b0b3300070c93
00000b9300f12c23
02c12783bd9ff06f
00812783ee0792e3
ec079ce300c79793
02012303f15ff06f
0020091302412d03
00200a93b00ff06f
a2cff06f02012823
001bf713dc0510e3
db5ff06fda0716e3
00fc802303900793
00090a9302812783
00178d93001c8a13
a49ff06f000b0913
00100c1300100793
e6cff06f00f12e23
f05ff06f02012823
3007046304812703
4337879301812703
00f707b300fb0b33
00070c9303812b83
b35ff06f00f12c23
00f9802303100793
a1dff06f001d8d93
3007886302812783
00fbf79340f00bb3
0f07071380011737
00e787b300379793
0047a6830007a603
0241258302012503
525030ef404bdb93
420b886300058d13
80011cb700200913
1e0c8c9304812023
0005071300090413
0005091300000613
02068063001bf693
004ca683000ca603
0014041300070513
000507134e1030ef
401bdb9300100613
fc0b9ae3008c8c93
0005879300090513
0401240300040913
00050713a4061263
a38ff06f000d0793
0007061300068593
1b5020ef00070513
000a061302812783
00178d93000a8693
0005891300050b13
275030ef000d8c13
000b0513c6a04663
000a061300090593
1d1030ef000a8693
001d7d1300051663
000b8d13c40d1663
00492583941ff06f
430000ef00040513
3605006300050a13
00c9059301092603
0026061300c50513
a0cfa0ef00261613
000a059300100613
4e9000ef00040513
aa9ff06f00050b13
000b861300090593
381000ef00040513
0005059300048613
0004051300050913
00050793139000ef
0004051300048593
474000ef00078493
417787b303812783
f4078e6302f12c23
05812603f44ff06f
0641250305c12683
000b859304b12823
3a5030ef02612823
0601278303012303
0069802300100693
0501288304a12423
00f98bb300058913
f101a78326d78c63
04912823f141a803
03012a2302f12823
000c851306812023
0301260300088593
001d0d1303412683
00058413351030ef
379040ef00050493
3f5040ef00050c93
0005869300050613
0004059300048513
1fc040ef030c8c93
fdab90e3ff9d0fa3
0601240305012483
0005889300050c93
f2c1a683f281a603
0009059304812503
00d020ef03112823
000c861303012883
1dd030ef00088693
0481260318054c63
f2c1a583f281a503
1a4040ef00090693
000c861303012883
0b5030ef00088693
07c1278310a04c63
02812703de07c663
dee7c06300e00793
06c1270302812783
00f707b300379793
0047aa830007aa03
07812703ca8ff06f
0360079301812683
00fb0b3340e787b3
03812b8300f687b3
00f12c2300068c93
02812783829ff06f
0181298300090a93
000b091300178d93
02012703ec4ff06f
0020091302412783
b20c0863fc5fe06f
bda0506304c12d03
0281278300078593
f101a603f141a683
00070513fff78793
20d030ef06f12423
0019051300050713
04b1202304e12823
050127032b1040ef
0007061304012783
1e5030ef00078693
f1c1a683f181a603
fcc006b76f0020ef
0501270304012783
00b68bb300050c93
fd9fe06f07a12023
001c0c1303100693
020120239c8ff06f
a39ff06f00000913
fffbc78303000613
fffb8b93000b8d13
06812783fec78ae3
e74ff06f00178d93
0181298303900713
95404ce3baeb88e3
01812983959ff06f
00078a13951ff06f
00078c93a41ff06f
018b0b33018787b3
f14ff06f00f12c23
00178c1306812783
05812a03934ff06f
06c12c0306412b03
ac0ff06f06012a83
0157c86300200793
04c12c0302812d83
04c12c03d40ff06f
971ff06f03612423
dfdff06f04012b83
ff57c4e300200793
0361242304c12c03
00050713f6cff06f
0020091300058793
800116b7e6dfe06f
05c6869380011537
2ef0059300000613
641010ef07050513
87b04ce301812983
800116b78a1ff06f
05c6869380011537
1af0059300000613
619010ef07050513
0000059302042e23
02012823d1dfe06f
e441a783cd9fe06f
0205806300078067
0406886304060263
00f5a02300064783
00a0353300064503
ff01011300008067
0206046300c10593
0006478302068a63
0006450300f5a023
0101011300a03533
0000051300008067
0000051300008067
ffe00513fedff06f
ffe0051300008067
04452783fddff06f
00812423ff010113
0011262300912223
0005849300050413
0024971302078c63
0007a50300e787b3
0005270304050463
0005282300e7a023
00c1208300052623
0041248300812403
0000806701010113
0040059302100613
04a4222359d010ef
fa051ce300050793
fd1ff06f00000513
0010091301212023
0059061300991933
0010059300261613
569010ef00040513
0125242300050a63
0001290300952223
00012903f95ff06f
f91ff06f00000513
0045a70302058063
0027171304452783
0007a70300e787b3
00b7a02300e5a023
fe01011300008067
0105a48300912a23
00812c2300010337
0131262301212823
0005891300112e23
0006841300050993
0000089301458813
00082783fff30313
0018889300480813
02c707330067f733
02c686b30107d693
0107d713008707b3
00e686b30067f7b3
00f707b301069713
0106d413fef82e23
02040263fc98c2e3
02f4de6300892783
0027979300448793
0087a22300f907b3
0099282300148493
0181240301c12083
00c1298301412483
0101290300090513
0000806702010113
0009851300492583
0015859301412423
00050a13e5dff0ef
0109260304050e63
00c5051300c90593
0026161300260613
00492703c39f90ef
002717130449a783
0007a70300e787b3
0127a02300e92023
000a091300448793
00f907b300279793
0014849300812a03
009928230087a223
800116b7f71ff06f
05c6869380011537
0ba0059300000613
371010ef0a850513
00812c23fe010113
0121282300912a23
0141242301312623
0090079300068993
00112e2300868693
0005091302f6c6b3
00060a1300058413
0d37da6300070493
0000059300100793
0015859300179793
00090513fed7cce3
00050593d85ff0ef
001007930a050c63
00952a2300f52823
0947d86300900793
00940a9301512223
01440433000a8493
00a006130004c683
fd06869300090513
00148493e1dff0ef
fe8492e300050593
008a8433ff8a0413
033a566300412a83
013409b3414989b3
00a0061300044683
fd06869300090513
00140413de5ff0ef
ff3412e300050593
0181240301c12083
0101290301412483
00812a0300c12983
0201011300058513
00a4041300008067
fa9ff06f00900a13
f41ff06f00000593
80011537800116b7
0000061305c68693
0a8505130d300593
239010ef01512223
0001073700050793
00e7f66300000513
0100051301079793
00e7f66301000737
0087979300850513
00e7f66310000737
0047979300450513
00e7ea6340000737
01f7d793fff7c793
0000806700f50533
0007ca6300279793
00074a6300179713
0000806702000513
0000806700250513
0000806700350513
0005071300052783
020684630077f693
000005130017f693
0027f69304069e63
0017d7930a068863
0010051300f72023
0107969300008067
000005130106d693
0ff7f69306068e63
00f7f69306068063
0037f69304068263
0017f69302068463
0017d79300069c63
0007966300150513
0000806702000513
0000806700f72023
0017f6930027d793
fe0696e300250513
0047d793fd5ff06f
004505130037f693
fddff06ffa069ee3
00f7f6930087d793
fa0690e300850513
0107d793fddff06f
010005130ff7f693
fddff06ff80692e3
00f720230027d793
0000806700200513
ff01011304452783
0091222300812423
0005041300112623
02078c6300058493
060502630047a503
00e7a22300052703
0081240300c12083
00952a2300100793
00f5282300052623
0101011300412483
0210061300008067
0e9010ef00400593
0005079304a42223
800116b7fa051ce3
05c6869380011537
1450059300000613
059010ef0a850513
0010059301c00613
0b1010ef00040513
00100793fc050ae3
0020079300f52223
f85ff06f00f52423
01212823fe010113
0105a90301312623
00912a2301062983
00112e2301412423
00058a1300812c23
01394c6300060493
0005849300098713
00060a1300090993
0084a78300070913
012984330044a583
00f585b30087a7b3
1a050e63a45ff0ef
0024189301450313
00030793011308b3
0007a02301137863
ff17ece300478793
00291e13014a0813
0029959301448e93
00be85b301c80e33
0154879313c87663
16f5f06300400f13
fff68693000106b7
010fdf930180006f
00480813080f9863
11c8706300430313
00dff3b300082f83
00030293fe0382e3
00000493000e8f93
0002a603000fa783
00d7f73300428293
0107d79302770733
0106561300d67933
027787b3004f8f93
0097073301270733
00d7773301075493
009787b300c787b3
00e6673301079613
0107d493fee2ae23
01e307b3fabfe8e3
00082f830097a023
f60f8ce3010fdf93
0003029300032703
00070493000e8613
0006278300000393
00d777330104d993
03f787b300d7f7b3
004282930042a483
00d4f93300460613
013787b3007787b3
00e3e73301079393
ffe65703fee2ae23
03f707330107d793
00f7073301270733
fab668e301075393
00e7a02301e307b3
0043031300480813
00804863f1c864e3
fff404130180006f
ffc8a78300040863
fe0788e3ffc88893
0085282301c12083
0141248301812403
00c1298301012903
0201011300812a03
409587b300008067
ffc7f793feb78793
e95ff06f00478f13
80011537800116b7
0000061305c68693
0a85051316200593
fe0101135fc010ef
0121282300812c23
00112e2301312623
0006041300367793
0005891300050993
402454130a079c63
00912a2306040a63
0c0486630409a483
0207906300147793
04040a6340145413
060506630004a503
0014779300050493
00048613fe0784e3
0009851300090593
02090063d61ff0ef
0449a78300492703
00e787b300271713
00e920230007a703
401454130127a023
fa041ae300050913
01c1208301412483
00c1298301812403
0101290300090513
0000806702010113
0004859300048613
d05ff0ef00098513
0005202300a4a023
f81ff06f00050493
80011737fff78793
002797930e070713
0007a60300f707b3
849ff0ef00000693
f29ff06f00050913
0009851300100593
00050493f5cff0ef
2710079302050063
0010079300f52a23
04a9a02300f52823
f0dff06f00052023
80011537800116b7
0000061305c68693
0a85051314500593
fe0101134ac010ef
0105aa8301512223
013126230085a783
01598ab340565993
00912a2300812c23
0141242301212823
001a891300112e23
0006041300058493
00050a130045a583
001797930127d863
ff27cce300158593
ec0ff0ef000a0513
0145081310050c63
0059899303305463
0135073300299993
0047879300080793
fee79ce3fe07ae23
01380833fec98993
014487930104a883
0028989301f47613
0a060463011788b3
40c585b302000593
0000069300080313
004303130007a703
00c7173300478793
fee32e2300d76733
00b6d6b3ffc7a683
01548793ff17e0e3
00f8ea6300400713
feb78793409887b3
00478713ffc7f793
00d8202300e80833
000a891300069463
044a27830044a703
0027171301c12083
0007a70300e787b3
0181240301252823
0097a02300e4a023
0141248301012903
00812a0300c12983
0201011300412a83
0007a70300008067
0048081300478793
fb17f4e3fee82e23
004787930007a703
fee82e2300480813
f91ff06ffd17eee3
80011537800116b7
0000061305c68693
0a8505131de00593
0105270331c010ef
000508130105a783
04f7126340f70533
0148081300279793
00f8073301458593
0080006f00f587b3
ffc7260302e87463
ffc70713ffc7a683
fed606e3ffc78793
00d6766300100513
00008067fff00513
0105a70300008067
ff01011301062783
0091222300812423
0121202300112623
0006049300058413
18f71e6340f706b3
0145861300279693
00d607b301448713
0080006f00d70733
ffc7a58318f67c63
ffc78793ffc72683
fed586e3ffc70713
00d5ea6300100913
0000091300048793
0007841300040493
cb8ff0ef0044a583
0104a8831a050663
01448f9301042283
0144081300289313
0145059300229293
0125262300010e37
005802b3006f8333
000f8e9300058f13
fffe0e1300000693
00082603000ea703
01c777b3004f0f13
407787b301c673b3
0107571300d787b3
4107d69301065613
00d7073340c70733
01c7f7b301071693
0048081300d7e7b3
004e8e93feff2e23
fa586ae341075693
4082843301540713
00e2b2b3feb40413
002454130012cf13
0a02846300400713
00e5883300ef8fb3
00080e1300010eb7
fffe8e93000f8613
000627830c6ff463
00460613004e0e13
00d7073301d7f733
410757130107d593
00d787b300b70733
0107169301d7f7b3
fefe2e2300d7e7b3
fc6664e341075693
41f30333fff30313
00680733ffc37313
ffc7278300079a63
ffc70713fff88893
00c12083fe078ae3
0115282300812403
0001290300412483
0000806701010113
e806dee300100913
00140713ea9ff06f
f55ff06f00271713
b50ff0ef00000593
00c1208306050063
0010079300812403
00052a2300f52823
0001290300412483
0000806701010113
000f166300000713
f7dff06f00e58733
00e5873300241713
800116b7f71ff06f
05c6869380011537
2450059300000613
080010ef0a850513
80011537800116b7
0000061305c68693
0a85051323700593
7ff007b7064010ef
fcc007b700b7f5b3
0000079300f585b3
0007851300b05663
40b005b300008067
013007934145d593
000807b700b7cc63
0000079340b7d5b3
0000806700078513
01e00713fec58593
00b7466300100793
00b7d7b3800007b7
0007851300000593
fe01011300008067
0105248300912a23
0145041300812c23
009404b300249493
ffc4a90301212823
0141242301312623
0005899300090513
d8cff0ef00112e23
40a707b302000713
00a0079300f9a023
08a7dc63ffc48a13
05447063ff550613
04060c63ff84a783
00d7d73340c706b3
00e9693300c91933
3ff00737ff848593
00c797b300e96733
ff44a60302b47e63
00d7e7b300d656b3
00b0079302c0006f
00c9193300f50c63
00e967333ff00737
0100006f00000793
3ff0073700000793
01c1208300e96733
0141248301812403
00c1298301012903
0007851300812a03
0201011300070593
00b0069300008067
3ff007b740a686b3
00f7673300d95733
0144766300000793
00d7d7b3ff84a783
00a9193301550513
fa9ff06f00f967b3
01512a23fd010113
0010059300058a93
01312e2302912223
0211262301412c23
0321202302812423
00068a1300060493
918ff0ef00070993
0010073710050263
fff707930144d913
000504137ff97913
000904630097f7b3
00f1262300e7e7b3
00c10513060a9263
00c12703cb8ff0ef
0094282300100493
0205079300e42a23
bcd9091308090863
0350049300f90933
40f48533012a2023
02c1208300a9a023
0281240300040513
0201290302412483
01812a0301c12983
0301011301412a83
0081051300008067
c54ff0ef01512423
0005079300c12703
0081260304050e63
40a686b302000693
00a7573300d716b3
00e1262300c6e6b3
0014849300e034b3
00e42c2300d42a23
f6091ce300942823
00e4073300249713
bce7879301072503
b84ff0ef00fa2023
40a4853300549493
00812683f69ff06f
800116b7fc1ff06f
05c6869380011537
30f0059300000613
589000ef0a850513
03212023fd010113
0081059300058913
0281242302112623
01312e2302912223
d69ff0ef00050993
0005841300050493
00c1059300090513
01092703d55ff0ef
00c126830109a783
0081270340e787b3
40d7073300579793
0005071300e787b3
0147979302f05e63
0005869300878433
0004059300048513
56d010ef00070613
0281240302c12083
0201290302412483
0301011301c12983
0147979300008067
fc9ff06f40f585b3
01212023ff010113
0170079300112623
04a7da6300050913
f0c1a583f081a783
0091222300812423
f141a483f101a403
0004061300078513
724020ef00048693
00050793fff90913
00812403fe0914e3
0041248300c12083
0007851300012903
0000806701010113
0035191380011737
012707330e070713
00c1208301072783
0001290301472583
0101011300078513
0106268300008067
4055d593fff58593
0146079300158593
0025959300269693
00b505b300d786b3
0005071302d7f863
004787930007a803
ff072e2300470713
40c687b3fed7e8e3
ffc7f793feb78793
00f5053300478793
0045051300b57863
feb56ce3fe052e23
0105270300008067
014506934055d613
0027171302c75263
04f6f26300e687b3
ffc78793ffc7a703
00100513fe070ae3
0026179300008067
fee650e300f687b3
fc058ce301f5f593
001005130007a603
00b7173300b65733
00008067fce602e3
0000806700000513
02912223fd010113
0006049302112623
028124231e058863
0005841303212023
01512a2301312e23
0005091301412c23
ffc42703fc5f70ef
0160069300b48793
ffc77993ff840a93
ff87fa1310f6f263
109a60631007c263
800117b71349d263
3f078c1301812423
013a86b3008c2603
1cd608630046a783
00c68633ffe7f613
0016761300462603
ffc7f79314061a63
0d46586300f98633
02071c6300177713
ff842b8301712623
417a8bb301612823
ffc77713004ba703
01378b3300e787b3
00e98b33334b5c63
01012b03294b5863
0004859300c12b83
f68f70ef00090513
4005086300050493
ff850713ffc42783
00fa87b3ffe7f793
ffc9861324e78663
2ec7e46302400793
20c76a6301300713
0004071300050793
00d7a02300072683
00d7a22300472683
00e7a42300872703
0009051300040593
00090513fe5f80ef
00812c03eb9f70ef
01000a1306c0006f
00c00793f09a74e3
0000049300f92023
00c6a7830540006f
00812c030086a703
00f7262300060993
004aa78300e7a423
00f00613414986b3
013a87330017f793
0137e7b308d66263
0047278300faa223
00f722230017e793
e4df70ef00090513
0281240300040493
0201290302c12083
01812a0301c12983
0004851301412a83
0301011302412483
0017771300008067
01712623ee071ae3
01612823ff842b83
004ba703417a8bb3
ec9ff06fffc77713
0241248302c12083
0301011300060593
0147e7b3e34f706f
014a85b300faa223
00d5a2230016e693
0085859300472783
0017e79300090513
ee1f80ef00f72223
ffc7f793f69ff06f
010a0613013786b3
0017771326c6d063
01712623e6071ee3
01612823ff842b83
004ba703417a8bb3
00e787b3ffc77713
e4cb44e301378b33
008ba70300cba783
02400693ffc98613
00e7a42300f72623
28c6e463008b8493
0004879301300713
0004270302c77263
00eba42301b00793
00eba62300442703
0084041326c7ea63
00042703010b8793
0044270300e7a023
0084270300e7a223
014b873300e7a423
00ec2423414b0b33
00f72223001b6793
00090513004ba783
0147e7b30017f793
cedf70ef00fba223
00c12b8301012b03
e99ff06f00812c03
01b0071300042683
0044268300d52023
14c76e6300d52223
0085079300840713
ffc52783dd9ff06f
ffc7f79300812c03
e29ff06f00f989b3
008ba70300cba783
02400693ffc98613
00e7a42300f72623
10c6e663008b8493
0004879301300713
0004270302c77c63
00eba42301b00793
00eba62300442703
0084278314c7f863
00c4278300fba823
0ad60c6300fbaa23
018b879301040413
00e7a02300042703
00e7a22300442703
00e7a42300842703
000b8a93000b0993
00c12b8301012b03
0004841300812c03
00040593d95ff06f
d3dff06ff19fc0ef
0086a70300c6a783
02400693ffc98613
00e7a42300f72623
00cba783008ba703
00f72623008b8493
04c6ee6300e7a423
0004879301300713
00042703f8c774e3
00eba42301b00793
00eba62300442703
008427030ac7f063
00eba82302400793
00ebaa2300c42703
01042703f4f618e3
01840413020b8793
ffc4270300ebac23
f3dff06f00ebae23
0004851300040593
f45ff06fe81fc0ef
00e5242300842703
00e5262300c42703
0104071306f60463
c6dff06f01050793
414686b3014a8ab3
0016e793015c2423
ffc4278300faa223
0004049300090513
0147e7b30017f793
b1df70effef42e23
cd1ff06f00812c03
010b879300840413
00090513ec9ff06f
00000493b01f70ef
cb1ff06f00812c03
0184071301042683
00d5282301850793
00d52a2301442683
00040593bf9ff06f
dddfc0ef00048513
00842783db5ff06f
00c4278300fba823
00d6086300fbaa23
018b879301040413
01042703d7dff06f
01840413020b8793
ffc4270300ebac23
d61ff06f00ebae23
00078067e401a783
0ff0079302058463
00c5802300c7e863
0000806700100513
00f5202308a00793
00008067fff00513
0000806700000513
00812c23fe010113
00112e2300912a23
00050413e401a783
0205826300068493
fff00793000780e7
01c1208302f50663
0141248301812403
0000806702010113
0041059300000613
fff00793000780e7
0004a023fcf51ee3
01c1208308a00793
0181240300f42023
0201011301412483
fe01011300008067
00912a2300812c23
f3c1a48300112e23
00060413e401a783
0005861302050a63
0005059300040693
000780e700048513
02f50a63fff00793
0181240301c12083
0201011301412483
0006069300008067
0000061300410593
000780e700048513
fcf51ae3fff00793
01c1208300042023
08a0079301812403
0141248300f4a023
0000806702010113
f801011300c59783
06112e2306812c23
000584130027f713
0435879302070463
00f5a82300f5a023
00f5aa2300100793
0781240307c12083
0000806708010113
06912a2300e59583
0731262307212823
0005049307412423
008106130805c663
06054e633b4000ef
0000f93700c12783
00f97933000019b7
00f90933ffffe7b7
40000a1300193913
000a059380098993
908f70ef00048513
0605086300c41783
00a420230807e793
00f4162300a42823
0a09106301442a23
07c120830137e7b3
0781240300f41623
0701290307412483
06812a0306c12983
0000806708010113
0807f79300c41783
04078e6300000913
000a059304000a13
8a0f70ef00048513
0000099300c41783
2007f713f8051ce3
ffc7f79304071e63
043407130027e793
0010079300f41623
0701290307412483
06812a0306c12983
00e4282300e42023
eedff06f00f42a23
0000099340000a13
00e41583f3dff06f
31c000ef00048513
00c4178302051063
07412483f51ff06f
06c1298307012903
eb5ff06f06812a03
ffc7f79300c45783
010797930017e793
f25ff06f4107d793
06812423f9010113
00e5958300058413
0721202306912223
0006049306112623
0405ca6300068913
250000ef00810613
00c1270304054463
06c120830000f7b7
ffffe73700e7f7b3
0681240300e787b3
00f920230017b793
00e4a02340000713
0641248300001537
8005051306012903
0000806707010113
0807f79300c45783
06c1208302078863
0000079306812403
0400071300f92023
0601290300e4a023
0000051306412483
0000806707010113
0681240306c12083
4000071300f92023
0601290300e4a023
0000051306412483
0000806707010113
00812c23fe010113
0121282300912a23
0005091300112e23
0006041300058493
0345278300050663
0184278316078063
00f4242300c41703
0807806300877793
06078c6301042783
0127169301312623
0ff4f4930ff4f993
000427030806d863
40f707b301442683
008426830ad7d863
00c4202300170613
00d42423fff68693
0144270301370023
0cf7026300178793
0017f79300c45783
00c129830c079a63
0181240301c12083
0004851301012903
0201011301412483
0004059300008067
c6cfc0ef00090513
00c4170308051e63
0104278301312623
0ff4f99301271693
f606cce30ff4f493
ffffe63706442683
00b76733000025b7
00c6f6b3fff60613
0004270300e41623
0144268306d42223
f4d7cce340f707b3
0009051300040593
02051e63e25fb0ef
0084268300042703
0017061300100793
00c42023fff68693
0137002300d42423
f4f712e301442703
0009051300040593
f40500e3dedfb0ef
fff0049300c12983
00a00793f39ff06f
00040593f2f496e3
dc9fb0ef00090513
fddff06ff0050ee3
ea1ff06f869f70ef
f3c1a50300050793
0007859300058613
ff010113e61ff06f
0081242300058713
0005041300912223
0007051300060593
f401aa2300112623
fff00793809f40ef
00c1208300f50c63
0041248300812403
0000806701010113
fe0784e3f541a783
00f4202300c12083
0041248300812403
0000806701010113
00812423ff010113
0005041300912223
0011262300058513
80df40eff401aa23
00f50c63fff00793
0081240300c12083
0101011300412483
f541a78300008067
00c12083fe0784e3
0081240300f42023
0101011300412483
f3c1a70300008067
00068793ff010113
0011262300060813
0005069300c72883
0007861300058713
800117b702080063
800115b730c78793
0008851331c58593
19c000ef14c000ef
354807938000f837
fe1ff06f35480813
00060693ff010113
0011262300000613
02c5b7b3f9dff0ef
00112623ff010113
02c585b300812423
c49f60ef0a079063
0a05006300050413
02400713ffc52603
ffc60613ffc67613
0130069304c76863
02c6f26300050793
0005222300052023
04c7f86301b00793
0005262300052423
06e60c6301050793
0007a2230007a023
00c120830007a423
0081240300040513
0000806701010113
ea1f70ef00000593
0004051300c12083
0101011300812403
0085079300008067
0007a2230007a023
fc1ff06f0007a423
00c007930b8000ef
0000041300f52023
0004051300c12083
0101011300812403
0005282300008067
00052a2301850793
fc010113f81ff06f
02d1262302c10313
00112e2300030693
02f12a2302e12823
03112e2303012c23
86dfa0ef00612623
0401011301c12083
00050e1300008067
f3c1a503fc010113
02c1242302810313
0005861302d12623
000e059300030693
02e1282300112e23
03012c2302f12a23
0061262303112e23
01c12083821fa0ef
0000806704010113
00008067f3c1a503
00600513ff010113
2a8000ef00112623
d4cf40ef00100513
0007866311852783
0000806700000513
08000593ff010113
0011262300812423
ab1f60ef00050413
0205046310a42c23
0005202308050793
fef51ce300450513
00c1208300000513
0101011300812403
fff0051300008067
fe010113fedff06f
00112e2300912a23
0005049301f00793
1185278302b7ec63
0005841300812c23
0024141302078c63
01812403008787b3
00c7a0230007a503
0141248301c12083
0000806702010113
00f5202301600793
fe5ff06ffff00513
00c1262308000593
10a4ac23a15f60ef
0005079300c12603
0805069300050713
0007202300050a63
fed71ce300470713
01812403f9dff06f
fa5ff06ffff00513
00912223ff010113
01f0079300112623
0ab7e06300050493
0081242311852783
0407846300058413
00e787b300259713
02070c630007a703
00d70c6300100693
04d70863fff00693
000585130007a023
00812403000700e7
00c1208300000513
0101011300412483
0004851300008067
0004061343c000ef
00c1208300812403
0004851300050593
0101011300412483
008124033b80006f
0160079300c12083
0041248300f52023
0101011300100513
0160079300008067
fff0051300f52023
01f00793f9dff06f
118527830cb7ea63
00812423ff010113
0011262300912223
0005049300058413
0024171308078063
0007a70300e787b3
fff0069302070c63
0010069306d70063
0004051304d70063
000700e70007a023
00c1208300000513
0041248300812403
0000806701010113
0081240300c12083
0010051300412483
0000806701010113
0081240300c12083
0030051300412483
0000806701010113
fb9ff06f00200513
871f60ef08000593
0005079310a4ac23
0005071300050e63
0007202308050693
fed71ce300470713
fff00513f5dff06f
fff00513f85ff06f
ff01011300008067
0011262300912223
f3c1a48301f00793
1184a78308a7ee63
0005041300812423
0025171304078263
0007a70300e787b3
0010069302070a63
fff0069300d70a63
0007a02304d70663
00812403000700e7
00c1208300000513
0101011300412483
0004851300008067
0004061329c000ef
00c1208300812403
0004851300050593
0101011300412483
008124032180006f
0160079300c12083
0010051300f4a023
0101011300412483
0160079300008067
fff0051300f4a023
ff010113f9dff06f
0011262301212023
f3c1a90301f00793
0081242304a7e263
1189250300050413
0005849300912223
0024141302050e63
0007a503008507b3
0097a02300812403
00c1208300412483
0101011300012903
0160079300008067
fff0051300f92023
08000593fe5ff06f
f08f60ef00090513
0005079310a92c23
00050a6308050713
004787930007a023
fa1ff06ffef71ce3
0041248300812403
fa9ff06ffff00513
00812423ff010113
00112623f3c1a403
00078c6311842783
00c1208300000513
0101011300812403
0800059300008067
ea0f60ef00040513
00050c6310a42c23
0005202308050793
fef51ce300450513
fff00513fc9ff06f
ff010113fc5ff06f
0011262300912223
f3c1a48301f00793
1184a7830ca7e463
0005041300812423
0024171308078263
0007a70300e787b3
fff0069302070c63
0010069306d70063
0004051304d70063
000700e70007a023
0000051300812403
0041248300c12083
0000806701010113
00c1208300812403
0010051300412483
0000806701010113
00c1208300812403
0030051300412483
0000806701010113
0020051300812403
08000593fb9ff06f
dc8f60ef00048513
0005079310a4ac23
0005071300050e63
0007202308050693
fee69ce300470713
00812403f55ff06f
f7dff06ffff00513
00058713ff010113
0091222300812423
0006059300050413
0011262300070513
884f40eff401aa23
00f50c63fff00793
0081240300c12083
0101011300412483
f541a78300008067
00c12083fe0784e3
0081240300f42023
0101011300412483
814f406f00008067
fe010113001007b7
00bef833fff78e93
0146d31300def7b3
0145d91301212823
00812c2300379793
01f5d41300381813
01d6589301d55713
7ff373137ff97913
00912a2300112e23
01f6d69301312623
0107673300f8e8b3
00361f1300351593
1ed40463406907b3
2803066316f05263
42d906637ff00693
0010061303800693
008006b702f6ce63
01f0069300d8e8b3
0200069352f6ce63
00d8963340f686b3
00df16b300ff5533
00d036b300a66633
00d6663300f8d8b3
40c5863341170733
0006049300c5b5b3
0089979340b709b3
008007b73207da63
00f9f9b3fff78793
000985132c098863
ff850793011020ef
40f6873302000693
00f999b300e4d733
00f494b301376733
412787b34b27c863
40f686b300178793
00f4d9b300d49633
0136663300c03633
00c6e4b300d716b3
0000091300f759b3
020780630074f793
0040071300f4f793
0044879300e78a63
00c989b30097b633
0089979300078493
001907936e07da63
00040e137ff00713
ff8007372ae78663
00e9f733fff70713
01d718137ff7f793
009717130034d613
00c7571300c86833
0181240301c12083
00e7e7b301479793
00e7e7b301fe1713
0101290301412483
0008051300c12983
0201011300078593
14078c6300008067
3c091263412307b3
4c05046300b76533
60050263fff78513
570786637ff00813
0010061303800793
0005079302a7cc63
56f64c6301f00613
40f5053302000513
00f5d83300a71633
0106663300a59533
00f7573300a03533
40e888b300a66633
00cf373340cf0633
40e889b300060493
0006841300030913
1ef05063e85ff06f
01e8e6b314031063
fff7869326068c63
7ff0061348068063
0380079322c78c63
02d7cc6300100993
01f0069300068793
020006934af6c063
00d899b340f686b3
00df16b300ff5633
00d036b300c9e9b3
00d9e9b300f8d8b3
00b985b301170733
000584930135b9b3
0089979300e989b3
001909131407d263
36f90c637ff00793
fff78793ff8007b7
00f9f7b30014f613
00c767330014d713
00e664b301f79613
e45ff06f0017d993
1c068a6301e8e6b3
40068063fff78693
18c78a637ff00613
0010061303800793
00068793dad7c2e3
00190813d6dff06f
22081c637fe87813
01e8e83300b76333
46030e6338091063
41e589b340080663
411706330135b533
0086151340a60633
40bf05b350055e63
00bf3f3340e88733
0087161341e70733
52065e6300058493
fff78793ff8007b7
00068e1300f77733
df9ff06f00100793
10d906637ff00693
0010099303800693
008006b7f0f6c6e3
ed1ff06f00d8e8b3
544020ef00048513
01f0069301850793
ff850713d2f6d8e3
2327c66300e49733
0019079341278933
fe19091348f6d663
012754b302000693
0400069300d78c63
00f7173340f687b3
00e4e4b300e03733
0074f79300000913
00090793d2079ce3
000987130034d613
7ff007930c00006f
0000081300000713
0c078a63d71ff06f
1e090263412307b3
32d308637ff00693
0010099303800693
008006b702f6ce63
01f0069300d76733
020006933cf6c863
00d719b340f686b3
00d596b300f5d633
00d036b300c9e9b3
00d9e9b300f75733
01e9873300e888b3
00070493013739b3
00030913011989b3
02081063e25ff06f
0036561300351613
00c8683301d71813
0107673300375713
00000e1318070663
000807377ff00793
ccdff06f00000813
0036561300351613
7ff0069301d71813
0037571300c86833
00c71713fcd786e3
7ff7f79300c75713
c9dff06f00040e13
7fe6f81300190693
00b766b314081863
3006826328091c63
2206886301e8e6b3
00b7b5b301e587b3
00b7073301170733
008717930037d813
3407de6300040e13
fff78793ff8007b7
01d7179300f77733
0107e83300375713
0010079301d77733
41e58833c39ff06f
411709b30105b7b3
0089979340f989b3
1007c66300080493
b4081ee301386833
0000079300000e13
c05ff06f00000713
1aa30e637ff00513
0010061303800513
00800637c8f544e3
c4dff06f00c76733
fff98993ff8009b7
013779b340f90933
fe078693b71ff06f
00d8d6b302000613
0400061300c78a63
00f897b340f607b3
01e0363300ff6f33
ac9ff06f00d66633
fff68693ff8006b7
00d7773340f907b3
0138683301d71813
ed9ff06f00375713
1e06866300b766b3
0a068e63fff78693
14a780637ff00513
0010099303800793
00068793e4d7c6e3
00040e13e15ff06f
000007137ff00793
b45ff06f00000813
fef684e37ff00793
00bf35b301e58f33
00b787b3011707b3
001f5f1301f79613
0017d99301e664b3
ab5ff06f00068913
40e887b340bf0633
0006049300cf3733
0006841340e789b3
00361613a41ff06f
0006841300365613
e25ff06f00088713
1c080663de0312e3
003616130038d713
0117673301d89893
00c7673300365613
dddff06f00068413
011708b301e58f33
00b889b300bf35b3
000f049300899793
002009130e07d463
41e58f33bd1ff06f
01e5b5b3411708b3
40b889b3000f0493
9b1ff06f00100913
02000613fe078693
00c78a6300d8d6b3
40f607b304000613
00ff6f3300f897b3
00d9e9b301e039b3
00351613b65ff06f
eb5ff06f00365993
0036561300361613
0008871300068413
00361613d41ff06f
0008871300365613
fe078513d31ff06f
00a7553302000613
0400061300c78a63
00f717b340f607b3
00b0363300f5e5b3
a8dff06f00a66633
01e8ef33fc0682e3
cedff06fd00f16e3
00361813dc0808e3
0038581301d89793
00f868330038d713
00068e1301d77733
9bdff06f00000793
c2dff06f00100793
40e888b340bf05b3
0005849300bf3733
0006841340e889b3
8c9ff06f00100913
0036561300361613
cc5ff06f00088713
0036599300361613
de5ff06f00088713
02000613fe078693
00c78a6300d756b3
40f607b304000613
00f5e5b300f717b3
00d9e9b300b039b3
0034d613c35ff06f
0009871300090793
02000693c79ff06f
0000061340f686b3
00c9e8338b5ff06f
0039d993d00808e3
d85ff06f00060713
7ff0079300000e13
905ff06f00080737
0037571301d71793
01d777330107e833
8edff06f00000793
0035d59301d71813
0037571300b86833
c29ff06f00068413
01312e23fd010113
028124230145d993
0321202302912223
0171262301412c23
0211262300c59493
0161282301512a23
7ff9f99301812423
00060b9300050413
00c4d49300068913
18098a6301f5da13
08f988637ff00793
01d5579300349493
008007370097e7b3
00351b1300e7eab3
00000493c0198993
0149579300000c13
7ff7f79300c91413
01f9591300c45413
7ff0071308078263
0034141318e78a63
0087673301dbd713
00800437c0178793
003b989300876433
0000061340f989b3
012a46b300f00713
800117b724976463
34c7879300249493
0004a70300f484b3
00a4eab300070067
014957931c0a9e63
7ff7f79300c91413
0080049300000b13
00200c137ff00993
01f9591300c45413
017468b3f80792e3
4a040a631c088263
70d010ef00040513
ff55069300050793
ff87889301d00713
0114143340d70733
0087643300ebd733
013787b3011b98b3
000006133f378993
40f70733f69ff06f
4ee65a6303800613
0000061300000793
02c1208300000713
0147979302812403
01f6969300c7e7b3
0241248300d7e7b3
01c1298302012903
01412a8301812a03
00c12b8301012b03
0007051300812c03
0301011300078593
7ff0079300008067
0000071300000613
00000693fadff06f
000806377ff00793
f99ff06f00000713
100a8c6300a4eab3
0004851340048863
00050713641010ef
01d00793ff550693
40d787b3ff870b13
00f457b3016494b3
01641b330097eab3
40e989b3c0d00993
00000c1300000493
017468b3e55ff06f
0a089c6380198993
000004130024e493
e7dff06f00200613
000a8413000a0913
00200793000b0893
003007934efc0863
00100793f6fc06e3
eefc0ee300090693
2af056633ff98793
4a0716630078f713
00075a6300741713
fff78793ff0007b7
4009879300f47433
f2f740e37fe00713
01d417130038d893
0117673300941613
7ff7f79300c65613
00060c13ebdff06f
00048a93f95ff06f
00c0049300050b13
00300c137ff00993
0014e493da5ff06f
0010061300000413
0034e493dd9ff06f
00300613000b8893
00000b13dc9ff06f
0000099300400493
d71ff06f00100c13
2a8a80632b546463
fff98993000b0313
00000b13000a8793
0107551300841713
0188d61302a7d433
0106181300e66633
0088959301085813
02a7f7b301035713
01079793028808b3
0117fa6300f767b3
fff4071300f607b3
000704132ec7f063
02a7d8b3411787b3
0107571301031713
03180fb302a7f7b3
00f7673301079793
00e6073301f77a63
28c77e63fff88793
0104141300078893
01146433000102b7
006478b3fff28313
0105de1301045e93
03130f330065f333
031e08b341f70733
026e8fb3010f5793
011787b301f888b3
01f7f46303ce8eb3
00010fb7005e8eb3
0107d893ffff8f93
0107979301f7f7b3
01d888b301ff7f33
17176e6301e787b3
40fb07b317170a63
00fb3b3341170733
2ee6006341670733
0107de9302a758b3
03180f3302a77733
00eee73301071713
00e6073301e77e63
2ec76a63fff88e93
ffe888932fe77863
41e7073300c70733
0107979302a75eb3
02a777330107d793
0107171303d80833
0107fe6300e7e7b3
fffe871300f607b3
2b07f6632ac7e863
00c787b3ffee8e93
01d8e8b301089893
0108df1301089513
02650eb301055513
02ae0533410787b3
026f0333010ed713
00a7073300650533
0067766303ee0e33
00ae0e3300010537
fff8081300010837
0107773301075513
010efeb301071713
01d7073301c50533
00f607b312a7f263
00078813fff88313
24a7e8631cc7e463
0003089326a78663
d55ff06f0018e893
c2079ce300100713
013897b341e98993
013419b300f037b3
00e8d8b30137e7b3
0078f79300f8e8b3
0207806300e45433
0040071300f8f793
0048879300e78a63
011404330117b8b3
0084159300078893
0000061300100793
be05cce300000713
e8fb78e31340006f
016ebf3300bb0eb3
01f7073300cf0fb3
fff40f93000e8b13
1517626308e67463
000f841312e88e63
d71b62e3e65ff06f
01fa9313001b5713
00e36333001ad793
d5dff06f01fb1b13
25d010ef000b8513
01c0071301550693
b4d756e302050793
00000893ff850513
b59ff06f00ab9433
01550693239010ef
0205071301c00793
ff850793bed7dae3
00000b1300f41ab3
eea79ee3c01ff06f
ed9ff06fc40708e3
f60f0ce3f8e612e3
de1ff06f000f8413
ffe88893d7f774e3
d61ff06f00c70733
ffe40413d317f2e3
d1dff06f00c787b3
ece656e301f00613
40f607b3fe100613
00f457b302000613
43e9899300c70863
0138e8b3013419b3
00f8e8b3011038b3
000006130078f713
00f8f79302070863
0000041300400713
0048879300e78a63
011034330117b8b3
0094161300078893
00c6561301d41713
00e8e7330038d893
aa9ff06f00000793
e4a812e300030893
0018e893b8b70ce3
ecfef4e3b91ff06f
00bebf3301d58eb3
ffe4041300cf0f33
01e70733000e8b13
c0200713d15ff06f
fff008933ff98793
00488713e0e9c8e3
01140433011738b3
b5dff06f00070893
0040061300f8f713
fe1ff06fb4c708e3
d5dff06f00070e93
d19ff06f000e8893
7ff0079300090693
0000071300000613
00159313a1dff06f
00c8083300b33833
ffe8889301078833
f6a802e300030593
fee5e0e3da1ff06f
f4b71ce300030893
0145d713ae9ff06f
fff78793001007b7
7ff777130146d813
00b7fe337ff00313
00d7f7b300050893
7ff8781301f5d593
0010051301f6d693
0068086300670c63
02fe066301071463
0000806700008067
00fe67b3fee81ce3
0117e7b300c7e7b3
40d585b3fe0794e3
0000806700b03533
00d58a63fcc89ce3
011e6e33fc0718e3
0000806701c03533
0000806700000513
001007b70145d893
0146d713fff78793
7ff00e137ff8f893
0005081300b7f333
00d7f7b300050e93
00060f1301f5d593
01f6d6937ff77513
03c5046305c88863
0103683306089a63
00c7e63306051063
0a08126308060c63
0806826300100513
00c7e63300008067
0008966308061463
fe0302e301036333
0605926306d58063
0000806700100513
0603126301036333
00c7e7b3ff1516e3
fed590e304079c63
0000806700000513
fcd598e3fa0808e3
fc0504e30280006f
fd1540e3fcd592e3
fa67ece300a8cc63
fbdf68e300f31863
f9eef6e300000513
f80592e300100513
00008067fff00513
00008067f8081ae3
00008067ffe00513
f81ff06ffcd586e3
001007b70145d893
0146d713fff78793
7ff003137ff8f893
0005081300b7fe33
00d7f7b300050e93
00060f1301f5d593
01f6d6937ff77513
0265046304688a63
010e683306089863
00c7e63308051e63
0a0816630a060463
0806806300100513
00c7e63300008067
fe061ae300200513
010e6e3300089663
04d58c63fe0e00e3
0010051304059e63
010e6e3300008067
ff1516e3060e1063
0020051300c7e7b3
fcd59ee3fc0790e3
0000806700000513
fcd596e3fc0508e3
00a8cc63fd1544e3
00fe1863fdc7e0e3
00000513fbdf6ce3
00100513f9eef8e3
fff00513f80594e3
f6080ae300008067
fe9ff06ff8d59ce3
0000806700200513
00008067f80814e3
f7dff06ffcd580e3
0145d793fd010113
0291222302812423
01312e2303212023
00c5949301512a23
01412c2302112623
0171262301612823
7ff7f79301812423
00060a9300050413
00c4d49300068993
4207846301f5d913
0ae786637ff00713
01d5571300349693
008006b700d76733
00351a1300d764b3
00000b13c0178c13
0149d79300000b93
7ff7f79300c99713
00c75413000a8f13
0a07806301f9d993
14e78e637ff00713
01dad59300341713
c017879300e5e5b3
00e5e43300800737
018788b3003a9f13
00a0071300000313
0b674c6300188513
00200793013945b3
1567c66300058813
00100713fffb0b13
3cf30a6317676063
000f0a1300040493
09c0006f00030b93
3c0a186300a4ea33
00c997130149d793
000004937ff7f793
7ff00c1300800b13
000a8f1300200b93
01f9d99300c75413
015467b3f60794e3
4a0400633c078263
4cc010ef00040513
ff55071300050893
ff888f1301d00793
00fad7b340e787b3
00e7e43301e41733
411c08b301ea9f33
00a00713c0d88893
0018851300000313
00090593f56758e3
32fb8a6300200793
48fb8c6300300793
0005881300100793
0000079346fb9a63
0000071300000693
0281240302c12083
00d7e7b301479793
00d7e7b301f81693
0201290302412483
01812a0301c12983
01012b0301412a83
00812c0300c12b83
0007859300070513
0000806703010113
7ffc089301546733
0000173730070a63
8007071301394833
00a00693003b6b13
00ec053300080593
003003133966c063
0166163300100613
f4071ae353067713
3c07946324067793
2e06126308867613
ffff8e9300010fb7
010a569301da77b3
010f5e1301df7eb3
03d6833303d78733
02fe063301075593
00c585b300660633
0065f46303c68f33
000103b701ff0f33
00c5f333fff38613
00c7773301045f93
0103131300c47433
00e30333028782b3
028687330105d593
02ff87b30102d613
00f6063300e787b3
00e6746303f687b3
00010937007787b3
01367733fff90993
0134f6b30104d393
010717130132f2b3
0057073302de84b3
00f6063301065613
02de02b300e585b3
03d38eb30104d793
005787b301d282b3
01d7f463027e0e33
000109b7012e0e33
01d7f2b3fff98e93
01c787b30107d793
0102929301d4feb3
01d282b302d40933
01095e1302838433
008686b302df86b3
027f8eb300de0e33
013e8eb3008e7463
ffff8f9300010fb7
0106969301fe76b3
01e585b301f97933
00c68633012686b3
00e6073300e5b733
00f707b300558f33
00b785b300bf35b3
00c7363300d636b3
00e7b73300c6e6b3
00f5b7b3010e5e13
00f7673301c686b3
00d70733009f1793
01d707330067e7b3
017f561300f037b3
0175d69300971713
0095959300c7e7b3
0077179300b7ea33
0207d06300d764b3
001a7793001a5713
00f767b301f49693
0014d49300d7ea33
3ff8861300050893
007a779312c05663
00fa779302078063
00e78a6300400713
014737b3004a0713
00070a1300f484b3
0007da6300749793
fff78793ff0007b7
4008861300f4f4b3
1cc7c4637fe00793
01d49713003a5793
00f7673300949693
7ff6779300c6d693
00a4ea33d41ff06f
12048e63060a0863
18c010ef00048513
ff55069300050613
ff86079301d00713
00e4573340d70733
00d764b300f496b3
c0d0079300f41a33
00000b1340c78c33
bc1ff06f00000b93
7ff0079300058813
0000071300000693
00050a13ce1ff06f
7ff00c1300c00b13
b99ff06f00300b93
00400b1300000493
00100b9300000c13
001b6b13b85ff06f
00000413000c0893
0010031300000f13
002b6b13bb5ff06f
00000f1300000413
ba1ff06f00200313
000f0a1300040493
0009859300030b93
00100713c51ff06f
41e8889310061063
00c03633011a1633
00ea57b3011498b3
00f6663301166633
00e4d5b300767793
00f6779302078063
00e78a6300400713
00c7b63300460793
0007861300c585b3
0010079300859513
0000071300000693
10c0006fc0054ce3
12eb106300f00713
000806b700000813
bfdff06f00000713
01550693058010ef
0205061301c00793
ff850513ecd7d4e3
00a414b300000a13
000a8513ed5ff06f
01550713030010ef
0205089301c00793
ff850513b6e7d0e3
00aa943300000f13
00000813b6dff06f
000806b77ff00793
00050893ba1ff06f
7ff00793df5ff06f
0000071300000693
00000813b89ff06f
000806b77ff00793
b75ff06f00000713
0380079340c70733
01f00793b4e7cee3
fe100793eee7dae3
0200069340c787b3
00d7086300f4d7b3
011498b343e88893
01403633011a6a33
0076771300f66633
0207086300000693
0040071300f67793
00e78a6300000593
00c7b63300460793
0007861300c035b3
01d5971300959693
0036561300c6d693
0000079300e66733
00040493af1ff06f
00300b93000a8a13
ab5ff06f00098593
fff78793001007b7
00b7f8b3fe010113
0146d79300d7f833
00812c2300389893
01f5d41301312623
01d557130145d993
01d6559300381813
00912a2300112e23
7ff7ff1301212823
011767337ff00313
00040e137ff9f993
01f6d69300351893
00361e930105e5b3
0016c693206f0c63
16d4026341e987b3
240f0a6300f05ae3
038006933c698463
02f6ce6300100513
00d5e5b3008006b7
4ef6c46301f00693
40f686b302000693
00fed63300d59533
00c5653300de96b3
00f5d7b300d036b3
40f7073300d56533
00a8b63340a88533
40c7093300050493
3407d86300891793
fff78793008007b7
2e09066300f97933
645000ef00090513
02000693ff850793
00e4d73340f68733
0127673300f91933
3f37c46300f494b3
00178793413787b3
00d4963340f686b3
00c0363300f4d933
00d716b300c96633
00f7593300c6e4b3
0074f79300000993
00f4f79302078063
00e78a6300400713
0097b53300448793
0007849300a90933
6c07d06300891793
7ff0071300198793
ff80073724e78663
00e97733fff70713
01d718137ff7f793
009717130034d513
00c7571300a86833
01c1208300147e13
0147979301812403
01fe171300e7e7b3
0141248300e7e7b3
00c1298301012903
0007859300080513
0000806702010113
1c0f166370f05263
26068e6301d5e6b3
46068863fff78693
0380079324678c63
02d7cc6300100913
01f0069300068793
0200069348f6ca63
00d5993340f686b3
00de96b300fed633
00d036b300c96933
00d9693300f5d7b3
0119063300f70733
0006049301263933
0089179300e90933
001989931e07d263
16f988637ff00793
fff78793ff8007b7
00f977b30014f513
00a767330014d713
00e564b301f79513
ec9ff06f0017d913
8019831301d5e833
06d40a6306080863
26098e630e030463
0035551300361513
0005871300068413
00a8683301d71813
0107673300375713
00000e1310070663
000807377ff00793
ed9ff06f00000813
1806866301d5e6b3
3a068263fff78693
0380079316678463
dcd7cee300100513
da5ff06f00068793
f8d41ae30016c693
2c09906318030863
011766b37ff00793
fff7869348068863
7ff0051334068263
038007932aa78263
02d7ca6300100913
4cd7c66301f00793
40d787b302000793
00d8d63300f71933
00c9693300f897b3
00d756b300f037b3
00d585b300f96933
0127393301d90733
00b9093300070493
ed1ff06f000f0993
7fe7f79300198793
01d5e83314079463
2a099463011767b3
3c08106338078e63
0035591300351513
1140006f00000793
038006930a698063
e8f6c0e300100913
00d5e5b3008006b7
00147e13e45ff06f
000007137ff00793
dd1ff06f00000813
35d000ef00048513
01f0069301850793
ff850713d0f6dae3
1b37ce6300e49733
00198793413789b3
fe19899342f6de63
013754b302000693
0400069300d78c63
00f7173340f687b3
00e4e4b300e03733
0074f79300000993
00098793d0079ee3
000907130034d513
e6081ce30280006f
01d7181300351513
00a8683300355513
e59ff06f00375713
0035551300351513
7ff0069301d71813
0037571300a86833
00c71713e2d78ee3
7ff7f79300c75713
d19ff06f00147e13
7fe6f79300198693
011767b312079e63
3007866324099a63
30079a6301d5e7b3
0035591300351513
0128683301d71813
fb9ff06f00375713
0108b7b341d88833
40f9093340b70933
0008049300891793
012868331207c263
00000e13c00812e3
0000071300000793
ff800937cadff06f
40f989b3fff90913
c39ff06f01277933
011765337ff00793
fff7881310050463
7ff005131e080263
03800793d6a788e3
0010051300068413
01f007930307ca63
020007931907c463
00f71533410787b3
00f897b30108d6b3
00f037b300d56533
00f5653301075833
40ae8533410585b3
0005049300aeb733
000f099340e58933
fe078693b59ff06f
00d5d6b302000613
0400061300c78a63
00f597b340f607b3
01d0353300feeeb3
b1dff06f00d56533
fff68693ff8006b7
00d7773340f987b3
00361513ef9ff06f
0005871300355513
7ff00793cd9ff06f
01d88eb3def686e3
00b707b3011eb633
01f7951300c787b3
01d564b3001ede93
000689930017d913
411e8633b45ff06f
00ceb73340e587b3
40e7893300060493
ad1ff06f00068413
0036551300361613
0005871300068413
e00798e3e39ff06f
0035d71322080663
01d5959300361613
0036561300b76733
0006841300c76733
01d88eb3c61ff06f
011eb63300b705b3
0089179300c58933
0a07d863000e8493
bddff06f00200993
40b705b341d88eb3
000e849301d8b633
0010099340c58933
fe078693a41ff06f
00d5d6b302000613
0400061300c78a63
00f597b340f607b3
01d0393300feeeb3
b71ff06f00d96933
02000693fe080793
00d80a6300f757b3
410686b304000693
00e8e8b300d71733
00f5653301103533
ec0788e3e7dff06f
bc0e90e301d5eeb3
411e8633d49ff06f
00ceb73340e585b3
40e5893300060493
0010099300068413
001007939b9ff06f
dc0800e3d11ff06f
0036579300361613
0095971301d59813
00c7571300f86833
0000079300068e13
41d88933a55ff06f
40b706330128b7b3
0086179340f60633
411e86330e07d263
00cebeb340e58733
0087179341d70733
1207de6300060493
fff78793ff8007b7
0006841300f77733
9f1ff06f00100793
0036551300361613
cbdff06f00058713
0036591300361613
cfdff06f00058713
00b707b301d886b3
00c787b30116b633
0036d81300879713
ff80073708075e63
00e7f7b3fff70713
0097979301d79713
00c7d71301076833
9a9ff06f00100793
02000613fe068793
00c68a6300f757b3
40d606b304000613
00e8e8b300d71733
00f9693301103933
0034d513b39ff06f
0009071300098793
02000693c31ff06f
0000061340f686b3
00c968338e9ff06f
00395913c8080ee3
0006071300000793
00000e13c59ff06f
000807377ff00793
01d79713935ff06f
0107683300979793
0000079300c7d713
ae0786e391dff06f
00080793413f0833
03800793c6098ee3
008007b70107ca63
0006841300f76733
00068413c8dff06f
cb1ff06f00100513
0036561301d71813
0037571300c86833
0006841300000793
ba078ae3ba5ff06f
00099663413f06b3
a21ff06f00068793
0010091303800793
008007b7a6d7c4e3
a2dff06f00f76733
001007b70145d713
fff74713fff78793
00b7f5b30146d813
0157169300d7f7b3
020680637ff87813
000005137ff00713
0000806700e80463
00f0353300c7e7b3
00a5e5b300008067
fc058ee300100513
0145d79300008067
fff68713001006b7
3fe006137ff7f793
01f5d59300b77733
41d0061300f65e63
8000053700f65e63
00a58533fff50513
0000051300008067
4330061300008067
01f0081340f60633
02c8506300d76733
40f687b341300693
40e0053300f75733
00070513fc059ce3
bed7879300008067
00c5553300f71733
fe1ff06f00a76733
00112623ff010113
0091222300812423
41f5571304050a63
40e484b300a744b3
0004851300050793
52c000ef01f7d413
40a787b341e00793
7ff7f79300a00713
00b0071306a74063
00e4d73340a70733
00c7171301550513
00c7571300a494b3
000004130140006f
0000071300000793
0147979300000493
00e7e7b301f41413
0087e7b300c12083
0004851300812403
0041248300078593
0000806701010113
00a49733ff550513
00c7571300c71713
fc1ff06f00000493
00812423ff010113
0005041300112623
48c000ef04050c63
40a787b341e00793
7ff7f79300a00713
00b0071306a74463
0155051340a70733
00a4143300e45733
0004051300c12083
0081240300c71713
0147979300c75713
0007859300e7e7b3
0000806701010113
0004051300c12083
0081240300000793
0147979300000713
0007859300e7e7b3
0000806701010113
00a41733ff550513
00c1208300000413
00c7171300040513
00c7571300812403
00e7e7b301479793
0101011300078593
00c5258300008067
0005280300852783
0105961300452683
00159713fe010113
00f1242301065613
00f12c2300b12623
00d1222301012023
00d12a2301012823
0117571300c12e23
0101089301f5d593
0036151301c10793
ffc78793ffc7a603
00a6e6b301d65693
fef894e300d7a223
0038181300170693
0101282301169613
0406026301265613
40068693ffffc6b7
7fe0069300d70733
7ff0079310e6d463
0000069300000613
01f5959301479793
00b7e7b300c7e7b3
0007859300068513
0000806702010113
0181288301412603
011666b301c12503
0106e6b300a6e6b3
1406826304071463
0000061300500693
01d616930036d793
0096161300f6e6b3
00c656137ff77793
01f5959301479793
00b7e7b300c7e7b3
0007859300068513
0000806702010113
01c8d79312068463
00a7e7b300451513
00d7f6b3008006b7
ff8007371c068263
0048989301c65693
00e7f633fff70713
004007b70116e6b3
ff86f69300f66633
0036d71300000793
0096161301d61693
0147979300c65613
00c7e7b301f59593
00b7e7b300e6e6b3
0007859300068513
0000806702010113
014127830ce05c63
01c1260301812503
0106e6b300479693
0045181301c7d793
01c5551300461613
0107e7b300d036b3
00f6e6b300a66633
020780630076f793
0040051300f6f793
0046879300a78a63
00d6063300d7b6b3
008007b700078693
ee0786e300f677b3
7ff0079300170713
ff8007b7e8f706e3
00f67633fff78793
f49ff06f7ff77793
0000061300000793
01f5959301479793
00b7e7b300c7e7b3
0007859300068513
0000806702010113
000006137ff00793
01f5959301479793
00b7e7b300c7e7b3
0007859300068513
0000806702010113
08d74c63fcc00693
40e686b303d00693
4056de1301c12703
00eeeeb300080eb7
01d12e23002e1513
00a8883301f6f693
0000071300088613
0046061300062303
fec81ae300676733
41c6063300300613
0008280304069a63
0047879300168693
00d64e63ff07ae23
0008280300a78833
0047879300168693
fed656e3ff07ae23
41c787b300400793
000005930840006f
000806377ff00793
00000713d99ff06f
02050813dd1ff06f
ff08280300280833
40df0f3302000f13
0107673301e81833
0026181308060e63
00a8863300f80fb3
0046230300062503
00d5553300478793
0065653301e31333
00460613fea7ae23
00400793feff90e3
0208061341c787b3
00dedeb300260633
00400693ffd62823
0026969340f686b3
0080061300279793
00c6ea6300f888b3
0008a2230008a023
00888893ff868693
00f6e46300400793
010127830008a023
0141260300e03733
0000071300f766b3
00100793e09ff06f
f99ff06f00000813
02f57a63000107b7
0017371310053713
800117b700371713
bec7879300e55533
0007c50300a787b3
40e686b302000693
0000806740a68533
02f57463010007b7
800117b701000713
bec7879300e55533
0007c50300a787b3
40a6853301000693
0180071300008067
00e55533800117b7
00a787b3bec78793
008006930007c503
0000806740a68533
206c6167656c6c69
7463757274736e69
65637865206e6f69
6168206e6f697470
6e652072656c646e
65000a6465726574
637865206c6c6163
68206e6f69747065
652072656c646e61
000a64657265746e
65206b6165726265
6e6f697470656378
72656c646e616820
64657265746e6520
776f6e6b6e75000a
747065637865206e
646e6168206e6f69
65746e652072656c
206f6e000a646572
6f69747065637865
656c646e6168206e
6c6174736e692072
000000000a64656c
6d656c706d696e55
7973206465746e65
6c6163206d657473
64656c6c6163206c
ffff185800000a21
ffff17d4ffff1858
ffff17d4ffff17d4
ffff17d4ffff17d4
ffff1858ffff17d4
ffff17d4ffff1848
ffff17d4ffff17d4
ffff1848ffff17d4
ffff1920ffff1848
ffff17d4ffff17d4
ffff17d4ffff17d4
ffff17d4ffff17d4
ffff17d4ffff17d4
ffff17d4ffff17d4
ffff17d4ffff17d4
ffff17d4ffff17d4
ffff18d0ffff1858
ffff17d4ffff17d4
ffff17d4ffff17d4
ffff17d4ffff17d4
ffff17d4ffff17d4
ffff17d4ffff17d4
ffff17d4ffff17d4
ffff17d4ffff1904
ffff17d4ffff17d4
ffff17d4ffff17d4
ffff17d4ffff17d4
ffff17d4ffff17d4
ffff17d4ffff17d4
ffff17d4ffff17d4
ffff17d4ffff17d4
ffff17d4ffff17d4
ffff17d4ffff17d4
ffff17d4ffff17d4
ffff17d4ffff17d4
ffff17d4ffff17d4
ffff17d4ffff17d4
ffff17d4ffff17d4
ffff17d4ffff17d4
ffff17d4ffff17d4
ffff17d4ffff17d4
ffff1700ffff1914
ffff17b0ffff17a4
ffff168cffff168c
ffff168cffff168c
ffff168cffff168c
ffff168cffff1710
ffff168cffff168c
ffff1788ffff168c
20544646ffff1710
616620636f6c6c61
0000000064656c69
6e6e757220544646
00002e2e2e676e69
696e696620544646
0000000064656873
7466665f7373696b
7525206b6f6f7420
63757274736e6920
6e6120736e6f6974
6379632075252064
000000000a73656c
66203a204c494146
6c75736572207466
7365756c61762074
6572726f636e6920
2072756f590a7463
756c61762074756f
6c6165520a3a7365
00000067616d4909
00000a6425096425
2053534543435553
657220746666203a
6c617620746c7573
72726f6320736575
00007fff00746365
4f1b65942aa279c6
731b20df68644693
5acfdfc96e20ff31
185bb9c63cacc7ee
d2f4bd43f2ecb677
a928e133b977cc6b
aacf131ca402fa04
d9793a02bd3b2947
19b8435ef84c4301
50b62b4a38583b25
6691fcee60ac1570
525bce3461aee390
1b1db98e3a05bfd4
e534c637ff50bbe6
c3bcec6cd100d70d
bfb91c21bdf40481
d7e840ecc8a2310b
02eb4ac0ec1149ab
29bc36fe18ed445d
3a4d0c8b352923ed
3164dbe538fdf3b3
1203b872244bc750
ecbbb1acff84b0f9
d35cc944dd76ba2d
cec8f2f6ce89dd48
ddb31bc6d3e80865
fd39354dec072b22
205139590f8339f4
36592a652d4733e3
39b10fcb3aa21ddd
285bf269336c00f7
0831d984199ee514
e5f3caabf675d053
00007fffd826c884
4f1b65942aa279c6
731b20df68644693
5acfdfc96e20ff31
185bb9c63cacc7ee
d2f4bd43f2ecb677
a928e133b977cc6b
aacf131ca402fa04
d9793a02bd3b2947
19b8435ef84c4301
50b62b4a38583b25
6691fcee60ac1570
525bce3461aee390
1b1db98e3a05bfd4
e534c637ff50bbe6
c3bcec6cd100d70d
bfb91c21bdf40481
d7e840ecc8a2310b
02eb4ac0ec1149ab
29bc36fe18ed445d
3a4d0c8b352923ed
3164dbe538fdf3b3
1203b872244bc750
ecbbb1acff84b0f9
d35cc944dd76ba2d
cec8f2f6ce89dd48
ddb31bc6d3e80865
fd39354dec072b22
205139590f8339f4
36592a652d4733e3
39b10fcb3aa21ddd
285bf269336c00f7
0831d984199ee514
e5f3caabf675d053
00007fffd826c884
4f1b65942aa279c6
731b20df68644693
5acfdfc96e20ff31
185bb9c63cacc7ee
d2f4bd43f2ecb677
a928e133b977cc6b
aacf131ca402fa04
d9793a02bd3b2947
19b8435ef84c4301
50b62b4a38583b25
6691fcee60ac1570
525bce3461aee390
1b1db98e3a05bfd4
e534c637ff50bbe6
c3bcec6cd100d70d
bfb91c21bdf40481
d7e840ecc8a2310b
02eb4ac0ec1149ab
29bc36fe18ed445d
3a4d0c8b352923ed
3164dbe538fdf3b3
1203b872244bc750
ecbbb1acff84b0f9
d35cc944dd76ba2d
cec8f2f6ce89dd48
ddb31bc6d3e80865
fd39354dec072b22
205139590f8339f4
36592a652d4733e3
39b10fcb3aa21ddd
285bf269336c00f7
0831d984199ee514
e5f3caabf675d053
00007fffd826c884
4f1b65942aa279c6
731b20df68644693
5acfdfc96e20ff31
185bb9c63cacc7ee
d2f4bd43f2ecb677
a928e133b977cc6b
aacf131ca402fa04
d9793a02bd3b2947
19b8435ef84c4301
50b62b4a38583b25
6691fcee60ac1570
525bce3461aee390
1b1db98e3a05bfd4
e534c637ff50bbe6
c3bcec6cd100d70d
bfb91c21bdf40481
d7e840ecc8a2310b
02eb4ac0ec1149ab
29bc36fe18ed445d
3a4d0c8b352923ed
3164dbe538fdf3b3
1203b872244bc750
ecbbb1acff84b0f9
d35cc944dd76ba2d
cec8f2f6ce89dd48
ddb31bc6d3e80865
fd39354dec072b22
205139590f8339f4
36592a652d4733e3
39b10fcb3aa21ddd
285bf269336c00f7
0831d984199ee514
e5f3caabf675d053
00007fffd826c884
4f1b65942aa279c6
731b20df68644693
5acfdfc96e20ff31
185bb9c63cacc7ee
d2f4bd43f2ecb677
a928e133b977cc6b
aacf131ca402fa04
d9793a02bd3b2947
19b8435ef84c4301
50b62b4a38583b25
6691fcee60ac1570
525bce3461aee390
1b1db98e3a05bfd4
e534c637ff50bbe6
c3bcec6cd100d70d
bfb91c21bdf40481
d7e840ecc8a2310b
02eb4ac0ec1149ab
29bc36fe18ed445d
3a4d0c8b352923ed
3164dbe538fdf3b3
1203b872244bc750
ecbbb1acff84b0f9
d35cc944dd76ba2d
cec8f2f6ce89dd48
ddb31bc6d3e80865
fd39354dec072b22
205139590f8339f4
36592a652d4733e3
39b10fcb3aa21ddd
285bf269336c00f7
0831d984199ee514
e5f3caabf675d053
00007fffd826c884
4f1b65942aa279c6
731b20df68644693
5acfdfc96e20ff31
185bb9c63cacc7ee
d2f4bd43f2ecb677
a928e133b977cc6b
aacf131ca402fa04
d9793a02bd3b2947
19b8435ef84c4301
50b62b4a38583b25
6691fcee60ac1570
525bce3461aee390
1b1db98e3a05bfd4
e534c637ff50bbe6
c3bcec6cd100d70d
bfb91c21bdf40481
d7e840ecc8a2310b
02eb4ac0ec1149ab
29bc36fe18ed445d
3a4d0c8b352923ed
3164dbe538fdf3b3
1203b872244bc750
ecbbb1acff84b0f9
d35cc944dd76ba2d
cec8f2f6ce89dd48
ddb31bc6d3e80865
fd39354dec072b22
205139590f8339f4
36592a652d4733e3
39b10fcb3aa21ddd
285bf269336c00f7
0831d984199ee514
e5f3caabf675d053
00007fffd826c884
4f1b65942aa279c6
731b20df68644693
5acfdfc96e20ff31
185bb9c63cacc7ee
d2f4bd43f2ecb677
a928e133b977cc6b
aacf131ca402fa04
d9793a02bd3b2947
19b8435ef84c4301
50b62b4a38583b25
6691fcee60ac1570
525bce3461aee390
1b1db98e3a05bfd4
e534c637ff50bbe6
c3bcec6cd100d70d
bfb91c21bdf40481
d7e840ecc8a2310b
02eb4ac0ec1149ab
29bc36fe18ed445d
3a4d0c8b352923ed
3164dbe538fdf3b3
1203b872244bc750
ecbbb1acff84b0f9
d35cc944dd76ba2d
cec8f2f6ce89dd48
ddb31bc6d3e80865
fd39354dec072b22
205139590f8339f4
36592a652d4733e3
39b10fcb3aa21ddd
285bf269336c00f7
0831d984199ee514
e5f3caabf675d053
00007fffd826c884
4f1b65942aa279c6
731b20df68644693
5acfdfc96e20ff31
185bb9c63cacc7ee
d2f4bd43f2ecb677
a928e133b977cc6b
aacf131ca402fa04
d9793a02bd3b2947
19b8435ef84c4301
50b62b4a38583b25
6691fcee60ac1570
525bce3461aee390
1b1db98e3a05bfd4
e534c637ff50bbe6
c3bcec6cd100d70d
bfb91c21bdf40481
d7e840ecc8a2310b
0aa002a0ec1149ab
0004002ffffd0044
001cffe6000c0011
007eff0a0039ffa2
fd82053401cafc42
ff4f014fff0901f4
ff7f00d7ff6d0107
ffd00083ff9300b2
fe67009b0995fdfc
fe73002bfe940062
fd79ff45fe1fffd6
f51df7dcfbf2fdef
048306090f830fc9
01ce043a029e0492
00d2053f014b0467
f3643cb80001080e
0251fe1a0343f9e8
022a0041021cff79
036101fc027b00f5
f457f64e075e0569
fea7feebfd5bfdb5
ff56ffe0ff20ff7c
ff0b0105ff5a004a
0187fe1ff9d2086a
00c7ff9c00e4ff39
00fa001600d3ffdb
031d015401680068
fe8cff45f91efc8b
ff7affeaff3bffaf
ff9b005dff97001c
fd71057cff7600e7
0075ff3b00dafe36
006bffb70065ff8a
00bafffb0081ffd8
fb6afeb8018a0042
ff9afff0ff34ffc5
ffd5002fffc2000d
ffdc00d2ffde0061
0047fe2eff780416
002dff82002dff37
0046ffbc0035ffa6
00cdffda0064ffcc
ff91fff6fca3fff3
ffed0010ffd30003
000a0049fffd0026
0081029e00200099
fff6ff59ffc8fe71
0012ffb10008ff94
0034ffc70021ffc0
fd1600dd0070ffc1
ffed000cffc2000e
000e0025ffff0015
0041007c001f003e
ff62fe9500ec01dc
ffe9ffa4ffcdff72
0002ffc8fff7ffbc
0026ffcc000effd0
ffed0008fdd50165
000f000c00020005
002d0028001c0016
0103012c00510055
ffb9ff92ff21fed8
ffe9ffccffd9ffba
fffaffe0fff3ffd7
fea101970001ffe7
0013fff6000cffef
00270003001bfffc
0060002800390010
fecdff3701170097
ffccffd4ffa3ffb8
ffe9ffe9ffdeffe0
fff10004ffeffff4
0014ffd2ff3901b6
001affee0017ffe5
0035fffb0026fff5
00f40031005a0007
ffa0ffdcfeaaff96
ffddfff1ffcbffe9
fff00003ffe9fffb
ffcb01b7fff3001c
000effd5000dffb4
001dffe60014ffe1
004bffec002cffe8
fe9d000400c2ffeb
ffd0fffeffa6fffc
ffee0006ffe20002
00020030fff60012
fff3ff99003f0191
000cffd70002ffc9
001fffdd0011ffdd
008dffc60037ffdb
ffb70010feae005d
ffec0008ffdd0007
00030017fff9000c
009b013e00160031
fff0ffc6ffcfff8b
0005ffd9fffcffd3
0023ffd20011ffda
fec700c5005dffb1
ffe80010ffc9001e
0001000ffff6000d
0029002f00100017
ffa2ff8d00d800ee
ffecffd7ffdaffc8
0002ffdcfff9ffdc
002fffb8000fffd5
ffdd0020ff0a0106
ffff000cfff40010
001700120009000c
00eb009e00350024
ffcaffd1ff78ff9b
ffedffe0ffdfffdb
fffdffdcfff3ffe0
ff6e0137000bffc8
fffe0009fff20016
0010000500090005
0042001100210008
ff4bffb600f80052
ffd8ffe7ffbdffde
ffecffeaffe4ffe9
fffaffdcfff2ffe8
fffc0007ffbb0141
000bfffa0003fffc
0021fff80012fff8
00defff30041fff7
ffb6fff7ff2ffffa
ffe2fff7ffd4fff7
fff1fff5ffeafff6
00200146fff7fff5
0002fff3fffffff4
0012ffee000afff1
003cffe4001fffec
ff1e003e00c0ffba
ffd50007ffb7000e
ffe90001ffe10001
fffa0007fff30002
fff5ffe30083012e
0003ffe9fffeffea
0017ffe3000bffe8
008fff9c002effd7
ffbf001fff25007d
ffe8000affda0010
fffa000bfff10009
00da00f8000b0014
ffefffe2ffddffd2
0002ffe3fffaffe3
001dffcc000bffdb
ff3b00ca0060ff87
ffe30019ffcb002f
fffa000cfff00010
001b00170006000e
ffbdffcd010a00b0
ffebffe2ffe0ffe1
0000ffdafff5ffe1
002dff84000affc8
ffde0039ff740111
fffa0012ffef001f
000f000d0001000e
0125005c002c0011
ffd1ffe9ff98ffda
ffe9ffe5ffe1ffe8
fffaffcdfff3ffde
ffba014a0008ff92
fffa001cfff20039
0009000b00020011
003a000600180007
ff6ffff00134001a
ffd5fff0ffbffff3
ffe6ffe8ffdfffec
ffedffb2ffeaffdc
ffff00280011013f
000500040001000f
001efff7000f0000
011bffb00040ffeb
ffb60009ff520023
ffdafff7ffce0000
ffe2ffe7ffdffff2
007a014dffdcffcf
000500060006001a
000efff50007fffd
0039ffd6001bffea
ff48006100e6ff6a
ffcd000effb5001e
ffe0fffeffd90004
ffe0ffeaffe2fff8
0003000800e10135
0005fff20002fffb
0015ffdc000cffea
00abff32002dffc1
ffbb003aff4f00b2
ffdf0014ffd3001e
ffe80004ffe5000b
015f00e7ffedffff
fff7fff0fff4fff5
0003ffe1fffbffea
001effae000bffd2
ff63010b0073ff11
ffdc002effc50052
ffeb0013ffe4001c
0001000afff3000c
ffd4fff0019f0078
ffecffe6ffe3ffef
fff7ffc9fff0ffdd
0018ff03fffeffa3
ffe20068ffb6016c
fff50027ffed0039
0008000ffffb0019
01f300090021000a
ffcefff3ffa7fffa
ffdfffdeffdaffeb
ffe3ffa4ffe2ffcc
001901c4ffd8ff0d
fffe003e00000074
000a001600020026
0044fff8001a000a
ff6500230249ff6d
ffbefffbffaa0009
ffc7ffdbffc7ffef
ff99ff46ffc3ffb9
0017006600a401cf
0008001c00090033
001bfff7000f000a
01dbfebe0044ffd3
ff9a002aff47006d
ffb7ffffffb20013
ffa9ffceffb7ffec
01550201ff6dff6f
0010002c002d0060
000dfffb000a0011
003dff9d0016ffdd
ff2c01050174fdda
ffa2004bff8e0076
ffa20024ffa70036
ff3ffff8ff8f0013
00330026026a00c0
fff3000400040012
ffddffdaffe7fff2
ffadfe54ffd3ffa4
ffd60071ffea0109
ffbb0038ffc70049
ff7d0036ffa50032
0682fc7fff010064
002cff8d008aff76
ffe4ff5d0005ff81
ff60fe6dffb9ff18
01f303d0fd82fa8c
008600cf00c90162
0056005400680087
004cffc2004e0020
003800a5ffc70905
00410024003d0054
005dffb8004afff8
0190fc9f008dff33
ff9a0175febd03a8
ffda00c1ffc800f9
ffed0083ffe6009c
00007ffffff3006d
fcdc7ff5fe6e7ffd
f9b87fd8fb4a7fe9
f6967fa6f8277fc1
f3747f61f5057f86
f0557f09f1e47f37
ed387e9ceec67ed5
ea1e7e1debab7e5f
e7077d89e8927dd5
e3f57ce3e57e7d39
e0e67c29e26d7c88
dddd7b5cdf617bc5
dad87a7cdc5a7aee
d7da7989d9587a05
d4e17884d65d7909
d1ef776bd36777fa
cf057641d07976d8
cc217504cd9275a5
c94673b5cab3745f
c6747254c7dc7307
c3aa70e2c50e719d
c0e96f5ec2487022
be326dc9bf8d6e96
bb866c23bcdb6cf8
b8e46a6dba336b4a
b64c68a6b797698b
b3c166cfb50567bc
b14164e8b27f65dd
aecd62f1b00563ee
ac6560ebad9861f0
aa0b5ed7ab375fe3
a7be5cb3a8e35dc7
a57e5a82a69c5b9c
a34d5842a4645964
a12955f5a239571d
9f15539ba01d54c9
9d0f51339e105268
9b184ebf9c124ffb
99314c3f9a234d81
975a49b498444afb
9593471c96754869
93dd447a94b645cd
923741ce93084325
90a23f17916a4073
8f1e3c568fde3db8
8dac398c8e633af2
8c4b36ba8cf93824
8afc33df8ba1354d
89bf30fb8a5b326e
88952e1189282f87
877c2b1f88062c99
8677282686f729a3
8584252885fb26a8
84a42223851223a6
83d71f1a843b209f
831d1c0b83781d93
827718f982c71a82
81e315e2822b176e
816412c881a11455
80f70fab812b113a
809f0c8c80c90e1c
805a096a807a0afb
80280648803f07d9
800b0324801704b6
8001000080030192
800bfcdc8003fe6e
8028f9b88017fb4a
805af696803ff827
809ff374807af505
80f7f05580c9f1e4
8164ed38812beec6
81e3ea1e81a1ebab
8277e707822be892
831de3f582c7e57e
83d7e0e68378e26d
84a4dddd843bdf61
8584dad88512dc5a
8677d7da85fbd958
877cd4e186f7d65d
8895d1ef8806d367
89bfcf058928d079
8afccc218a5bcd92
8c4bc9468ba1cab3
8dacc6748cf9c7dc
8f1ec3aa8e63c50e
90a2c0e98fdec248
9237be32916abf8d
93ddbb869308bcdb
9593b8e494b6ba33
975ab64c9675b797
9931b3c19844b505
9b18b1419a23b27f
9d0faecd9c12b005
9f15ac659e10ad98
a129aa0ba01dab37
a34da7bea239a8e3
a57ea57ea464a69c
a7bea34da69ca464
aa0ba129a8e3a239
ac659f15ab37a01d
aecd9d0fad989e10
b1419b18b0059c12
b3c19931b27f9a23
b64c975ab5059844
b8e49593b7979675
bb8693ddba3394b6
be329237bcdb9308
c0e990a2bf8d916a
c3aa8f1ec2488fde
c6748dacc50e8e63
c9468c4bc7dc8cf9
cc218afccab38ba1
cf0589bfcd928a5b
d1ef8895d0798928
d4e1877cd3678806
d7da8677d65d86f7
dad88584d95885fb
dddd84a4dc5a8512
e0e683d7df61843b
e3f5831de26d8378
e7078277e57e82c7
ea1e81e3e892822b
ed388164ebab81a1
f05580f7eec6812b
f374809ff1e480c9
f696805af505807a
f9b88028f827803f
fcdc800bfb4a8017
00008001fe6e8003
0324800b01928003
0648802804b68017
096a805a07d9803f
0c8c809f0afb807a
0fab80f70e1c80c9
12c88164113a812b
15e281e3145581a1
18f98277176e822b
1c0b831d1a8282c7
1f1a83d71d938378
222384a4209f843b
2528858423a68512
2826867726a885fb
2b1f877c29a386f7
2e1188952c998806
30fb89bf2f878928
33df8afc326e8a5b
36ba8c4b354d8ba1
398c8dac38248cf9
3c568f1e3af28e63
3f1790a23db88fde
41ce92374073916a
447a93dd43259308
471c959345cd94b6
49b4975a48699675
4c3f99314afb9844
4ebf9b184d819a23
51339d0f4ffb9c12
539b9f1552689e10
55f5a12954c9a01d
5842a34d571da239
5a82a57e5964a464
5cb3a7be5b9ca69c
5ed7aa0b5dc7a8e3
60ebac655fe3ab37
62f1aecd61f0ad98
64e8b14163eeb005
66cfb3c165ddb27f
68a6b64c67bcb505
6a6db8e4698bb797
6c23bb866b4aba33
6dc9be326cf8bcdb
6f5ec0e96e96bf8d
70e2c3aa7022c248
7254c674719dc50e
73b5c9467307c7dc
7504cc21745fcab3
7641cf0575a5cd92
776bd1ef76d8d079
7884d4e177fad367
7989d7da7909d65d
7a7cdad87a05d958
7b5cdddd7aeedc5a
7c29e0e67bc5df61
7ce3e3f57c88e26d
7d89e7077d39e57e
7e1dea1e7dd5e892
7e9ced387e5febab
7f09f0557ed5eec6
7f61f3747f37f1e4
7fa6f6967f86f505
7fd8f9b87fc1f827
7ff5fcdc7fe9fb4a
7fff00007ffdfe6e
7ff503247ffd0192
7fd806487fe904b6
7fa6096a7fc107d9
7f610c8c7f860afb
7f090fab7f370e1c
7e9c12c87ed5113a
7e1d15e27e5f1455
7d8918f97dd5176e
7ce31c0b7d391a82
7c291f1a7c881d93
7b5c22237bc5209f
7a7c25287aee23a6
798928267a0526a8
78842b1f790929a3
776b2e1177fa2c99
764130fb76d82f87
750433df75a5326e
73b536ba745f354d
7254398c73073824
70e23c56719d3af2
6f5e3f1770223db8
6dc941ce6e964073
6c23447a6cf84325
6a6d471c6b4a45cd
68a649b4698b4869
66cf4c3f67bc4afb
64e84ebf65dd4d81
62f1513363ee4ffb
60eb539b61f05268
5ed755f55fe354c9
5cb358425dc7571d
5a825a825b9c5964
58425cb359645b9c
55f55ed7571d5dc7
539b60eb54c95fe3
513362f1526861f0
4ebf64e84ffb63ee
4c3f66cf4d8165dd
49b468a64afb67bc
471c6a6d4869698b
447a6c2345cd6b4a
41ce6dc943256cf8
3f176f5e40736e96
3c5670e23db87022
398c72543af2719d
36ba73b538247307
33df7504354d745f
30fb7641326e75a5
2e11776b2f8776d8
2b1f78842c9977fa
2826798929a37909
25287a7c26a87a05
22237b5c23a67aee
1f1a7c29209f7bc5
1c0b7ce31d937c88
18f97d891a827d39
15e27e1d176e7dd5
12c87e9c14557e5f
0fab7f09113a7ed5
0c8c7f610e1c7f37
096a7fa60afb7f86
06487fd807d97fc1
03247ff504b67fe9
0000000401927ffd
0000000400000080
0000000400000020
0000000400000008
0000000200000002
0202010000000001
0404040403030303
0505050504040404
0505050505050505
0606060605050505
0606060606060606
0606060606060606
0606060606060606
0707070706060606
0707070707070707
0707070707070707
0707070707070707
0707070707070707
0707070707070707
0707070707070707
0707070707070707
0808080807070707
0808080808080808
0808080808080808
0808080808080808
0808080808080808
0808080808080808
0808080808080808
0808080808080808
0808080808080808
0808080808080808
0808080808080808
0808080808080808
0808080808080808
0808080808080808
0808080808080808
0808080808080808
0000000a08080808
00666e6900464e49
006e616e004e414e
3736353433323130
4645444342413938
3332313000000000
6261393837363534
0000000066656463
0000296c6c756e28
80004fc000000030
800049fc800049fc
800049fc80004fb4
800049fc800049fc
800049fc800049fc
80004eb8800049fc
800049fc80004fa4
80004edc80004ed0
80004f64800049fc
800049c8800049c8
800049c8800049c8
800049c8800049c8
800049c8800049c8
800049fc800049c8
800049fc800049fc
800049fc800049fc
800049fc800049fc
800049fc800049fc
80004f38800049fc
800049fc80004d24
800049fc80004d24
800049fc800049fc
80004fd8800049fc
800049fc800049fc
800049fc800050bc
800049fc800049fc
800049fc800049fc
800049fc80004fe4
80005bd0800049fc
800049fc800049fc
800049fc800049fc
800049fc800049fc
800049fc800049fc
800049fc800049fc
80004e1480004f7c
80004d2480004d24
80004f7080004d24
800049fc80004e14
80004bd4800049fc
800051d8800049fc
80005170800051a8
800049fc80004bd4
800049fc80005108
800049fc800050d8
80005c28800049fc
2020202020202020
2020202020202020
3030303030303030
3030303030303030
80006bc880006f68
80006f5c80006bc8
80006bc880006bc8
80006bc880006bc8
80006bc880006bc8
80006f4c80006ebc
80006ecc80006bc8
80006bc880006ed8
80006b9480006f40
80006b9480006b94
80006b9480006b94
80006b9480006b94
80006b9480006b94
80006bc880006bc8
80006bc880006bc8
80006bc880006bc8
80006bc880006bc8
80006bc880006bc8
80006bc880006f2c
80006bc880006bc8
80006bc880006bc8
80006bc880006bc8
80006bc880006bc8
80006fec80006bc8
80006bc880006bc8
80006bc880006bc8
80006fa080006bc8
80006bc880006bc8
80006bc880007684
80006bc880006bc8
80006bc880006bc8
80006bc880006bc8
80006bc880006bc8
80006f8080006bc8
80006bc880006e18
80006bc880006bc8
80006e18800070b4
80006bc880006bc8
80006bc880006d20
800070548000707c
80006d2080007148
800070e880006bc8
800070c080006bc8
80006bc880006bc8
20202020800076d8
2020202020202020
3030303020202020
3030303030303030
0000004330303030
0000005849534f50
69666e490000002e
000000007974696e
6c6c6142004e614e
656363757320636f
0000000064656465
2e2e2f2e2e2f2e2e
2e2f2e2e2f2e2e2f
656e2f6372732f2e
77656e2f62696c77
6362696c2f62696c
2f62696c6474732f
0000632e616f7464
2e2e2f2e2e2f2e2e
2e2f2e2e2f2e2e2f
656e2f6372732f2e
77656e2f62696c77
6362696c2f62696c
2f62696c6474732f
00632e636572706d
0000001900000005
000000000000007d
3ff0000000000000
4024000000000000
4059000000000000
408f400000000000
40c3880000000000
40f86a0000000000
412e848000000000
416312d000000000
4197d78400000000
41cdcd6500000000
4202a05f20000000
42374876e8000000
426d1a94a2000000
42a2309ce5400000
42d6bcc41e900000
430c6bf526340000
4341c37937e08000
4376345785d8a000
43abc16d674ec800
43e158e460913d00
4415af1d78b58c40
444b1ae4d6e2ef50
4480f0cf064dd592
44b52d02c7e14af6
44ea784379d99db4
3c9cd2b297d889bc
3949f623d5a8a733
32a50ffd44f4a73d
255bba08cf8c979d
0ac8062864ac6f43
4341c37937e08000
4693b8b5b5056e17
4d384f03e93ff9f5
5a827748f9301d32
75154fdd7f73bf3c
2020202020202000
2028282828282020
2020202020202020
2020202020202020
1010101010108820
1010101010101010
0404040404040410
1010101010040404
4141414141411010
0101010101010101
0101010101010101
1010101001010101
4242424242421010
0202020202020202
0202020202020202
1010101002020202
0000000000000020
0000000000000000
0000000000000000
0000000000000000
0000000000000000
0000000000000000
0000000000000000
0000000000000000
0000000000000000
0000000000000000
0000000000000000
0000000000000000
0000000000000000
0000000000000000
0000000000000000
0000000000000000
7566202c00000000
203a6e6f6974636e
6573736100000000
2522206e6f697472
656c696166202273
20656c6966203a64
696c202c22732522
257325642520656e
8000d2e800000a73
8000d1408000d194
8000d1408000d294
8000d1408000d1a4
8000d1948000d294
8000d1a48000d194
8000d2208000d294
8000d2208000d220
000000108000d1a4
00527a0300000000
00020d1b01017c01
0000001800000010
000004dcffff0ed0
0000001000000000
ffff13980000002c
0000000000000490
0000000010000000
0000000000000000
0000000000000000
0000000000000000
0000000000000000
0000000000000000
800113f0800113f0
800113f8800113f8
8001140080011400
8001140880011408
8001141080011410
8001141880011418
8001142080011420
8001142880011428
8001143080011430
8001143880011438
8001144080011440
8001144880011448
8001145080011450
8001145880011458
8001146080011460
8001146880011468
8001147080011470
8001147880011478
8001148080011480
8001148880011488
8001149080011490
8001149880011498
800114a0800114a0
800114a8800114a8
800114b0800114b0
800114b8800114b8
800114c0800114c0
800114c8800114c8
800114d0800114d0
800114d8800114d8
800114e0800114e0
800114e8800114e8
800114f0800114f0
800114f8800114f8
8001150080011500
8001150880011508
8001151080011510
8001151880011518
8001152080011520
8001152880011528
8001153080011530
8001153880011538
8001154080011540
8001154880011548
8001155080011550
8001155880011558
8001156080011560
8001156880011568
8001157080011570
8001157880011578
8001158080011580
8001158880011588
8001159080011590
8001159880011598
800115a0800115a0
800115a8800115a8
800115b0800115b0
800115b8800115b8
800115c0800115c0
800115c8800115c8
800115d0800115d0
800115d8800115d8
800115e0800115e0
800115e8800115e8
800115f0800115f0
800115f8800115f8
8001160080011600
8001160880011608
8001161080011610
8001161880011618
8001162080011620
8001162880011628
8001163080011630
8001163880011638
8001164080011640
8001164880011648
8001165080011650
8001165880011658
8001166080011660
8001166880011668
8001167080011670
8001167880011678
8001168080011680
8001168880011688
8001169080011690
8001169880011698
800116a0800116a0
800116a8800116a8
800116b0800116b0
800116b8800116b8
800116c0800116c0
800116c8800116c8
800116d0800116d0
800116d8800116d8
800116e0800116e0
800116e8800116e8
800116f0800116f0
800116f8800116f8
8001170080011700
8001170880011708
8001171080011710
8001171880011718
8001172080011720
8001172880011728
8001173080011730
8001173880011738
8001174080011740
8001174880011748
8001175080011750
8001175880011758
8001176080011760
8001176880011768
8001177080011770
8001177880011778
8001178080011780
8001178880011788
8001179080011790
8001179880011798
800117a0800117a0
800117a8800117a8
800117b0800117b0
800117b8800117b8
800117c0800117c0
800117c8800117c8
800117d0800117d0
800117d8800117d8
800117e0800117e0
800117e8800117e8
0000000300000000
0000000080011b50
80011b5000000000
80011c2080011bb8
0000000000000000
0000000000000000
0000000000000000
0000000000000000
0000000000000000
0000000000000000
0000000000000000
0000000000000000
0000000000000000
0000000000000000
0000000000000000
0000000000000000
0000000000000000
0000000000000000
0000000000000000
0000000000000000
0000000000000000
0000000000000001
e66d1234abcd330e
0000000b0005deec
0000000000000000
0000000000000000
0000000000000000
0000000000000000
0000000000000000
0000000000000000
0000000000000000
0000000000000000
0000000000000000
0000000000000000
0000000000000000
0000000000000000
0000000000000000
0000000000000000
0000000000000043
0000000000000000
0000000000000000
0000000000000000
0000000000000043
0000000000000000
0000000000000000
0000000000000000
0000000000000043
0000000000000000
0000000000000000
0000000000000000
0000000000000043
0000000000000000
0000000000000000
0000000000000000
0000000000000043
0000000000000000
0000000000000000
0000000000000000
0000000000000043
0000000000000000
0000000000000000
0000000000000000
0000000000000043
0000000000000000
0000000000000000
0000000000000000
8000a17c8000b970
8001120800000000
8000f35480011048
8000f3548000f354
8000f3548000f354
8000f3548000f354
8000f3548000f354
ffffffffffffffff
0000ffffffffffff
0049494353410001
0000000000000000
0000000000000000
0000000000000000
0049494353410000
0000000000000000
0000000000000000
0000000000000000
ffffffff00000000
0000000000000000
80010bc4800103c4
7fefffffffffffff
3ff8000000000000
3fd287a7636f4361
3fc68a288b60c8b3
3fd34413509f79fb
3ff0000000000000
4024000000000000
401c000000000000
4014000000000000
3fe0000000000000
ffffffff80011e20
8001180800020000
