:0200000480007A
:100000006F00804A6F00C02A6F0000496F00C0482F
:100010006F0080486F0040486F0000486F00C04785
:100020006F0080476F0040476F0000476F00C04679
:100030006F0080466F0040466F0000466F00C0456D
:100040006F0080456F0040456F0000456F00C04461
:100050006F0080446F0040446F0000446F00C04355
:100060006F0080436F0040436F0000436F00C04249
:100070006F0080426F0040426F0000426F000053EB
:1000800097210100938181C917010300130181F7B2
:1000900017050000130505F713651500731055309B
:1000A000138501F4138601253306A640930500004D
:1000B000EF30507A17450000130545F4EF209047C4
:1000C000EF30D0691305000093050000130600000F
:0C00D000EF0000016F2050476780000027
:1000E000130101812326117E2324817E2322917E08
:1000F0002320217F232E317D93060000130101FD73
:10010000130600009305000013050020EF204009AE
:10011000630A05161304050017F5000013050534DE
:10012000EF305019732920B0F32900B097F5000083
:100130009385853E1306010013050400EF20401F40
:10014000F32420B0B3842441F32200B017F500005B
:100150001305C53133893241EF30D015130709003B
:1001600093860400130609009385040017F5000028
:100170001305C530EF305002371600001306068015
:1001800097050100938545B913050100EF30102A4A
:1001900093090500631E050217F500001305853558
:1001A000EF30501113050400EF20903D13010103BF
:1001B0008320C17E138509000324817E8324417E30
:1001C0000329017E8329C17D1301017F678000001F
:1001D00017F500001305852DEF30D00DB71700007F
:1001E00013830780130401003309230097F40000F0
:1001F0009384C42F03162400831504001385040080
:1002000013040402EF304079031664FE831544FEA4
:1002100013850400EF3040780316A4FE831584FE96
:1002200013850400EF3040770316E4FE8315C4FE07
:1002300013850400EF304076031624FF831504FF76
:1002400013850400EF304075031664FF831544FFE7
:1002500013850400EF3040740316A4FF831584FF58
:1002600013850400EF3040730316E4FF8315C4FFC9
:1002700013850400EF304072E31E24F79309100049
:100280006FF0DFF217F500001305051CEF30900248
:10029000930910006FF09FF10000000000000000C3
:1002A0001305000067800000130000001300000029
:1002B0001305000067800000130000001300000019
:1002C0001305000067800000130000001300000009
:1002D00013050000678000001300000013000000F9
:1002E00013050000678000001300000013000000E9
:1002F00013050000678000001300000013000000D9
:1003000013050000678000001300000013000000C8
:1003100013050000678000001300000013000000B8
:1003200013050000678000001300000013000000A8
:100330001305000067800000130000001300000098
:100340001305000067800000130000001300000088
:100350001305000067800000130000001300000078
:100360001305000067800000130000001300000068
:100370001305000067800000130000001300000058
:100380001305000067800000130000001300000048
:100390001305000067800000130000001300000038
:1003A0001305000067800000130000001300000028
:1003B0001305000067800000130000001300000018
:1003C0001305000067800000130000001300000008
:1003D00013050000678000001300000013000000F8
:1003E00013050000678000001300000013000000E8
:1003F00013050000678000001300000013000000D8
:1004000013050000678000001300000013000000C7
:1004100013050000678000001300000013000000B7
:1004200013050000678000001300000013000000A7
:100430001305000067800000130000001300000097
:100440001305000067800000130000001300000087
:100450001305000067800000130000001300000077
:100460001305000067800000130000001300000067
:100470001305000067800000130000001300000057
:100480001305000067800000130000001300000047
:10049000130500006780000017F500001305D5DD87
:1004A000EF3040616FF05FFF130101FC232011006A
:1004B0002322A1002324B1002326C1002328D10038
:1004C000232AE100232CF100232E01012320110314
:1004D0002322510223246102232671022328C1030F
:1004E000232AD103232CE103232EF103F32220340A
:1004F00013032000638862021303B0006388620064
:1005000013033000638862006F00C002EF00403EBA
:100510006F00400317F500001305C5D1EF30805977
:100520006F00400217F500001305C5CBEF3080586F
:100530006F00400117F500001305E5D1EF3080573B
:100540006F004002F32210340383020013053000D1
:100550003373A3006314A3009382220093822200CA
:10056000739012348320010003254100832581000C
:100570000326C1008326010103274101832781014E
:100580000328C1018328010283224102032381023F
:100590008323C102032E0103832E4103032F810312
:1005A000832FC10313010104730020307300203036
:1005B0003305A04023AAA1F41305F0FF67800000D3
:1005C00097F70000938787CD130850053707001071
:1005D0002320070183C61700638006062320D70067
:1005E00083C22700638A02042320570003C3370015
:1005F000630403042320670083C34700638E030260
:100600002320770003C55700630805022320A700B5
:1006100083C56700638205022320B70003C6770005
:1006200093878700630A06002320C70003C80700DA
:10063000E31008FA678000006780000013000000E4
:100640009307800523AAF1F41305F0FF67800000EB
:100650009307800523AAF1F41305F0FF67800000DB
:100660009307800523AAF1F41305F0FF67800000CB
:100670009307800523AAF1F41305F0FF67800000BB
:100680009307800523AAF1F41305F0FF67800000AB
:100690001305F0FF67800000130000001300000046
:1006A0009307C00023AAF1F41305F0FF6780000050
:1006B000B707048023A0A700730050106F0000004C
:1006C0009307800523AAF1F41305F0FF678000006B
:1006D0009307B00023AAF1F41305F0FF6780000030
:1006E000B727000023A2F500130500006780000073
:1006F0009307800523AAF1F41305F0FF678000003B
:100700009307800523AAF1F41305F0FF678000002A
:10071000930780FA23AAF1F4130500006780000014
:100720001305100067800000130000001300000094
:10073000930780FA23AAF1F41305F0FF6780000005
:100740001305F5FF13351500678000001300000046
:100750009307600123AAF1F41305F0FF67800000FE
:100760009307F00123AAF1F41305F0FF678000005E
:100770001305000067800000130000001300000054
:100780009307800523AAF1F41305F0FF67800000AA
:100790001305F0FF67800000130000001300000045
:1007A0009307800523AAF1F41305F0FF678000008A
:1007B0001305000067800000130000001300000014
:1007C000B727000023A2F500130500006780000092
:1007D0001305F0FF67800000130000001300000005
:1007E0001305F0FF678000001300000013000000F5
:1007F0009307200023AAF1F41305F0FF678000009F
:100800009307800523AAF1F41305F0FF6780000029
:100810009307A00023AAF1F41305F0FF67800000FE
:10082000130101FF23202101138901F4832709000B
:1008300023248100232291002326110093840500A4
:1008400013040600638A070213060400938504005C
:1008500017150100130585CCEF0080598320C100D6
:1008600013050400032481008324410003290100AF
:100870001301010167800000B7C5010013063000B5
:100880009385052017150100130545C9EF00404960
:1008900093021000232059006FF01FFB130000008B
:1008A00023A8A1F2130500006780000013000000D8
:1008B000138701F3032307003305A3002320A700B8
:1008C000637C250097F202009382C2736376550021
:1008D00013050300678000009307C0001303F0FFB7
:1008E00023AAF1F413050300678000001300000041
:1008F000130101FF23229100232611009307100802
:100900009384050063CC170D9307F00263D6170399
:10091000938008FD9302100563E4120217F30000B0
:100920001303039A939820003387680083230700FA
:10093000B385630067800500930E1001638AD80FAA
:100940009304500517F7000013074795B70F0010E1
:1009500023A09F0083471700638E070423A0FF0096
:10096000834027006388000423A01F0083423700D0
:100970006382020423A05F0003434700630C030269
:1009800023A06F00834857006386080223A01F013D
:10099000834367006380030223A07F0083457700C1
:1009A000638A05001307870023A0BF008344070064
:1009B000E39004FA8320C100832441001301010164
:1009C000678000008320C100130E800523AAC1F5B3
:1009D0008324410013010101678000009300F0406F
:1009E000E3C010F79302F03F63D61203938808C068
:1009F0001303F000E36613F517F700001307C7A011
:100A0000939328003385E300832505003386E500B2
:100A100067000600130EC00AE38EC8F963461E0382
:100A2000130F9009E388E8F9930F900AE39AF8F11D
:100A3000130F80FA23AAE1F56FF0DFF737250000E6
:100A400023A2A4006FF01FF7930E600DE39AD8EF76
:100A500023A8A1F26FF01FF61308F00123AA01F5F5
:100A60006FF05FF59306200023AAD1F46FF09FF496
:100A7000370404802320A400730050106F0000008E
:100A80009304600123AA91F46FF0DFF22320210187
:100A9000138901F4232481001304060003260900AE
:100AA00063060602130604000324810003290100E3
:100AB0008320C100938504008324410017150100A1
:100AC0001305C5A5130101016F008032B7C60100EF
:100AD000130630009385062017150100130505A4A1
:100AE000EF00002413081000232009016FF09FFB82
:100AF0008327C500638807208328050163840820B5
:100B00000328050003469500032745018346480155
:100B1000B3E2C600A304550013F306026302031EEA
:100B2000B383E84093050001138F030063F475005D
:100B3000130F0001638AE81C338EE700834E0E001A
:100B4000930F1700130610002300D801232AF50184
:100B50006370761AB386F70183C206001303270079
:100B60009305200023005800232A650063F27518BE
:100B7000338E6700834E0E00130637009306300055
:100B80002300D801232AC50063F47616B382C70078
:100B900003C3020093054700130E400023006800C2
:100BA000232AB50063767E14B38EB70083C60E0089
:100BB00013065700930250002300D800232AC500D3
:100BC00063F872123383C70083450300930E6700F6
:100BD000130E60002300B800232AD501637A7E102B
:100BE000B386D70183C20600130677001303700093
:100BF00023005800232AC500637C730EB385C70009
:100C000083CE050093068700130E80002300D801D1
:100C1000232AD500637E7E0CB382D70003C3020073
:100C2000130697009305900023006800232AC5004F
:100C300063F0750CB38EC70083C60E009302A70045
:100C4000130EA0002300D800232A550063727E0AE9
:100C500033835700834503001306B700930EB0009B
:100C60002300B800232AC50063F47E08B386C700BA
:100C700083C206001303C700130EC00023005800F0
:100C8000232A650063767E06B385670083CE050060
:100C90001306D7009306D0002300D801232AC500ED
:100CA00063F87604B382C70003C302009305E7002C
:100CB000130EE00023006800232AB500637A7E0249
:100CC000B38EB70083C60E001306F7009302F00040
:100CD0002300D800232AC50063FC7200B387C70035
:100CE00003C307001307070123006800232AE50058
:100CF00093050000638403009305FFFF3387F5012C
:100D00006384E800678000008348480023280500CA
:100D100013F5D80F2302A80067800000130000001D
:100D2000130101FE232A910083240500232C810056
:100D30002328210123263101232E110023820400C0
:100D400023840400930770FC2384F40023880400A8
:100D50002322B5001304050013890500930906003A
:100D6000930600001386050037D512139305000083
:100D7000EF105033B7028000637455029350F500B2
:100D8000130700F82386E40013F3F00F13557500E2
:100D9000238264009373F50F23807400238604007C
:100DA0002386340123043401A304040097050000C2
:100DB000938545D4232224018320C10123280400E4
:100DC00023260400232A0400232E0400232C0400DD
:100DD000232204022320B40203248101832441013D
:100DE000032901018329C10013010102678000006A
:100DF000130101FF23260100638C0522630A0622EA
:100E0000032505003386C5009307100303474501FA
:100E1000232601008326C1009372F70F63E2D70AED
:100E20000323C10093031300232671000328C1008C
:100E300063E807098328C100138E18002326C10127
:100E4000832EC10063EED707032FC100930F1F004D
:100E50002326F1010327C10063E4E7068326C100CE
:100E600013831600232661008323C10063EA7704FD
:100E70000328C1009308180023261101032EC10086
:100E800063E0C705832EC100138F1E002326E101F6
:100E9000832FC10063E6F7030327C1009306170001
:100EA0002326D1000323C10063EC67008323C10024
:100EB00013881300232601018328C100E3F217F7EA
:100EC00093F20202E38402F423260100032EC10000
:100ED00063E2C70B832EC100138F1E002326E1019E
:100EE000832FC10063E8F7090327C10093061700A9
:100EF0002326D1000323C10063EE67068323C100CC
:100F000013881300232601018328C10063E4170717
:100F10008322C100138E12002326C101832EC1003B
:100F200063EAD705032FC100930F1F002326F101A9
:100F30000327C10063E0E7048326C1001383160082
:100F4000232661008323C10063E677020328C100E2
:100F500093081800232611018322C10063EC570077
:100F6000032EC100930E1E002326D101032FC100C2
:100F7000E3F2E7F783CF05002300F5012326010004
:100F80000327C10063E2E70A8326C100138316002A
:100F9000232661008323C10063E877080328C1008A
:100FA00093081800232611018322C10063EE57061F
:100FB000032EC100930E1E002326D101032FC10072
:100FC00063E4E707832FC10013871F002326E10096
:100FD0008326C10063EAD7040323C10093031300EF
:100FE000232671000328C10063E007058328C100A0
:100FF0009382180023265100032EC10063E6C70325
:10100000832EC100138F1E002326E101832FC10010
:1010100063ECF7010327C100930617002326D100D4
:101020000323C100E3F267F693851500E390C5DE64
:10103000130101016780000013000000130000008D
:101040006388050E03C605006304060E83270500AA
:10105000130101FF9386150003C747019372F70F31
:10106000A30751000343F100937303026396030A3D
:1010700003C547019375F50FA307B1000348F100BD
:1010800093780802639A080803CE4701937EFE0F07
:10109000A307D101034FF100937F0F02639E0F0658
:1010A00003C747019372F70FA30751000343F100F1
:1010B000937303026392030603C547019375F50F0B
:1010C000A307B1000348F10093780802639608046F
:1010D00003CE4701937EFE0FA307D101034FF1001A
:1010E000937F0F02639A0F0203C747019372F70FB2
:1010F000A30751000343F10093730302639E0300AF
:1011000003C547019375F50FA307B1000348F1002C
:1011100093780802E38208F4938616002380C700C0
:1011200003C6F6FFE31A06F213010101678000000F
:10113000678000001300000013000000130000008F
:10114000630C0602638A0502032705009706000068
:101150009386469A2326B500834747002328C50077
:10116000232A05002320D50293E2270023025700FB
:10117000732340F16304030067800000B723000C71
:10118000170601001306863983A503003305C54001
:101190001338150093081000339E0801B36EBE008B
:1011A00023A0D3016780000013000000130000009B
:1011B00083270500034795008326050183C2470165
:1011C00033E3E200A304650093F3F20F6398060093
:1011D00013D5630013751500678000001305000028
:1011E00067800000130000001300000013000000DF
:1011F0009307050063800518630E06160327050094
:101200000345950083464701B3E2A600A384570037
:1012100013F31600630003169373360013050000E2
:10122000638C0308130810006380030793082000F1
:101230006386130303470700130510002380E500AE
:1012400003A7070003CE9700834E470133EFCE017B
:10125000A384E70193FF1E0063820F1283460700F9
:10126000B382A500130515002380D20003A7070051
:1012700003C397008343470133E86300A384070156
:1012800093F81300638C080E034E07003387A50004
:10129000130515002300C70103A7070083CE97009D
:1012A000034F4701B36FDF01A384F70193761F005B
:1012B0006386060C6306A60C83420700B383A50071
:1012C000130515002380530003A8070003CE9700E1
:1012D0003383A5000347480193080500B36EC70197
:1012E000A384D701137F1700630A0F08834F0800F8
:1012F00013051500B382A5002300F30183A30700A3
:1013000083C6970003C343013368D300A384070156
:10131000137E130063040E0603C703001385280021
:10132000B38EA5002380E20003AF070083CF9700B0
:1013300083424F01B3E3F201A384770093F61200D6
:10134000638E060203430F001385380023806E006E
:1013500003A7070083C89700034E470133681E01A7
:10136000A3840701937E1E00638A0E00E316A6F491
:1013700067800000130500006780000067800000A0
:10138000678000001300000013000000130000003D
:10139000F32740F163960702B726000C17070100F8
:1013A0001307C71703A60600B302E54013B31200E4
:1013B0009303100033986300B368C80023A016019C
:1013C000370E0100930EFEFF638CD5010325050047
:1013D00093F5F500034F4500B36FBF002302F501FD
:1013E00067800000130000001300000013000000DD
:1013F000638E05029307000C63EAC702032705000A
:10140000232EB5008342870013F3F203B363C300B6
:1014100093F5F30F2304B7000346470093661600C5
:101420002302D700732840F163040800678000009E
:10143000B728000C970E0100938E4E0E03AE0800E5
:101440003305D541133F1500930F1000B397EF01FB
:1014500033E7C70123A0E800678000001300000005
:1014600063840502032705002320B5022326050017
:10147000834747002328050093E2270023025700F3
:10148000732340F16304030067800000B723000C5E
:10149000970501009385850883A603003305B540B1
:1014A0001336150013081000B318C80033EED80027
:1014B00023A0C30167800000130000001300000098
:1014C00063800502032705002322B50283474700F6
:1014D00093E2870023025700732340F16304030063
:1014E00067800000B723000C970501009385050372
:1014F00083A603003305B54013361500130810000A
:10150000B318C80033EED80023A0C30167800000E1
:10151000638805126306061283270500834695003B
:1015200003C74701B362D700A30455001373070232
:1015300063080310930300011305060063F4C3005E
:101540001305000103C8050093081000238007015C
:1015500063FAC80E03CE1500930E20002380C70146
:1015600063F2CE0E03CF2500930F30002380E701F6
:1015700063FACF0C83C63500130740002380D700E1
:101580006372C70C83C245001303500023805700C9
:10159000637AC30A83C35500130860002380770071
:1015A0006372C80A83C86500130E70002380170198
:1015B000637ACE0883CE7500130F80002380D70195
:1015C0006372CF0883CF8500930690002380F701D4
:1015D00063FAC60683C295001307A0002380570054
:1015E0006372C70603C3A5009303B000238067009E
:1015F00063FAC30403C8B5009308C0002380070141
:1016000063F2C80403CEC500930ED0002380C70147
:1016100063FACE0203CFD500930FE0002380E701E9
:1016200063F2CF0283C6E5009302F0002380D70067
:1016300063FAC20083C5F5002380B700678000000D
:101640001305000067800000130000001300000075
:10165000832705000347950083C24701A3040500C3
:1016600033E5E2001375E509678000001300000010
:101670008327050003C58701678000001300000071
:1016800003270500834795008342470133E3F200B7
:10169000A304650013F50206678000001300000034
:1016A000032705008347C70093E20704230657007A
:1016B000678000001300000013000000130000000A
:1016C000032705008347C70093F2F70B2306570053
:1016D0006780000000000000000000000000000023
:1016E000130101F923249105832C06002322A1056F
:1016F00093071000130D0600E3D8972993820C007E
:1017000013070000930610001307170013D81240A8
:1017100093D8224013D3324013DE424093DE52402E
:1017200013DF624093DF72401306070093D28240BA
:10173000630ED80213071700638AD8021307260026
:101740006306D302130736006302DE021307460066
:10175000638EDE0013075600630ADF00130766007E
:101760006386DF0013077600E390D2FA93F37C00E0
:101770009307050093060000638803101308100008
:101780006380030F93082000638A130B1303300058
:1017900063846308130E4000638EC305930E5000EC
:1017A0006388D303130F6000E39CE31BFBB3E600E5
:1017B00013982300B388050103D3080093874700DB
:1017C00093861600239E67FE03DE2800239FC7FF33
:1017D000FBBEE600139F2E00B38FE50183D20F00FE
:1017E0009387470093861600239E57FE03D62F004B
:1017F000239FC7FEFBB3E60013982300B3880501BF
:1018000003D308009387470093861600239E67FE44
:1018100003DE2800239FC7FFFBBEE600139F2E00B8
:10182000B38FE50183D20F0093874700938616009C
:10183000239E57FE03D62F00239FC7FEFBB3E6006F
:1018400013982300B388050103D30800938747004A
:1018500093861600239E67FE03DE2800239FC7FFA2
:10186000FBBEE600139F2E00B38FE50183D20F006D
:101870009386160093874700239E57FE03D62F00BA
:10188000239FC7FE6384DC12FBB3E600139823009A
:10189000338E050103530E00938E16009388470084
:1018A00023906700035F2E002391E701FBBFEE004A
:1018B00093922F0033865500835306001388260029
:1018C0001383870023927700035E26002391C801CB
:1018D000FB3EE80093982E00338F1501835F0F00C5
:1018E000938236009383C7002394F70103562F0099
:1018F0002311C3007BB8E20013132800B38E6500E8
:1019000003DE0E0093884600138F07012396C7015C
:1019100083DF2E002391F301FBB2E80093932200B2
:10192000338875000353080013865600938E4701D1
:1019300023986700035E28002311CF01FB38E600DF
:10194000139F2800B38FE50183D20F0093836600B5
:1019500013838701239A570003D82F0023910E0188
:101960007BB6E300931E2600338FD501035E0F0084
:10197000938F76009388C701239CC70183522F0061
:1019800023115300FBB3EF0013932300338665004C
:10199000035806009386860093870702239E07FF5D
:1019A000835E26002391D801E390DCEE93058D023F
:1019B00013078D00930E100063E6E542232681068F
:1019C000232491062322210723203107232E4105BA
:1019D000232C5105232A610523287105232681051F
:1019E0002320B105B7420000938F0C0093870500B8
:1019F000130E050003A9070013942E00B30B8E00ED
:101A0000B3892E03338A8B00B3048A00130B0000C2
:101A100013830E00130C0E00B3CA3F031394290066
:101A20001387090013951A00B30D550193963A00D8
:101A3000139F2D00939C2A002322D10093860F0030
:101A4000938F0B00232091012324E101930B0B00C2
:101A5000938C0400938D070093040A00130F0E006B
:101A6000138B0F006F004002130E2000630CC95F40
:101A7000B38BEB00330C8C00330B8B00B3848400EE
:101A8000B38C8C0063D2DB3293074000E31EF9FC79
:101A900003264D00930F8D08232CB1012326E1006E
:101AA0002328D100232A2101232E71012320610242
:101AB0002322810323248102232661032328910208
:101AC000232A9103232CE103232EA103832D8100DC
:101AD00093070C0093830C00938E0400130E0B00ED
:101AE000930A0300138A0F0093890F0063140630D2
:101AF000039B070003952700938E4E001319DB000C
:101B00009315D500330D69413384A54033065D003C
:101B1000B3085400135FF64093DBF8402390E701CD
:101B20002391770103130E00831C2E00130E4E0029
:101B30001317D3001398DC00330C6740B3049841AB
:101B4000B3065C00338B540013D5F6401359FB40A9
:101B5000231EAEFE231F2EFF039DCEFF0394EEFF38
:101B6000938747001316DD009315D400B308A641F0
:101B7000338F8540B38B580033035F0093DCFB4009
:101B80001357F340239E9EFF239FEEFE039C03000A
:101B900083942300032301009316DC001398D400E0
:101BA000338B86413305984033095B00330D550074
:101BB0009358F9401358FD402390130123910301DA
:101BC0008394090083952900839CCEFF039CEEFF3C
:101BD000032D4100839B0F0003942F00B389A901BB
:101BE000B38F6F00330DBC02031BCEFF0317EEFF54
:101BF00003DFC7FF03D5E7FF03190A0003162A0016
:101C000093834300938AFAFF330ABA0133839C0219
:101C1000B385BC02B30CA34133835C00135DF34076
:101C2000931C0D0113D30C01330D6F00931C0D0198
:101C3000330F6F4013DD0C01B384840313130F01C2
:101C4000135F0301239EA7FF330CE402B3859500C5
:101C5000B38C550013D3FC409314030193D50401B6
:101C6000B30CB5003305B5409314050113930C0173
:101C7000B3866B0393DC040113530301239F67FEB8
:101C8000B3868641338C56001355FC4093140501EE
:101C900093D60401B38528033385DC00B384DC408C
:101CA000B30CC802B30B770333879541B3055700D4
:101CB00013DCF540931C0C0113D70C01B386E6002E
:101CC0009395060113DC0501330D8D413304640344
:101CD000330BE540239EAEFFB3049700B388C802E0
:101CE00033868B0033055600935BF540939C0B01C4
:101CF00013D70C01B306EF00330FEF40330828036E
:101D000033890801B305590013DDF54013140D01A3
:101D100013560401B308C70013950801935B05012E
:101D200033037341239F6EFE83DCC7FF03D7E7FFB6
:101D30003388C640330C9C01B386EB00239E87FF9B
:101D4000239FD7FE231F9EFE231E0EFFB304E60132
:101D5000239E93FE239F63FFE39C0AD80327C100C1
:101D6000832BC10103248102032C4102032BC102F6
:101D700083240103832C410383260101B38BEB00F1
:101D800003294101832D810103230102032F8103D4
:101D9000032DC103330C8C00330B8B00B384840000
:101DA000B38C8C00E3C2DBCE93878DFF930E0700CC
:101DB000130E0F00938F0600E31EFDC20324C1061D
:101DC000832481060329410683290106032AC105CC
:101DD000832A8105032B4105832B0105032CC104B4
:101DE000832D0104832C8104032D41041301010779
:101DF0006780000003990700039C2700938E4E0024
:101E0000131DD9001313DC0033042D413307834124
:101E1000B30B5400B304570013DBFB4013DFF44053
:101E2000239067012391E701831C0E0083182E0085
:101E3000130E4E009396DC009395D800338596419F
:101E4000338815413306550033095800135CF640BA
:101E5000135DF940231E8EFF231FAEFF0393CEFFB9
:101E60000394EEFF938747001317D300931BD4000E
:101E7000B3046740338B8B40338F5400B30C5B004B
:101E80009358FF4093D6FC40239E1EFF239FDEFE07
:101E90008395030003952300938343001396D50095
:101EA0001318D5003309B640330CA840330D590040
:101EB00033035C009358FD401358F340239E13FFF7
:101EC000239F03FF8394090083952900839CCEFF01
:101ED000039CEEFF032D01000323410003940F0038
:101EE000839B2F00B3896900B38FAF0133839C02BA
:101EF0000317CEFF031BEEFF03D5C7FF03DFE7FF8A
:101F000003190A0003162A00938AFAFF330ABA015A
:101F1000330DBC02B3848403B385BC02B30CA3416C
:101F200033835C00135DF340931C0D0113D30C014C
:101F3000330D6500931C0D013305654013DD0C0165
:101F4000330C7B03B3859500B38C55001313050147
:101F50001355030113D3FC409314030193D50401DB
:101F6000B30CBF00330FBF40B306870293140F01B9
:101F700013930C0193DC040113530301239EA7FF69
:101F8000239F67FEB3868641338C5600135FFC4067
:101F900093140F0193D60401B3852803338FDC40DB
:101FA000B384DC00B30CC802B30B770333879541CD
:101FB000B305570013DCF540931C0C0113D70C013B
:101FC000B386E6009395060113DC0501330D8D41C0
:101FD00033046403330BE701239EAEFFB384E44074
:101FE0003386C802B3888B00338F5800935BFF4061
:101FF000939C0B0113D70C01B306E5403305E500B4
:102000003308280333090601B305590013DDF540F1
:1020100013140D0113560401B308C700139F0801E0
:10202000935B0F0133037341239F6EFE83DCC7FF75
:1020300003D7E7FF3308D600330C9C01B386EB00CF
:10204000239E87FF239FD7FE231F9EFE231E0EFF86
:10205000B304C540239E93FE239F63FFE39C0AD8ED
:102060006FF0DFCF0326010093050C00130E8D08DF
:1020700093080B00930A030083930500039825003F
:1020800093854500939EE3009319E800338A7E40D0
:10209000B38F094133055A00B3875F009353F5406E
:1020A00013D8F740239E75FE239F05FF839E0800EB
:1020B0008399280093884800139AEE00939FE900C3
:1020C0003305DA41B3833F41B307550033885300EA
:1020D00093DFF7401358F840239EF8FF239F08FF33
:1020E00083130E0083192E0083DEC5FF33857F0224
:1020F000938AFAFF330ECE00330A3803B3873F03C7
:10210000B30F4541B3895F0013D5F940131A050198
:10211000935F0A01B38EFE41239ED8FF83D9E5FF6A
:1021200033087802B3830701B387530013D5F74010
:10213000131A050193530A01B38E7940239FD8FFE8
:1021400083D9C5FF03D8E5FFB38F3F01B3870301F0
:10215000239EF5FF239FF5FEE3900AF26FF05F9157
:10216000FBB7E60093962700B38FD50083D20F000C
:1021700093061000930745002310550003D62F0047
:102180002311C5006FF08FE2E39EFCC4130700002B
:102190006FF0CFDD130000001300000013000000FB
:1021A000130101FF23229100232021012326110086
:1021B000232481009304050013890500638C060025
:1021C0006302060C03A70600B71700009380778808
:1021D00063F0E00C3715000013058588EF00903997
:1021E000130405006306050A232095002322250118
:1021F0009302002063DC92069703010083A3C39F30
:1022000003AE030003A3430083A8830003A8C30015
:1022100083AE030183A5430103A6830183A6C30103
:1022200003AF030283AF43022324C40123266400C7
:1022300023281401232A0401232CD401232EB400C3
:102240002320C4022322D4022324E4032326F403FC
:102250008320C1001305040003248100832441006E
:102260000329010013010101678000001396240077
:102270009705010083A5059813058508EF10506B9D
:102280006FF09FF7B71400001389848823A02601FC
:10229000130400008320C1001305040003248100FF
:1022A000832441000329010013010101678000001C
:1022B00093070600130605006386F50013850700E3
:1022C0006FF00FC2130101FE23282101032905002D
:1022D0002326A100232E110013192900130509003C
:1022E000232C8100232A910013840500EF009028FD
:1022F0000326C1009305040093040500EFF04FBED0
:10230000130609009385040013050400EF105062C2
:10231000032481018320C1010329010113850400E5
:1023200083244101130101026F0090251300000076
:1023300093070600130605006386F5001385070062
:102340006FF00FBA130101FE2328210103290500B4
:102350002326A100232E11001319290013050900BB
:10236000232C8100232A910013840500EF00902084
:102370000326C1009305040093040500EFF04FB657
:10238000130609009385040013050400EF10505A4A
:10239000032481018320C101032901011385040065
:1023A00083244101130101026F00901D13000000FE
:1023B00067800000130000001300000013000000FD
:1023C00067800000000000001308000063C60512CB
:1023D00063DC0600B337C000B306D0401348F8FFF3
:1023E000B386F6403306C040930806001307050085
:1023F00013830500639A060E63F4C516B707010040
:102400006364F622B7070001930680016374F60047
:1024100093060001B7170180335ED6009387C7D3B8
:10242000B387C70183C70700130E0002B387D70025
:10243000B306FE40630CFE003393D500B357F5009E
:10244000B318D60033E367003317D50013D608015D
:102450003355C3029396080193D60601935707019B
:102460003373C302B385A60213130301B3E76700F6
:1024700063FCB700B387F8001303F5FF63E41701AB
:1024800063E6B74013050300B387B740B3D5C7026F
:102490001317070113570701B3F7C702B386B60234
:1024A000939707013367F700637ED7003387E8000F
:1024B0009387F5FF636617019385E5FF6364D70093
:1024C00093850700131505013365B50093050000DA
:1024D000630A0800B337A000B305B040B385F540E8
:1024E0003305A0406780000063F4D5029305000027
:1024F000130500006FF0DFFDB337A000B305B04057
:10250000B385F5403305A0401308F0FF6FF05FEC92
:10251000B707010063E8F61EB707000193088001C2
:1025200063F4F60093080001B717018033D7160152
:102530009387C7D3B387E70003C707009307000259
:1025400033071701B388E7406396E71C63E4B630AE
:102550003335C50013351500930500006FF05FF7A4
:10256000630C060CB7070100637CF62C13330610CE
:102570001333130013133300B3566600B7170180EB
:102580009387C7D3B387D70083C60700930700029A
:10259000B3866600B38ED7406394D70CB386C5402C
:1025A0001353060113160601135606019305100076
:1025B00033D5660293570701B3F66602330EC502A0
:1025C00093960601B3E7D70063FCC701B387F80011
:1025D0009306F5FF63E4170163E4C72B1385060038
:1025E000B387C741B3D66702131707011357070113
:1025F000B3F767023386C602939707013367F70084
:10260000637EC7003387E8009387F6FF6366170190
:102610009386E6FF6364C7009386070013150501E0
:102620003365D5006FF0DFEA9336061093B61600D7
:10263000939636006FF01FDEB717018093060000F7
:102640009387C7D3B387D70083C60700130300005F
:1026500093070002B3866600B38ED740E380D7F4B9
:10266000B318D60133DED50013D30801B3576E0279
:102670001396080113560601B356D5003317D5013A
:10268000B395D501B3E6B60093D50601337E6E024D
:102690003305F602131E0E01B3E5C50163FEA50066
:1026A000B385B800138EF7FF63E4151D63F2A51C14
:1026B0009387E7FFB3851501B385A54033D5650240
:1026C0009396060193D60601B3F56502330EA60272
:1026D00093950501B3E6B60063FEC601B386D80044
:1026E0009305F5FF63EE161763FCC6171305E5FFA8
:1026F000B386160193950701B386C641B3E5A500DD
:102700006FF01FEB93B8061093B818009398380039
:102710006FF09FE1B35EE600B3961601B3EEDE0004
:1027200033D3E50013DF0E01B357E303139E0E010D
:10273000B3951501135E0E013357E5003367B700FB
:1027400093560701331616013373E303B305FE02F4
:1027500013130301B3E6660063FEB600B386DE0022
:102760001383F7FF63EAD61163F8B6109387E7FF88
:10277000B386D601B386B640B3D5E6031317070177
:1027800013570701B3F6E6033303BE02939606011F
:102790003367D700637E67003387EE009386F5FFCB
:1027A0006364D70D6372670C9385E5FF3307D70128
:1027B00093970701370F0100B3E7B7009306FFFFB8
:1027C000B3F5D70013DE0701B376D6001356060122
:1027D000B38ED50233076740B306DE0213D30E0172
:1027E000B385C502B385D500B305B300330ECE0261
:1027F00063F4D500330EEE0193D60501B386C6010E
:10280000636AD7026308D7001385070093050000A9
:102810006FF01FCCB70601009386F6FF33F7D500A3
:1028200013170701B3FEDE00331515013307D70177
:10283000E37CE5FC1385F7FF930500006FF05FC9AB
:10284000B7070001637AF6049356060113030001EB
:102850006FF0DFD293050000130510006FF05FC723
:10286000138505006FF01FE9938506006FF05FF494
:1028700093070E006FF05FE4930703006FF09FEF84
:102880001305E5FFB38717016FF09FD51305E5FF2B
:10289000B38717016FF05FBF935686011303800162
:1028A0006FF0DFCD130806009308050013870500BD
:1028B0006390060E63FEC512B7070100636EF61E35
:1028C000B7070001930680016374F60093060001C8
:1028D000B71701803353D6009387C7D3B3876700F8
:1028E00083C7070013030002B387D700B306F34082
:1028F000630CF3003397D500B357F5003318D600B7
:1029000033E7E700B318D500135608013355C70263
:102910009316080193D6060193D708013377C702AF
:10292000B385A60213170701B3E7E70063FCB700FE
:10293000B307F8001307F5FF63E4070163E0B73E50
:1029400013050700B387B74033D7C7029398080130
:1029500093D80801B3F7C702B386E602939707013D
:10296000B3E8F80063FED800B30818019307F7FF37
:1029700063E608011307E7FF63E4D8001387070045
:10298000131505013365E50093050000678000001D
:1029900063F8D50093050000130500006780000070
:1029A000B707010063E8F61EB707000113088001AE
:1029B00063F4F60013080001B717018033D706014E
:1029C0009387C7D3B387E70003C7070093070002C5
:1029D000330707013388E7406396E71C63E4B630AA
:1029E0003335C500133515009305000067800000DE
:1029F000630C060CB7070100637CF62C1337061036
:102A00001337170013173700B356E600B7170180C6
:102A10009387C7D3B387D70083C707009306000205
:102A2000B387E700B38EF6406394F60CB387C540D6
:102A3000935606011316060113560601930510005E
:102A400033D5D70213D70801B3F7D7023303C50232
:102A500093970701B367F70063FC6700B307F800BB
:102A60001307F5FF63E4070163E4672A1305070012
:102A7000B387674033D7D7029398080193D80801EA
:102A8000B3F7D7023306C70293970701B3E8F800FC
:102A900063FEC800B30818019307F7FF63E6080157
:102AA0001307E7FF63E4C800138707001315050148
:102AB0003365E500678000009336061093B6160074
:102AC000939636006FF0DFE0B717018093060000A1
:102AD0009387C7D3B387D70083C7070013070000C6
:102AE00093060002B387E700B38EF640E380F6F466
:102AF0003318D60133D3F50093560801335ED30261
:102B000013160801B395D50113560601B357F50006
:102B1000B3E7B70013D70701B318D5013373D30256
:102B2000B305C6031313030133676700637EB70061
:102B30003307E8001305FEFF6364071D6372B71CCB
:102B4000130EEEFF330707013307B7403355D702A3
:102B50009397070193D707013377D7023303A60270
:102B600013170701B3E7E70063FE6700B307F80038
:102B70001307F5FF63EE071763FC67161305E5FF00
:102B8000B387070193150E01B3876740B3E5A5002E
:102B90006FF01FEB13B80610133818001318380025
:102BA0006FF09FE1335EE600B3960601336EDE0000
:102BB000B3D8E500935E0E01B3D7D80313130E010B
:102BC000B3950501135303013357E5003367B7008D
:102BD0009356070133160601B3F8D803B305F30281
:102BE00093980801B3E6160163FEB600B306DE0053
:102BF0009388F7FF63EAC61163F8B6109387E7FF7F
:102C0000B386C601B386B640B3D5D6031317070102
:102C100013570701B3F6D603B308B3029396060120
:102C20003367D700637E17013307EE009386F5FF05
:102C30006364C70D6372170D9385E5FF3307C70102
:102C400093970701B70E0100B3E7B7009386FEFF25
:102C5000B3F5D70013D30701B376D6001356060198
:102C6000338ED50233071741B306D30293580E01B2
:102C7000B385C502B385D500B385B8003303C3025D
:102C800063F4D5003303D30193D60501B386660000
:102C9000636AD7026308D700138507009305000015
:102CA00067800000B70601009386F6FF33F7D50072
:102CB00013170701337EDE00331505013307C70103
:102CC000E37CE5FC1385F7FF9305000067800000B7
:102CD000B7070001637AF604935606011307000153
:102CE0006FF0DFD29305000013051000678000002D
:102CF000130507006FF01FE9938506006FF05FF47E
:102D0000130E05006FF05FE4938708006FF09FEFEC
:102D10001305E5FFB38707016FF09FD51305E5FFA6
:102D2000B38707016FF01FC2935686011307800116
:102D30006FF0DFCD93050500930600001306000039
:102D4000130500006F10C061130101FF930500001F
:102D5000232481002326110013040500EF10C0690D
:102D600083A701F563840700E780070013050400CB
:102D7000EFD01F949305050003A5C1F36F00000178
:102D80009305050003A5C1F36F10D00D130101FDDC
:102D9000232E3101232611022324810223229102B2
:102DA000232021039387B5001307600193090500D1
:102DB0006360F7089307000163E0B720EF00007835
:102DC00093078001930520009304000113898182F9
:102DD000B307F90003A44700138787FF6300E434B7
:102DE000832744008326C4000326840093F7C7FF8B
:102DF000B307F40003A747002326D60023A4C60088
:102E0000136717001385090023A2E700EF00407342
:102E1000130584008320C10203248102832441021C
:102E2000032901028329C101130101036780000006
:102E300093F487FF63C2071863E0B418EF000070D3
:102E40009307701F63F6973E93D79400638E07161F
:102E500013074000636CF73293D7640093859703A0
:102E60001388870313963500138981823306C900BE
:102E700003244600130686FF630886021305F0004C
:102E80006F0040018326C40063560728630ED600F6
:102E9000138406008327440093F7C7FF33879740C6
:102EA000E352E5FE93050800032409019308890015
:102EB000630E1425832744009306F00093F7C7FFA1
:102EC0003387974063CCE636232A1901232819015A
:102ED000635007341307F01F032549006368F72484
:102EE00013F787FF130787003307E90083260700DE
:102EF00013D6570093071000B397C7003365F5004A
:102F0000930787FF2326F4002324D4002322A9005B
:102F10002320870023A6860093D7254013061000A0
:102F20003316F600636AC50AB377A60063940702F6
:102F30001316160093F5C5FFB377A60093854500D9
:102F4000639A070013161600B377A6009385450011
:102F5000E38A07FE1308F00013933500330369007A
:102F6000130503008327C500138E05006302F524B3
:102F700003A747001384070083A7C7001377C7FF81
:102F8000B30697406342D824E3C206FE3307E40049
:102F900083264700032684001385090093E6160064
:102FA0002322D7002326F60023A4C700EF004059B0
:102FB000130584006FF01FE69307C00023A0F900FB
:102FC000130500006FF01FE51306002093050004B1
:102FD0001308F0036FF05FE90324890023286101DF
:102FE0008327440013FBC7FF63689B0033079B40A4
:102FF0009307F00063CAE70C23229101232A5101B1
:1030000003A741F383AAC1F4232C410123267101B4
:103010009307F0FF330A6401B38A54016306F73C57
:10302000B71700009387F700B38AFA00B7F7FFFFDE
:10303000B3FAFA0093850A0013850900EF00D06502
:103040009307F0FF930B0500630AF54423248101E5
:10305000636E4523138C01F683250C00B385BA00FB
:103060002320BC00138705006316AA2A9317450185
:103070006392072A832B8900B3075B0193E717004C
:1030800023A2FB0083A681F463F4B60023A4B1F469
:1030900083A641F463F4B60023A2B1F4032C8100AB
:1030A00013840B0093F7C7FF3387974063EA973881
:1030B0009307F00063D6E738032A8101832A410190
:1030C000832BC100832C410093E714002322F400DA
:1030D000B304940023249900136717001385090093
:1030E00023A2E400EF00C0458320C1021305840041
:1030F00003248102032B01018324410203290102DD
:103100008329C101130101036780000003254900E1
:103110006FF09FE0032684006FF09FCD03A4C700EB
:1031200093852500E38287D86FF09FCB13D7970054
:103130009306400063F2E6149306400163E4E6322E
:103140001306C7059306B705131636003306C900E4
:1031500003270600130686FF6318E6006F00402968
:10316000032787006308E6008326470093F6C6FF1F
:10317000E3E8D7FE0326C7002326C4002324E40087
:1031800023248600232687006FF01FD913074001F0
:103190006378F710130740056364F72E93D7C400D4
:1031A0009385F7061388E706139635006FF0DFCB9B
:1031B000130E1E0093773E001305850063800710F1
:1031C0008327C5006FF09FDA0326840093E514007F
:1031D0002322B4002326F60023A4C700B3049400DE
:1031E000232A99002328990093E7160023A61401A7
:1031F00023A4140123A2F4003307E400138509007B
:103200002320D700EF00C033130584006FF09FC068
:10321000B307F40003A747001385090013671700DD
:1032200023A2E700EF00C031130584006FF09FBEBA
:1032300093D53400938784006FF05FB993E6140050
:103240002322D400B3049400232A99002328990050
:103250009366170023A6140123A4140123A2D4000B
:10326000B307F4001385090023A0E700EF00402D09
:10327000130584006FF01FBA13D767001306970376
:1032800093068703131636006FF05FEC630C240778
:1032900003248900032C8100832744006FF09FE002
:1032A0009385C7051388B705139635006FF0DFBB0C
:1032B000832783009385F5FF639E672693F7350088
:1032C000130383FFE39607FE032749009347F6FFA6
:1032D000B3F7E7002322F90013161600E3EEC7CE7A
:1032E000E30C06CE3377F600631A070013161600B8
:1032F0003377F600130E4E00E30A07FE93050E0027
:103300006FF09FC5138C01F603270C003387EA008A
:103310002320EC0083A641F39307F0FF6386F618A1
:10332000B3874B41B387E7002320FC0093FC7B006D
:10333000638C0C0CB38B9B41B717000093878700FD
:10334000938B8B00B3859741B38A5B01B38555415D
:103350009395450113DA450193050A001385090089
:10336000EF0090339307F0FF6300F51833057541C4
:10337000B30A450103270C002324790193E71A00BF
:10338000B305EA002320BC0023A2FB00E30C24CFFA
:103390009306F00063F0660B0327440093074BFF8E
:1033A00093F787FF137717003367F7002322E400B2
:1033B000130650003307F4002322C7002324C7005C
:1033C00063E6F60083A74B006FF0DFCB9305840024
:1033D00013850900EF100029832B890083250C0039
:1033E00083A74B006FF01FCA938A0A016FF09FC436
:1033F00093D6264093071000B397D7003365F500A6
:103400002322A9006FF05FD7B3855B01B305B040FD
:103410009395450113DA450193050A0013850900C8
:10342000EF0090279307F0FFE312F5F4130A000072
:103430006FF05FF4032C81009307100023A2FB00C0
:1034400013850900EF00C00F13050000032A810156
:10345000832A4101032B0101832BC100832C4100EE
:103460006FF05F9B9306400563E4E60413D7C70043
:103470001306F7069306E706131636006FF01FCD06
:10348000130740156364F70493D7F4009385870707
:1034900013887707139635006FF01F9D032489006A
:1034A000832744006FF01FC023AA71F36FF01FE859
:1034B0009306401563E4E60413D7F7001306870765
:1034C00093067707131636006FF05FC81307405551
:1034D0006364F70493D724019385D7071388C7073C
:1034E000139635006FF05F98938C8CFFB38A9A0126
:1034F000B38A7A41130A00006FF0DFE79306405564
:1035000063E4E60213D727011306D7079306C7071C
:10351000131636006FF09FC31306803F9305F00724
:103520001308E0076FF05F941306803F9306E007EF
:103530006FF0DFC1832749006FF01FDA678000005A
:10354000678000001305000067800000B7850080D9
:10355000138601C3938545A4138501C46F0080348D
:10356000130101FF832545002324810023229100BC
:1035700023261100138481F89304050063848500D9
:10358000EF40404C83A58400930784066386F500D2
:1035900013850400EF40004B83A5C4001304040D01
:1035A000638E8500032481008320C10013850400FD
:1035B00083244100130101016F40C0488320C100F2
:1035C000032481008324410013010101678000006E
:1035D0001305000067800000130101FE232C810009
:1035E000B7370080138481F89387C754232E1100C6
:1035F000232A91002328210123263101232441017C
:1036000023A8F1F4130680009307400093050000FF
:103610001305C4052326F4002320040023220400FC
:10362000232404002322040623280400232A040060
:10363000232C0400EF001022B7070100374A008056
:10364000B749008037490080B7440080130A0AACAC
:10365000938949B21309C9BA938444C293879700E6
:1036600013068000930500001305440C2320440337
:10367000232234032324240323269402232AF4063A
:10368000232E84002324040623260406232804066C
:103690002326040C232C0406232E040623200408CE
:1036A000EF00501BB707020013078406938727011A
:1036B0001305C41213068000930500002324440957
:1036C0002326340923282409232A9408232EF40CC2
:1036D0002322E4082328040C232A040C232C040CA2
:1036E000232A04122320040E2322040E2324040E72
:1036F000EF0050169307040D2328440F232A340F9C
:10370000232C240F232E940E8320C1012326F40E94
:103710000324810183244101032901018329C1007C
:10372000032A8100130101026780000083A701F5CD
:10373000130101FE23263101232E1100232C8100C9
:10374000232A910023282101930905006386070E8F
:10375000138901C39304F0FF8327490003248900E0
:103760009387F7FF63D807006F00000813048406EF
:10377000638C97060317C4009387F7FFE31807FECF
:10378000B707FFFF938717002326F40023220406C0
:1037900023200400232404002322040023280400FF
:1037A000232A0400232C0400130680009305000044
:1037B0001305C405EF00100A23280402232A04027B
:1037C00023220404232404048320C10113050400DC
:1037D0000324810183244101032901018329C100BC
:1037E000130101026780000003240900630604003E
:1037F000130904006FF05FF69305C01A13850900E2
:10380000EFF0CFD813040500630C05021305C500C3
:1038100093074000232004002322F4002324A40063
:103820001306001A93050000EF00D0022320890040
:10383000130904006FF05FF2EFF01FDA6FF05FF131
:10384000232009009307C00023A0F9006FF0DFF7E1
:1038500083274503638407006780000003A701F501
:10386000B737008093870756232AF502E31607FE31
:103870006FF09FD66780000067800000B73500803A
:10388000138601C393854554130500006F00800122
:10389000B7350080138601C39385055D13050000CD
:1038A0006F004000130101FD23202103232E31016D
:1038B000232C4101232A5101232861012326710170
:1038C000232611022324810223229102130B0500D7
:1038D000938B0500930A0600130A00009309100059
:1038E0001309F0FF83A44A0003A48A009384F4FF21
:1038F00063C804028357C40063FEF9008317E40021
:103900009305040013050B0063862701E7800B0075
:10391000336AAA009384F4FF13048406E39C24FD15
:1039200083AA0A00E3900AFC8320C10203248102D7
:1039300083244102032901028329C101832A410111
:10394000032B0101832BC10013050A00032A810107
:103950001301010367800000130101FC2324C1024D
:103960002326D1022328E102232AF102232C01037A
:10397000232E1103138605008325850093068102FB
:10398000232E11002326D100EF00107E8320C101D9
:10399000130101046780000003A3C1F3130101FCBC
:1039A0002324C1022326D1022322B1022328E102CB
:1039B000232AF102232C0103232E110383258300E4
:1039C000930641021306050013050300232E110080
:1039D0002326D100EF0050798320C1011301010497
:1039E00067800000130101FC232C810213040500F1
:1039F00013850500232A9102232E110293840500CA
:103A0000EF00500DB71701809387C7E32324F1021D
:103A1000930710002326F1020327440393070102B2
:103A200093061500232AF10093072000232091021A
:103A30002322A102232ED100232CF1008325840010
:103A4000630007068397C5001397270163420702A7
:103A500003A74506B7E6FFFF9386F6FF372600006B
:103A6000B3E7C7003377D7002396F50023A2E50616
:103A70001306410113050400EF4080408320C10379
:103A800003248103133515003305A0401375B500D9
:103A9000832441031305F5FF13010104678000002F
:103AA000130504002326B100EFF09FDA8325C1003F
:103AB0006FF05FF99305050003A5C1F36FF09FF266
:103AC000130101FF23248100138405008395E50081
:103AD00023261100EF00C03563400502832704054B
:103AE0008320C100B387A7002328F40403248100A6
:103AF00013010101678000008357C40037F7FFFFFF
:103B00001307F7FFB3F7E7008320C1002316F40083
:103B100003248100130101016780000013050000E8
:103B2000678000008397C500130101FE232C8100EC
:103B3000232A91002328210123263101232E11005D
:103B400013F70710138405009304050013090600FA
:103B5000938906006310070437F7FFFF1307F7FF89
:103B6000B3F7E7008315E4002316F4000324810172
:103B70008320C10193860900130609008329C1002F
:103B8000032901011385040083244101130101026B
:103B90006F0040368395E500930620001306000071
:103BA000EF0080228317C4006FF01FFB130101FF99
:103BB00023248100138405008395E500232611004A
:103BC000EF0080209307F0FF6308F5028357C400DD
:103BD000371700008320C100B3E7E7009397070180
:103BE00093D707412328A4042316F400032481005B
:103BF00013010101678000008357C40037F7FFFFFE
:103C00001307F7FFB3F7E7009397070193D707412F
:103C10008320C1002316F400032481001301010155
:103C2000678000008395E5006F000008930730006F
:103C300063FEC702B3E7A50093F73700639407025A
:103C4000930630006F0040011306C6FF13054500C0
:103C50009385450063FCC6000327050083A7050084
:103C6000E304F7FE9306F6FF6F00C0009306F6FF2D
:103C70006308060293861600B306D5006F00800025
:103C80006380A6028347050003C7050013051500DE
:103C900093851500E386E7FE3385E74067800000E3
:103CA0001305000067800000130101FF2324810039
:103CB000232291001304050013850500232611001B
:103CC00023AA01F4EFC0DF9C9307F0FF630CF5001B
:103CD0008320C100032481008324410013010101DA
:103CE0006780000083A741F5E38407FE8320C100BD
:103CF0002320F400032481008324410013010101E7
:103D00006780000083A7C1F3638EA70A832545045B
:103D1000130101FE232A9100232E110093040500B4
:103D2000638C05042328210123263101232C8100E3
:103D30001309000093090008B387250103A40700B5
:103D4000630E04009305040003240400138504009B
:103D5000EF005011E31804FE83A544041309490041
:103D6000E31C39FD13850400EF00D00F032481010B
:103D7000032901018329C10083A58403638605000B
:103D800013850400EF00100E83A5C40463860500AC
:103D900013850400EF00100D83A74403638C070014
:103DA0008320C10113850400832441011301010212
:103DB000678007008320C1018324410113010102B0
:103DC0006780000067800000130101FF1387050072
:103DD000232481002322910093050600130405008B
:103DE00013860600130507002326110023AA01F4F9
:103DF000EFC01F989307F0FF630CF5008320C1000C
:103E00000324810083244100130101016780000025
:103E100083A741F5E38407FE8320C1002320F4003B
:103E20000324810083244100130101016780000005
:103E3000130101FF13870500232481002322910031
:103E400093050600130405001386060013050700FA
:103E50002326110023AA01F4EFC09F959307F0FFDA
:103E6000630CF5008320C1000324810083244100FA
:103E7000130101016780000083A741F5E38407FE79
:103E80008320C1002320F400032481008324410007
:103E90001301010167800000130101FF2324810049
:103EA0002322910013040500138505002326110029
:103EB00023AA01F4EFC0DF9F9307F0FF630CF50026
:103EC0008320C100032481008324410013010101E8
:103ED0006780000083A741F5E38407FE8320C100CB
:103EE0002320F400032481008324410013010101F5
:103EF00067800000130101FF138705002324810060
:103F00002322910093050600130405001386060082
:103F1000130507002326110023AA01F4EFC05F90C8
:103F20009307F0FF630CF5008320C1000324810098
:103F300083244100130101016780000083A741F53C
:103F4000E38407FE8320C1002320F40003248100C2
:103F5000832441001301010167800000130101FF68
:103F600023248100B7170180371401802320210109
:103F70009387875113078451232611002322910030
:103F80003389E7406382E7021359294013048451BF
:103F90009304000083270400938414001304440056
:103FA000E7800700E3E824FF37140180B71701809A
:103FB00093878751130784513389E7401359294068
:103FC0006380E702130484519304000083270400F4
:103FD0009384140013044400E7800700E3E824FFFF
:103FE0008320C100032481008324410003290100B0
:103FF0001301010167800000130101FF23248100E8
:10400000B7170180371401809387875113048451B7
:104010003304F440232291002326110093542440BA
:10402000638004021304C4FF3304F40083270400F4
:104030009384F4FF1304C4FFE7800700E39804FEB1
:104040008320C10003248100832441001301010166
:10405000678000001303F00013070500637EC302AE
:104060009377F7006390070A63920508937606FF3B
:104070001376F600B386E6002320B7002322B700AC
:104080002324B7002326B70013070701E366D7FEF2
:104090006314060067800000B306C34093962600B1
:1040A00097020000B38656006780C6002307B7005A
:1040B000A306B7002306B700A305B7002305B70082
:1040C000A304B7002304B700A303B7002303B7007A
:1040D000A302B7002302B700A301B7002301B70072
:1040E000A300B7002300B7006780000093F5F50F29
:1040F00093968500B3E5D50093960501B3E5D50009
:104100006FF0DFF69396270097020000B386560003
:1041100093820000E78006FA93800200938707FFEE
:104120003307F7403306F600E378C3F66FF0DFF3AA
:10413000B3C7A50093F73700B308C500639407061B
:104140009307300063F0C706937735001307050027
:10415000639A070613F6C8FFB306E640930700020A
:1041600063CED70893860500930707006378C702DC
:1041700003A80600938747009386460023AE07FFF7
:10418000E3E8C7FE9307F6FFB387E74093F7C7FF5F
:10419000938747003307F700B385F500636817017D
:1041A00067800000130705006378150583C70500C5
:1041B0001307170093851500A30FF7FEE398E8FE99
:1041C0006780000083C60500130717009377370048
:1041D000A30FD7FE93851500E38E07F683C605006F
:1041E0001307170093773700A30FD7FE93851500A9
:1041F000E39A07FC6FF01FF667800000130101FFD0
:10420000232681001304000283A3050083A2450036
:1042100083AF850003AFC50083AE050103AE450142
:1042200003A3850103A8C50183A60502130747025E
:10423000B307E640232E77FC232057FE2322F7FF07
:104240002324E7FF2326D7FF2328C7FF232A67FE5F
:10425000232C07FF232ED7FE93854502E346F4FA6D
:1042600093860500930707006378C70203A806003A
:10427000938747009386460023AE07FFE3E8C7FE17
:104280009307F6FFB387E74093F7C7FF938747008D
:104290003307F700B385F500636817010324C100F5
:1042A000130101016780000083C705001307170091
:1042B00093851500A30FF7FEE382E8FE83C7050090
:1042C0001307170093851500A30FF7FEE39EE8FC84
:1042D0006FF0DFFC9377350013070500639C07043C
:1042E000B7867F7F9386F6F79305F0FF03260700D6
:1042F00013074700B377D600B387D700B3E7C700EB
:10430000B3E7D700E384B7FE8346C7FFB307A740F0
:10431000638406048346D7FF638C06020345E7FFE8
:104320003335A0003305F5001305E5FF6780000075
:10433000E38806FA834707001307170093763700D0
:10434000E39807FE3307A7401305F7FF67800000D7
:104350001385D7FF678000001385C7FF67800000C3
:1043600083A781F5638C070403A747001308F001B6
:104370006340E8081318270063060502338307012A
:104380002324C30883A88718130610003316E600F9
:10439000B3E8C80023A417192324D31093062000E0
:1043A0006306D5021307170023A2E700B3870701AE
:1043B00023A4B70013050000678000001388010CD8
:1043C00023AC01F59387010C6FF01FFA83A6C71881
:1043D0001307170023A2E700B3E6C60023A6D718E9
:1043E000B387070123A4B70013050000678000000E
:1043F0001305F0FF67800000130101FD232C41012C
:104400002320210303A981F5232611026308090A49
:10441000232E3101232A5101232861012326710112
:10442000232481022322910223248101130B0500FE
:10443000938B05009309F0FF930A10008324490031
:104440001384F4FF634E040493942400B30499008E
:1044500063900B088327490083A644009387F7FFE6
:10446000638C870A23A204006386060283278918C7
:1044700033978A00032C4900B377F7006396070649
:10448000E78006000327490083A781F563108709A9
:10449000639E27071304F4FF9384C4FFE31A34FBDD
:1044A00003248102832441028329C101832A41011B
:1044B000032B0101832BC100032C81008320C10247
:1044C00003290102032A810113010103678000000F
:1044D00083A74410E38077F91304F4FF9384C4FFA7
:1044E000E31834FF6FF0DFFB8327C91883A5440866
:1044F0003377F7006316070213050B00E780060009
:104500000327490083A781F5E30487F9E38A07F8C5
:10451000138907006FF09FF2232289006FF0DFF408
:1045200013850500E78006006FF0DFF5130101FE3B
:1045300023263101B7190180232C8100232A910001
:104540002328210123244101232E1100138A050071
:104550001309050093890954EFE05FFE03A7890062
:10456000B71700009387F7FE832447003717000032
:1045700093F4C4FF3384F400330444411354C4005F
:104580001304F4FF1314C400634EE4009305000009
:1045900013050900EFF05F9083A78900B3879700A8
:1045A0006308F50213050900EFE09FF98320C101BC
:1045B0000324810183244101032901018329C100CE
:1045C000032A810013050000130101026780000027
:1045D000B305804013050900EFF01F8C9307F0FF2F
:1045E0006308F504938701F603A7070083A68900F3
:1045F000B384844093E41400330787401305090013
:1046000023A2960023A0E700EFE09FF38320C101DF
:104610000324810183244101032901018329C1006D
:10462000032A8100130510001301010267800000B6
:104630009305000013050900EFF01F8603A789000A
:104640009306F000B307E540E3DEF6F483A641F3FA
:1046500093E717002322F7003305D54023A0A1F6E6
:104660006FF05FF463820518130101FF23248100BA
:1046700023229100138405009304050023261100D2
:10468000EFE0DFEB0325C4FF130784FFB7150180BC
:104690009377E5FF3306F70093850554832646009C
:1046A00003A8850093F6C6FF6302C81A2322D6002A
:1046B000137515003308D6006310050A032384FF21
:1046C0000328480037150180330767408328870097
:1046D00013058554B3876700137818006382A81404
:1046E0000323C70023A66800232413016306081AC6
:1046F00093E617002322D7002320F6009306F01F2D
:1047000063ECF60693F687FF9386860003A54500C3
:10471000B386D50003A6060013D8570093071000F0
:10472000B3970701B3E7A700138586FF2326A700E9
:104730002324C70023A2F50023A0E6002326E600D9
:10474000032481008320C1001385040083244100D9
:10475000130101016FE0DFDE03254800137515002A
:104760006306050893E61700232ED4FE2320F600E7
:104770009306F01FE3F8F6F893D69700130640006F
:104780006360D61293D6670013859603138686035B
:10479000131535003385A50083260500130585FF15
:1047A0006318D5006F00401583A686006308D50006
:1047B00003A646001376C6FFE3E8C7FE03A5C600BE
:1047C0002326A7002324D700032481002324E50007
:1047D0008320C100138504008324410023A6E60042
:1047E000130101016FE0DFD56780000037150180FC
:1047F000B387D7001305855483268600638CA60CE7
:104800000328C60013E517003306F70023A60601A8
:104810002324D8002322A7002320F6006FF01FEEE8
:10482000631C0812832586000326C600B386F600A3
:1048300093E7160023A6C5002324B6002322F70021
:104840003307D7002320D7006FF09FEF13751500B3
:10485000B386D70063100502032584FF3307A74002
:104860008327C70003268700B386A6002326F60009
:1048700023A4C70013E6160083A781F32322C700F1
:1048800023A4E500E3EEF6EA83A5C1F41385040052
:10489000EFF0DFC96FF0DFEAB387D7006FF0DFF525
:1048A000130640016370D602130640056364D60602
:1048B00093D6C7001385F6061386E6061315350052
:1048C0006FF05FED1385C6051386B6051315350029
:1048D0006FF05FEC23AAE50023A8E50093E617003C
:1048E0002326A7002324A7002322D7003307F7009D
:1048F0002320F7006FF0DFE403A84500135626409D
:1049000093071000B397C700B3E7070123A2F50090
:104910006FF01FEB13064015636CD60093D6F700BB
:104920001385860713867607131535006FF09FE60B
:1049300013064055636CD60093D627011385D6071E
:104940001386C607131535006FF0DFE41305803FAB
:104950001306E0076FF01FE493E617002322D70049
:104960002320F6006FF0DFDD130101ED2326111285
:1049700023229112232A511123267111938A0500B3
:10498000930406002324D100930B0500EF30506BF5
:1049900083270500138507002322F102EFF09F9380
:1049A0002320A10263880B0083A74B0363940700B5
:1049B0006F1040738397CA0013972701634607025D
:1049C00003A74A0637260000B7E6FFFFB3E7C70094
:1049D0009386F6FF9397070193D707413377D70064
:1049E0002396FA0023A2EA0613F787006302072E34
:1049F00003A70A01630E072C93F7A7011307A00072
:104A0000638AE72EB71701802328611123248111BF
:104A1000130B010B938747E8371C01802324811275
:104A2000232C4111232EB10F23202113232E3111CA
:104A3000232291112320A111232E61072322010893
:104A400023200108232A0100232C0100232E01002A
:104A500013040B0023240102232801022322010056
:104A60002326F100130A0001130C8CFF232071018F
:104A7000938D040083C70D00638C071E93840D0083
:104A8000130750026386E72A83C714009384140037
:104A9000E39A07FE3389B441638CB41D03274108B0
:104AA000832701082320B4013307270193871700C8
:104AB000232224012322E1082320F1081307700098
:104AC00013048400634EF7260327410083C70400C4
:104AD000330727012322E100638C07189384140015
:104AE000A30F01049309F0FF930B000013090000CA
:104AF0009306800503CD0400938D140093070DFEEB
:104B000063E6F6040327C10093972700B387E70005
:104B100083A7070067800700930B000093070DFD34
:104B20001306900003CD0D0013972B00B30B7701F4
:104B3000939B1B00B38B770193070DFD938D1D0095
:104B4000E372F6FE93070DFEE3FEF6FA63020D1222
:104B50002304A109A30F01041307100093041000FC
:104B6000930C8108130F090093090000232801000A
:104B7000930F000093724F080329410863960200C7
:104B8000B387EB40E342F0448347F105638A0702B1
:104B9000832701089306F1052320D4001309190087
:104BA00093061000938717002322D40023222109A3
:104BB0002320F108930670001304840063C0F61AE2
:104BC000638A0F0283270108930601062320D4007D
:104BD0001309290093062000938717002322D4008D
:104BE000232221092320F108930670001304840076
:104BF000E3CEF64E93070008E38AF208B3899940A2
:104C0000E34E301993770F106394077483270108DC
:104C100033099900232094019387170023229400DD
:104C2000232221092320F1089306700063CCF6208B
:104C300013048400137F4F0063060F00B384EB401E
:104C4000E342904E13830B0063D4EB001303070081
:104C500083274100B38767002322F100E31A09226A
:104C600083C70D002320010813040B00E39807E01D
:104C700083274108832B0100638407006F10407570
:104C800083D7CA00032481120329011293F7070472
:104C90008329C111032A8111032B0111032C8110D7
:104CA000832C4110032D0110832DC10F6384070055
:104CB0006F10901D8320C1120325410083244112EF
:104CC000832A4111832BC110130101136780000057
:104CD00093850A0013850B00EF30806B6304050099
:104CE0006F10901A8397CA001307A00093F7A701CB
:104CF000E39AE7D08397EA00E3C607D083268100D2
:104D00008320C1121386040093850A008324411274
:104D1000832A411113850B00832BC110130101134A
:104D20006F1010381369090193840D006FF09FDC38
:104D30003389B441E394B4D783C704006FF0DFD95B
:104D4000032501001306C10793850A00EF10505494
:104D5000E31805F213040B006FF01FD703250100C1
:104D60001306C10793850A00232EE102232CE103D9
:104D7000232A51022326F103EF109051E31205F08C
:104D8000032941080327C103032F81038322410321
:104D9000832FC10213040B006FF09FE283270108E9
:104DA000B7160180938606E82320D4001309190062
:104DB00093061000938717002322D4002322210991
:104DC0002320F108930670001304840063D4F600D6
:104DD0006F108010630406006F1080458326410128
:104DE00093771F00B3E7D700E38607E483274102E8
:104DF000832601022320F40083270108B3852601BE
:104E00002322D400938717002322B1082320F1081E
:104E10009306700063D4F6006F108064130484005E
:104E20008326410193871700232094013389B6001C
:104E30002322D400232221092320F10893067000A5
:104E4000E3D8F6DE032501001306C10793850A00A7
:104E50002326E1022328E101EF109043E31205E24B
:104E600003294108032F01010327C10213040B008A
:104E70006FF05FDC93778900E39C076083278100F4
:104E80009387770093F787FF03A70700938787002F
:104E9000232CE10003A7C7FF2324F100232EE10008
:104EA000832CC10103A701EE8326810183A741EE74
:104EB00093941C0093D4140013850600938504007A
:104EC0001306070093860700EF9010466304050061
:104ED0006F1000048326810103A701EE83A741EE32
:104EE00013850600938504001306070093860700C8
:104EF000EF8010356344A0006F108001032781010B
:104F000093850C00130600001305070093060000AC
:104F1000EF801033635405006F1040438346F10562
:104F20009307700463D4A7016F108041B71C018000
:104F3000938C0CE423280100137FF9F7130730004A
:104F400093043000930900006384060013071700E0
:104F5000937F2F00E3800FC213072700930F2000D9
:104F60006FF05FC1832681009377090103A70600D4
:104F7000938646002324D100639207129376090496
:104F800093070700E390064E634E07108346F10532
:104F900063C40904137FF9F7631E070213071000A7
:104FA000639E0920E314073C93741900930C0B00D3
:104FB0006382040493070003A307F10A930CF10A28
:104FC0001387040063CC340323280100E39006F820
:104FD0006FF01FF813090F0013079000E364F76CDC
:104FE00093870703A307F10A130F09009304100026
:104FF000930CF10A13870400E3D834FD13870900EA
:10500000232801006FF09FFC8327810083AB0700FA
:10501000938747002324F100E3D80BD0B30B7041F2
:105020001369490093840D006FF0DFAC03CD0D00D0
:105030009307A002938D1D006314FD006F10807D07
:1050400093070DFD930590001307000013069000D1
:1050500093090000E3E4F5AA03CD0D00931927009E
:10506000B389E900939919003387F90093070DFD7F
:10507000938D1D00E372F6FE93090700E35007A825
:105080009309F0FF6FF09FA783278100136909013F
:1050900003A70700938747002324F1009307070025
:1050A000E35607EEB307E0409306D0021307100063
:1050B0006F00000A1369090893840D006FF09FA325
:1050C0001369090493840D006FF0DFA203278100A8
:1050D000A30F010493041000832707001307470060
:1050E0002324E1002304F10813071000930C810826
:1050F0006FF05FA79307B002A30FF10493840D0034
:105100006FF05F9F1369190093840D006FF09F9EED
:105110008347F105E39A07C093070002A30FF10448
:1051200093840D006FF01F9D1369890093840D0017
:105130006FF05F9C03278100136909018327070033
:10514000130747002324E100130710009306000013
:10515000A30FD10463C80900137FF9F7E38207E4C2
:1051600013090F0013061000E308C7E6130620001A
:105170006306C706930C0B0013F7770013070703AA
:10518000A38FECFE93D7370013860C00938CFCFFA3
:10519000E39407FE937719006384070693070003DF
:1051A0006300F7061306E6FFA38FFCFEB304CB40B3
:1051B000130F0900930C06006FF0DFE39307100054
:1051C0006314F7006F10C03F9307200013090F000E
:1051D0006304F7006F10002193070000032681028B
:1051E000930C0B0013F7F7003307E60003470700A3
:1051F00093D74700938CFCFF2380EC00E39407FED9
:10520000B3049B41130F09006FF0DFDE0327810019
:105210001369090183270700130747002324E100CE
:10522000130700006FF09FF28326810013770901B6
:1052300083A70600938646002324D100E31607F0D7
:1052400013770904E30207F09397070193D7070147
:10525000130710006FF09FEF83278100A30F010455
:1052600083AC070013884700E3800C32232401013C
:1052700063D409006F1040071386090093050000EE
:1052800013850C00EF30803E032881006314050075
:105290006F10803AB30495418346F10513C7F4FFBC
:1052A0001357F741232401012328010033F7E400B9
:1052B000130F090093090000E39A06C86FF05FC955
:1052C0008326810037870000130707832310E10638
:1052D000138746002324E10037170180130747E6B0
:1052E0002324E10283A70600136929001307200085
:1052F000130D80076FF09FE5832681001377090166
:1053000083A70600938646002324D100E31A07F002
:1053100013770904E30607F09397070193D7070172
:10532000130700006FF09FE293770901E3840714ED
:10533000832781000327410083A7070023A0E700FC
:1053400083278100938747002324F1006FF08FF2B9
:105350009307500663DAA735832681018327C101AD
:1053600013060000138506009385070093060000CE
:10537000232AE1022326E103EF80C053032FC10259
:10538000032741036316056683270108B7160180CA
:10539000938606E82320D400130919009306100011
:1053A000938717002322D400232221092320F10808
:1053B0009306700013048400E3C0F64C8327410673
:1053C00083264101E3D8D7088327410283260102BF
:1053D00013048400232CF4FE832701083309D90029
:1053E000232ED4FE93871700232221092320F108BE
:1053F00093067000E3CCF60E832741019384F7FFF8
:10540000E35A9082930600018327010863C4960043
:105410006F10003DB7160180938686FF2326E102B8
:10542000032D0100130704009309000113840400F5
:10543000930C70002328E101938406006F00C000E4
:10544000130404FFE3D6894A13090901938717005F
:105450002320970023223701232221092320F1084A
:1054600013078700E3DEFCFC1306C10793850A00DF
:1054700013050D00EF10C061E314058003294108F6
:105480008327010813070B006FF09FFBB387EB40E6
:105490006356F0F6930600010326010863C4F60084
:1054A0006F10C01DB7160180938686FF232A9102D4
:1054B000930509009308000113090700930F70007A
:1054C000130704002326E1031384070093840600D6
:1054D0006F00C000130404FF63DA8804938505019C
:1054E0001306160023209700232217012322B10858
:1054F0002320C10813078700E3DECFFC032501004A
:105500001306C10793850A00EF108058631A05F649
:1055100093080001130404FF8325410803260108B2
:1055200013070B00930F7000E3CA88FA93860400F8
:10553000032FC102832441039307040013040700CF
:1055400013070900138905003309F9001306160033
:105550002322F4002320D400232221092320C10880
:10556000930770001304840063DAC7E80325010081
:105570001306C10793850A00232AE1022326E103CB
:10558000EF100051631E05EE032941080327410374
:10559000032FC10213040B006FF04FE6B716018012
:1055A00083270108938686FF635A3A099306090008
:1055B00093087000130907002326E1031307040072
:1055C0001384090093090C006F00C000130404FF4A
:1055D00063588A0493860601938717002320870166
:1055E000232247012322D1082320F1081307870033
:1055F000E3DEF8FC032501001306C10793850A00CA
:10560000EF100049631E05E6130404FF83264108DA
:105610008327010813070B0093087000E34C8AFAF4
:10562000032FC10213860900930904001304070025
:105630001307090013890600930606003309390190
:10564000938717002320D400232234012322210929
:105650002320F108930670001304840063D4F6DA63
:10566000032501001306C10793850A00232AE102DE
:105670002326E103EF10C041631405E0032941082C
:1056800003274103032FC10213040B006FF08FD7D0
:10569000032501001306C10793850A00EF10403F60
:1056A000630005DC6FF0CFDD832401088326410110
:1056B0009307100023209401130919009384140008
:1056C0009309840063DAD74A930710002322F40079
:1056D00023222109232091089307700063CC97743B
:1056E0008327010283264102938414003309F900C1
:1056F00023A2F90023A0D900232221092320910805
:10570000930770009389890063C297768327C1014C
:10571000832681011306000093850700832741013A
:1057200013850600930600002326E1022328E101E9
:105730001384F7FFEF800018032F01010327C10234
:1057400063040548938C1C0093841400330989007A
:1057500023A0990123A28900232221092320910853
:105760009307700093898900E3C29714832601038D
:105770009307C106938414003389260123A0F900FE
:1057800023A2D90023222109232091089307700026
:105790001384890063D097CA032501001306C1074B
:1057A00093850A002326E1022328E101EF10402E11
:1057B000631805CC032941080327C102032F010107
:1057C00013040B006FF00FC79306000103260108B6
:1057D000E3D6F668B7160180938686FE232E9102E3
:1057E0009305090093080001130907009303700053
:1057F000130704002326F103232A5102232CE1037B
:1058000013840700938406006F00C000130404FF94
:1058100063DA880493850501130616002320970098
:10582000232217012322B1082320C1081307870070
:10583000E3DEC3FC032501001306C10793850A00BC
:10584000EF100025631E05C293080001130404FF36
:10585000832541080326010813070B0093037000FA
:10586000E3CA88FA93860400832FC102832241038E
:10587000032F81038324C10393070400130407004B
:1058800013070900138905003309F90013061600F0
:105890002322F4002320D400232221092320C1083D
:1058A000930770001304840063D0C7AE0325010082
:1058B0001306C10793850A00232EE102232CE1037E
:1058C000232A51022326F103EF10801C631A05BA24
:1058D000032941080327C103032F810383224103C6
:1058E000832FC10213040B006FF00FAA03250100E0
:1058F0001306C10793850A00232CE102232AE10342
:1059000023265102EF10C018631C05B60329410875
:1059100003278103032F41038322C10213040B00D9
:105920006FF04FAD9306000183270108E3D2965430
:10593000B7160180938686FE138D0400930900013B
:10594000930C70002328E100938406006F00C000D0
:10595000130D0DFF63D6A9051309090193871700DD
:105960002320940023223401232221092320F1083B
:1059700013048400E3DEFCFC032501001306C107C9
:1059800093850A00EF10C010631C05AE130D0DFFC8
:10599000032941088327010813040B00E3CEA9FB68
:1059A000032701019386040093040D003309990035
:1059B000938717002320D400232294002322210957
:1059C0002320F1089306700063DEF6A6032501008C
:1059D0001306C10793850A002328E100EF10400B4E
:1059E000631005AA03294108032701016FF08FA561
:1059F000032641066354C0BA83274101832601016F
:105A00009389070063C8F62C635630038327010887
:105A1000330939012320940193871700232234018D
:105A2000232221092320F108930670001304840027
:105A3000E3CEF61A93C7F9FF93D7F741B3F9F9000C
:105A400083270101B38937416340303783264106FC
:105A50008327410163D6F6288327410203260102EA
:105A600013048400232CF4FE832701083309C900A2
:105A7000232EC4FE93871700232221092320F10837
:105A800013067000E342F63083274101032601012B
:105A9000B386D740B389C74063D4360193890600E3
:105AA000635A3003832701010326010833093901B2
:105AB000B38CFC001306160023209401232234012A
:105AC000232221092320C1089307700013048400B6
:105AD000E3C0C73213C6F9FF1356F641B3F7C90046
:105AE000B384F6406358909493060001832701081D
:105AF000E3D8964EB7160180938686FF2326E102EF
:105B0000032D01001307040093090001138404000E
:105B1000930C70002328E101938406006F00C000FD
:105B2000130404FF63D6895C1309090193871700E6
:105B30002320970023223701232221092320F10863
:105B400013078700E3DEFCFC1306C10793850A00F8
:105B500013050D00EF00D07363140592032941086B
:105B60008327010813070B006FF09FFB93040000CD
:105B7000930C0B006FF00FC893761F00E39606B4EA
:105B80002322F40023222109232091089307700087
:105B9000E3DE97BC032501001306C10793850A00C5
:105BA0002326E1022328E101EF00906E631A058CA1
:105BB00003294108832401080327C102032F01019F
:105BC00093090B006FF09FBA8326410193071000E1
:105BD000E3DED7B893071001E3DED73EB7160180A6
:105BE000938686FF93870900930C000193090700B1
:105BF000130D7000130709002328E1011389060023
:105C00006F00C000130404FF63DA8C7013070701F0
:105C10009384140023A0270123A297012322E108E3
:105C20002320910893878700E35E9DFC03250100F4
:105C30001306C10793850A00EF0090656304050011
:105C40006FF00F84032741088324010893070B009A
:105C50006FF05FFB93771F00639407006FE09FFD79
:105C60006FF08FF6131707011357074193070700CB
:105C70006FF00FC3937F0904638C0FEA83278100C1
:105C80000327410083A707002390E7006FF04FEB45
:105C900003278100130501048327070093044700AD
:105CA00003A707002320E10403A747002322E10400
:105CB00003A787002324E10483A7C7002326F10458
:105CC000EF90C00B232CA100232EB10023249100C0
:105CD0006FF00F9D93890600E34A30D36FF09FD594
:105CE00093771F00E38207DA6FF01FD703250100C7
:105CF0001306C10793850A002326E1022328E10148
:105D0000EF001059630405006FE09FF70329410875
:105D10000327C102032F010113040B006FF0CFED25
:105D2000B7170180938707E52324F10283268100BA
:105D30001377090183A70600938646002324D10028
:105D4000631A070013770904630607009397070196
:105D500093D707019376190013072000638806BEC6
:105D6000638607BE930600032300D106A300A107A4
:105D7000136929006FF08FBDB7170180938747E63D
:105D80002324F1026FF09FFA9307600093840900C7
:105D900063E83769B71C01801387040023240101DD
:105DA000938C8CE76FE01FDC9306000183270108CA
:105DB000E3DC3625B716018093050700938686FF3E
:105DC000130704001306090013840900130D0001D2
:105DD000930470002326E1031389060093890500CC
:105DE0006F00C000130404FF635A8D5613060601AA
:105DF00093871700232027012322A7012322C1080C
:105E00002320F10813078700E3DEF4FC03250100DB
:105E10001306C10793850A00EF009047630405004D
:105E20006FE01FE6032641088327010813070B00D4
:105E30006FF05FFB032501001306C10793850A007D
:105E40002326E1022328E101EF00904463040500CA
:105E50006FE01FE303294108832401080327C102DF
:105E6000032F010193090B006FF09F8703250100A9
:105E70001306C10793850A002326E1022328E101C6
:105E8000EF001041630405006FE09FDF0329410824
:105E9000832401080327C102032F010193090B008A
:105EA0006FF0DF86930C0B001306A0001305900023
:105EB00033F7C702938CFCFF938507001307070392
:105EC0002380EC00B3D7C702E364B5FEB3049B4163
:105ED000130F09006FF00F92032501001306C1078D
:105EE00093850A002326E1022328E101EF00503ABE
:105EF000630405006FE0DFD803264106032941084B
:105F00000327C102032F010113040B006FE09FEC74
:105F1000032881018327C101130608001305080027
:105F20009386070093850700EF801040E312050277
:105F30001377FDFD9307F0FF2326E102136F09108D
:105F40006388F96E930770046302F7688327C101C1
:105F5000930200009384070063C0074E9307600616
:105F600013870900930630006310FD4E032681015C
:105F700013088106930741061305060093050500E3
:105F8000032501009308410713860400232A5102C8
:105F9000232AE1012328E100EF2090520327010189
:105FA00093076006032F410183224103930C0500F0
:105FB0003308E500631CFD0083C60C009307000353
:105FC0006380F656832741063308F8008327810152
:105FD0009385040013060000138507009306000054
:105FE000232A5102232A01012328E101EF70900C9A
:105FF000032F010103284101832241036306054267
:106000008327410763FE07019306000313871700E8
:10601000232AE1062380D70083274107E3E807FF0F
:10602000032741062328E100B3879741232AF10083
:106030008327C102130770046384E7149307600683
:106040006312FD180327010193771900B3E73701A5
:106050006356E07E639C077283240101130D600682
:1060600013870400638802509307D002A30FF10442
:10607000930900006FE09FED032501001306C1079F
:1060800093850A002326E1022328E101EF00502036
:10609000630405006FE0DFBE032941080327C10246
:1060A000032F010113040B006FF04FB10325010012
:1060B0001306C10793850A002326E1022328E10184
:1060C000EF00101D630405006FE09FBB032941082A
:1060D00083240108032F01010327C10293090B0048
:1060E0006FF0CFE813850B00EFD08FF66FE09F8C39
:1060F00093860400032F0101930404001304070096
:106100000327C10233099900938717002320D40085
:106110006FE0DFB063CC07688324C1019302000005
:106120009309100003278101930741069308410753
:1061300013050700930505000325010013088106D8
:10614000138709009306200013860400232A5100B8
:106150002328E101EF20D03693771900032F0101A6
:1061600083224101930C0500639007508327410669
:106170002328F10083274107B387A740232AF10092
:10618000032701019307D0FF634CF70263CAE902BA
:106190008327410103270101634CF750937F1900C6
:1061A0008327010163960F5C13C7F7FF1357F7416D
:1061B00033F7E70093840700130D70066FF09FEA32
:1061C000130DEDFF032701012306A1079307B0027A
:1061D0009308F7FF2322110763CC0832A306F106C8
:1061E0009307900063C0172D9387080313070003DC
:1061F000A307F106930740002307E1062328F102D5
:10620000032741018326010393071000B304D7003D
:1062100063D2E7488327010223280100B384F400F6
:1062200013C7F4FF1357F74133F7E4006FF09FE310
:10623000832741028326010213048400232CF4FEE9
:1062400083270108B3852601232ED4FE93871700E8
:106250002322B1082320F1089306700063C2F620C0
:10626000634406006FE0DFBB930600FFB304C04049
:106270006356D660B7160180938686FF2328E10017
:10628000930900011307040013097000130D0F0098
:10629000138406006F00C000938404FF63D4994404
:1062A0009385050193871700232087002322370158
:1062B0002322B1082320F10813078700E35EF9FCCD
:1062C000032501001306C10793850A00EF00407CF7
:1062D000630405006FE0DF9A8325410883270108E6
:1062E00013070B006FF05FFB13850C00EFD09FFED0
:1062F0008346F1051347F5FF1357F74123280100A3
:10630000930405003377E500130F0900930900009B
:10631000638406006FE09FC36FE09FC3032F0101FA
:1063200093060900130907001387090093890700E2
:10633000330989009384140023A0D9006FF08FC122
:10634000B71C0180938C4CE46FE0DFBE9307D00252
:10635000A30FF1049306D0026FE09FBC032FC1028C
:1063600093850900930609009309040013090600A8
:1063700013040700138705003309390193871700B9
:106380002320D40023223401232221092320F108D1
:10639000930670001304840063DAF6EA0325010013
:1063A0001306C10793850A00232AE1022326E1038D
:1063B000EF00006E630405006FE09F8C0329410825
:1063C00003274103032FC10213040B006FF00FE8F2
:1063D0001306C10793850A0013850B00EF00406B7D
:1063E0006FE01F8A930700006FE0DFD803250100EC
:1063F0001306C10793850A00232AE1022326E1033D
:10640000EF000069630405006FE09F8703294108DE
:1064100003274103032FC10213040B006FF08FE128
:10642000930460006FF01F97832741062328F10033
:10643000930708006FF05FBFB7040080B3C4F40097
:106440009302D0026FF09FB10327C102930750045B
:10645000E31AF7CC13871900930620006FF01FB1E1
:10646000032501001306C10793850A002326E102D4
:106470002328E101EF00C061630405006FE05F8045
:106480000326410683254108832701080327C1020B
:10649000032F010113040B00634406006FE05F98B3
:1064A0006FF09FDC1305B107930605001306A000EB
:1064B0001308300633E7C802938706009385080067
:1064C0009386F6FF13070703A38FE7FEB3C8C8023E
:1064D000E342B8FE938808031387E7FFA38F16FFF4
:1064E0006378A7389306E1060346070013071700F1
:1064F00093861600A38FC6FEE318A7FE1307010FAD
:10650000B307F7409387F7F82328F1026FF05FCFC6
:1065100093071000B388E7409307D0026FF01FCCB9
:10652000832681019385040013060000138506006D
:1065300093060000232C5102232A0103232AE100A1
:106540002328E101EF700037032F010103274101E8
:106550000328410383228103631405268327410610
:106560003308F8002328F100B3079841232AF100EB
:106570006FF05FAD8346F105930900006384060068
:106580006FE0DF9C6FE0DF9C032501001306C1076D
:1065900093850A00232AE1022326E103EF00404FFE
:1065A000630405006FE0CFED83264106032941080F
:1065B00003274103032FC10213040B006FF0CFCC5C
:1065C00013090F00930700006FE09FA18327C1010B
:1065D000E38209B49384070093020000E3D407B474
:1065E000B7040080B3C4F4009302D0026FF09FB3ED
:1065F000032501001306C10793850A002326E10243
:106600002328E101EF00C048630405006FE04FE775
:106610008326410683274101032941080327C1023C
:10662000032F010113040B00B386D7406FF08FCA0C
:10663000930960006FF09F918346F10523280100C4
:106640001387090093840900130F090093090000C0
:10665000638406006FE09F8F6FE09F8FB716018005
:10666000938686FE6FF04FA2330835016FF01F96B8
:10667000B7160180938686FE6FF04FB3B716018080
:10668000938686FF6FE05FEC9307F0FF2322F10013
:106690006FE04FE2937719002328F100E39C07B6DF
:1066A00013C7F4FF1357F74133F7E4006FF09F9BD4
:1066B0008327410103270102B384E70083270101F7
:1066C0006348F000832701013388F44093041800E5
:1066D00013C7F4FF1357F74133F7E400130D7006A7
:1066E0006FF05F989306040013040700032701016D
:1066F000130F0D00B3859500938717002320D40056
:10670000232294002322B1082320F108930670006D
:1067100063C4F6006FE08FF0032501001306C10784
:1067200093850A002326E1022328E101EF00403689
:10673000630405006FE0CFD4832541088327010857
:106740000327C102032F010113040B006FE04FED7B
:106750008327C10163C2070A8346F10593077004CA
:1067600063C6A709B71C0180938C8CE46FE08FFC93
:1067700003270102130D7006B384E70013C7F4FF6B
:106780001357F74133F7E4006FF0DF8D83270102E1
:106790003388E900130D6006B304F80013C7F4FF53
:1067A0001357F74133F7E4006FF0DF8BB704008035
:1067B000B3C4F4009302D002930910006FF09F96C7
:1067C00093071000B387E7402322F1063308F8004F
:1067D0006FF0CFFFB7160180938686FF6FF05FB52D
:1067E000B7160180938686FF6FF0DF91B71C01809A
:1067F000938CCCE46FE00FF49307D002A30FF10465
:106800009306D0026FF09FF5B7160180938686FF3E
:106810006FF09FB68327810083A907009387470005
:1068200063C809002324F10093840D006FE08FAC4E
:106830009309F0FF2324F1006FF01FFF639A070014
:1068400013071000130D6006930410006FF09F8172
:1068500083270102130D600613881700B304380163
:1068600013C7F4FF1357F74133F7E4006FF08FFFBE
:10687000930720002328F1026FF09F98B71601803C
:10688000938686FF6FF01FE79307050003A5C1F30A
:106890009306060013860500938507006FE0CF8CF2
:1068A000130101B88397C50003D7E500232C814667
:1068B00013840500B70501009385D5FF032E440618
:1068C0000323C4018328440213170701B3F7B70059
:1068D000B3E7E70013080040232AF1009305810085
:1068E00093070107232A914623282147232E114687
:1068F000130905002326C107232261022326110361
:106900002324F100232CF10023280101232E01016F
:1069100023200102EFE04F8593040500635C05022C
:106920008357410193F70704638807008357C40026
:1069300093E707042316F4008320C147032481470B
:1069400003290147138504008324414713010148AB
:10695000678000009305810013050900EF10804453
:10696000E30005FC9304F0FF6FF09FFB83A745064F
:10697000130101FD2328610123261102139727012A
:10698000130B06006358070E83278600232021037C
:10699000232E3101232A5101232671011389050079
:1069A000832B060093090500930AF0FF6388070A0A
:1069B0002324810223229102232C410123248101DB
:1069C00003AC4B0003A40B00135A2C0063060A0609
:1069D000930400006F00C00013044400630C9A0489
:1069E000832504001306090013850900EF10903D6C
:1069F00093841400E31255FF03248102832441028F
:106A0000032901028329C101032A8101832A41014B
:106A1000832BC100032C81001305F0FF8320C102EA
:106A200023240B0023220B00032B0101130101037C
:106A30006780000083278B00137CCCFFB3878741DE
:106A40002324FB00938B8B00E39C07F60324810235
:106A500083244102032A8101032C810003290102BE
:106A60008329C101832A4101832BC1001305000042
:106A70006FF0DFFAEF10C0408320C10223240B0027
:106A800023220B00032B0101130101036780000087
:106A900003278600630407006FF05FED23220600E2
:106AA0001305000067800000130101F22326310D59
:106AB000232C810B2326B10B232E110C2320A100A4
:106AC00093890500930D0600138C060063060500EC
:106AD00083274503E38E07588397C900139727013F
:106AE0006346070203A7490637260000B7E6FFFF03
:106AF000B3E7C7009386F6FF9397070193D7074143
:106B00003377D7002396F90023A2E90613F787000D
:106B10006308071203A709016304071293F7A7018B
:106B20001307A000638EE712B71701802328210DF9
:106B3000232E710B1309010693878700B71B018071
:106B4000232C810C232A910C2324410D2322510D47
:106B50002320610D232A910B2328A10B2326210337
:106B6000232A01022328010213070900232601001A
:106B7000232201002328F10013040001938BCB177B
:106B800083C70D006386071093840D00930650029F
:106B90006386D72E83C7140093841400E39A07FEFC
:106BA000338AB4416386B40F8326410383270103EC
:106BB0002320B701B306DA00938717002322470189
:106BC000232AD1022328F10213067000130787003D
:106BD0006350F602E382062E032501001306C1026C
:106BE00093850900EFF09FD86318050A1307090081
:106BF0008326410083C70400B38646012322D100C7
:106C00006388070893871400A30301029306F0FF2B
:106C100093040000930C00001305800503C60700D1
:106C2000938D1700930706FE6368F50E8325010117
:106C300093972700B387B70083A7070067800700F3
:106C40000325010093850900EF108074E31E054CB5
:106C50008397C9001307A00093F7A701E396E7EC19
:106C60008397E900E3C207EC032501008320C10DEF
:106C700093060C0013860D00032C810B832DC10A93
:106C8000938509008329C10C1301010E6F00D04EBA
:106C900083274103E39C074283D7C9000324810D66
:106CA0008324410D93F707040329010D032A810C66
:106CB000832A410C032B010C832BC10B832C410B2A
:106CC000032D010BE39207468320C10D03254100EC
:106CD0008329C10C032C810B832DC10A1301010EE2
:106CE0006780000093040000930706FD13089000DE
:106CF00003C60D0093952400B38595009395150068
:106D0000B384B700930706FD938D1D00E372F8FE70
:106D1000930706FEE37CF5F0E30C06F6230CC102B4
:106D2000A3030102130A1000130B1000930A81033E
:106D300093060000130F00000326010393FF4C0885
:106D40008327410393051600138E050063960F00F9
:106D5000338D4441E340A00383457102638A0502F9
:106D600013067102938717002320C7001306100033
:106D70002322C700232AF1022328C103130670002F
:106D80006342C67913060E0013078700130E1E0018
:106D900063000F0613068102938727002320C70094
:106DA000130620002322C700232AF1022328C1034F
:106DB000130670006358C67BE386071003250100A5
:106DC0001306C10293850900232AD1002324F1016F
:106DD000EFF0DFB9E31205EC03260103832741033B
:106DE00083264101832F810013070900130E16002B
:106DF000930500086382BF54338D66416348A063E6
:106E0000B307FB002320570123226701232AF10245
:106E10002328C1039306700063D4C6516388070614
:106E2000032501001306C10293850900EFF01FB48A
:106E3000E31405E6832741031307090013F34C000D
:106E400063060300338B4441634E600563D4440101
:106E500093040A0003274100330797002322E1002F
:106E6000639E076623280102130709006FF05FD1B4
:106E700093EC0C0193870D006FF05FDA338AB44115
:106E8000E394B4D383C704006FF09FD72328010293
:106E900013F34C006300037C338B4441635C607BE1
:106EA000130709009306000103260103E3D86625B2
:106EB000371E0180130ECE16130D0001930A7000C9
:106EC0006F008001930526001307870013860600D4
:106ED000130B0BFF635C6D05938707019306160088
:106EE0002320C7012322A701232AF1022328D1024C
:106EF000E3DADAFC638A0742032501001306C102C4
:106F0000938509002324C101EFF05FA6E31605D89D
:106F100003260103130B0BFF83274103032E81007C
:106F20001307090093051600E3486DFBB38767015B
:106F30002320C70123226701232AF1022328B1025B
:106F400013077000E354B7F0638607700325010050
:106F50001306C10293850900EFF05FA1E31E05D27D
:106F6000832741036FF09FEE93F70C0103260C007B
:106F7000130C4C00639A071093F50C04930706005A
:106F8000E3920500634006040345710263C80604EA
:106F900093FCFCF763140604E39A0616130A000038
:106FA000130B0000930A090063040500130A1A007A
:106FB00013FF2C00E3020FD8130A2A00130F20003E
:106FC0006FF09FD79307D002A303F102B307C0402D
:106FD00063C4060093FCFCF71305D002130690006F
:106FE0006364F6749387070393F7F70FA30FF10415
:106FF000138A06006344D000130A1000130B10001C
:10700000930AF105E31405FA6FF09FFA83240C004C
:10701000130C4C00E3D004E6B304904093EC4C0016
:1070200093870D006FF09FBF03C60D009307A0026A
:1070300093881D00E300F610930706FD9306900069
:107040009305000013089000E3E4F60A03C6080065
:1070500093962500B386B60093961600B385D700A5
:10706000930706FD93881800E372F8FE93860500E7
:1070700063C00574938D08006FF0DFBA03260C001F
:1070800093EC0C01130C4C00930706006FF09FEF7C
:1070900093EC0C0893870D006FF05FB89307B00274
:1070A000A303F10293870D006FF05FB793EC1C0010
:1070B00093870D006FF09FB683477102E39C07DA58
:1070C00093070002A303F10293870D006FF01FB531
:1070D00083270C00A3030102130C4C00230CF102C4
:1070E000130A1000130B1000930A81036FF05FC4A2
:1070F00083270C0013EB0C01130C4C00A3030102BB
:1071000013061000930C0B0013050000E3C806ECF7
:10711000937CFBF76392075663920674631E065EC8
:10712000137B1B0063020B6493070003A30FF1049E
:10713000130A0B00930AF1056FF09FE783270C00F9
:1071400013EB0C01130C4C00A30301021306000007
:10715000930C0B00E3DE06FA930A090013F677009E
:1071600013060603A38FCAFE93D7370093850A0040
:10717000938AFAFFE39407FE93F71C00638A0716CD
:10718000930700036306F6169385E5FFA38FFAFEC7
:10719000330BB940138A060063C66661938A050003
:1071A0006FF01FE113F60C0183270C00130C4C0049
:1071B000631A060013F60C04630606009397070192
:1071C00093D70701138B0C006FF01FF893F70C0196
:1071D0006390070213F30C04630C030083270C0075
:1071E00083264100130C4C002390D7006FF05F9969
:1071F00083270C0083264100130C4C0023A0D700EA
:107200006FF01F9893EC0C0493870D006FF01FA193
:1072100013F60C0183270C00130C4C00631A0600B4
:1072200013F60C04630606009397070193D7070132
:10723000138B0C006FF09FEC832A0C00A303010258
:10724000130C4C00638A0A6263CA06561386060052
:107250009305000013850A00232AE1002324D100AE
:10726000EF10C0408326810003274101138B0600E5
:1072700063040500330B554183477102134AFBFF3A
:10728000135AFA41337A4B0193060000130F0000A2
:10729000E39E07D06FF05FAA3786000013060683CF
:1072A0002314C10237160180130646E683270C001B
:1072B00093EC2C00130C4C002326C100A303010205
:1072C000138B0C0013062000E3D406E4930A090094
:1072D0008325C10013F6F700938AFAFF3386C500B1
:1072E0000346060093D747002380CA00E39207FEB7
:1072F000330B5941138A0600E3DC66CB130A0B00FB
:107300006FF01FCB130710002328E10293070B0037
:107310002320510723226107232A61031307090051
:10732000130787006FF09FB193051000130600004C
:10733000130709006FF0DFB9338D4441E35EA0AB62
:107340009305000163D8A55DB71501809385C51726
:107350002324B100130E0001130F70006F00800191
:10736000130526001307870013860500130D0DFF74
:107370006352AE070325810093870701930516002A
:107380002320A7002322C701232AF1022328B102C8
:10739000E358BFFC63800716032501001306C102F2
:1073A00093850900232AD100EFF04FDCE316058E08
:1073B00003260103130E0001130D0DFF8327410364
:1073C000832641011307090013051600130F7000EF
:1073D000E342AEFB03268100B387A7012322A70166
:1073E0002320C700232AF1022328A10213067000DC
:1073F0006352A6386388074A032501001306C102B9
:10740000938509002324D100EFF04FD6E3160588B9
:10741000832681000326010383274103338D6641C0
:1074200013070900130E1600E35CA09D6354A447E4
:1074300023247101930E70006F008001130E26004B
:107440001307870013860500130D0DFF635AA4056B
:1074500093870701930516002320770123228700D5
:10746000232AF1022328B102E3DABEFC6380070677
:10747000032501001306C10293850900EFF00FCF29
:10748000E31C058003260103130D0DFF8327410331
:1074900013070900130E1600930E7000E34AA4FBB5
:1074A00083268100B387A7012322A7012320D700C9
:1074B000232AF1022328C1039306700063C8C61D66
:1074C00013078700130E1E006FF09F93130E10001A
:1074D00013060000130709006FF01FF703250100D2
:1074E0001306C10293850900EFF04FC8E30C05961F
:1074F0006FF08FFA13051000130600001307090040
:107500006FF0DFE663820704032501001306C10262
:1075100093850900232CD100232AF1012324E101C2
:10752000EFF0CFC4631A05F6032601038327410356
:1075300083268101832F4101032F81001307090056
:10754000130E16006FF0DF8463060F249307810289
:107550002320F106930720002322F106130E1000CA
:107560001307090013060E0013078700130E1E00F1
:107570006FF01F88130500016354A537371E018083
:10758000130ECE16930E0001930270006F00C0011F
:10759000130526001307870013860500130D0DFF42
:1075A00063DCAE0793051600938707012320C7010C
:1075B0002322D701232AF1022328B102E3DAB2FC05
:1075C00063820708032501001306C10293850900A1
:1075D000232EC101232CD100232AF1012324E10110
:1075E000EFF0CFB8631A05EA03260103930E0001FA
:1075F000130D0DFF83274103032EC1018326810153
:10760000832F4101032F8100130709001305160082
:1076100093027000E3C8AEF9B387A7012320C70126
:107620002322A701232AF1022328A10213067000B6
:107630006342A60A13078700130E15001306050000
:107640006FF08FF1130600001305100013070900F7
:107650006FF0DFF463D4440193040A0083274100F0
:10766000B38797002322F1006FF0CFFF13F3FCF7ED
:10767000936C23001306200093051000630EB62CB4
:1076800093052000E31AB6AC6FF05FC4E38C07C625
:10769000032501001306C10293850900EFF00FAD29
:1076A000631C05DE032E0103832741031307090032
:1076B000130E1E006FF0CFF42328010213070900F8
:1076C0006FF00FD3130E100013060000130709000C
:1076D0006FF00FF263820716032501001306C10243
:1076E00093850900232CD100232AF1012324E101F1
:1076F000EFF0CFA7631205DA0326010383274103C6
:1077000083268101832F4101032F81001307090084
:10771000130E16006FF04FE4130A0000130B000065
:10772000930A09006FF0DF88930A09009305A0000F
:10773000930E900033F6B702938AFAFF138E070078
:10774000130606032380CA00B3D7B702E3E4CEFFD3
:10775000330B5941138A0600E3D86685130A0B00E0
:10776000E31605846FF0DF84130A0000930A090012
:107770006FF01F8413078700130E15001306050012
:107780006FF08FE7131606011356064193070600A4
:107790006FF04FFF13060000130E100013070900CF
:1077A0006FF00FE5130A0B00938A05006FF05F80FE
:1077B0009306F0FF938D08006FF0CFC613850A0083
:1077C0002324E100EFC01FB103278100130B050044
:1077D0006FF09FAAB7170180938707E52326F10072
:1077E00093F50C0183270C00130C4C00639A0500E1
:1077F00093F50C04638605009397070193D707015F
:1078000093F51C00E38C05AAE38A07AA93050003FD
:107810002304B102A304C102A3030102E3D806E4D6
:1078200093EC2C006FF09FAAB7170180938747E66F
:107830002326F1006FF0DFFA0347710263000708A7
:10784000930771022320F106930710002322F1060B
:10785000130E1000130709006FF0CFD2930510002C
:10786000E310B6E213050000930700036FF00FF872
:10787000EFB01FFE6FF04FA693076000138B06005A
:1078800063EAD70237180180130A0B00930A88E7CE
:107890006FF00FCAB71601809386C6172324D10054
:1078A0006FF01FC0130E100013060000130709002D
:1078B0006FF08FD4130B60006FF0DFFC1306000035
:1078C000130E1000130709006FF08FCC0325010081
:1078D0001306C10293850900EFF04F896FF0CFBB0B
:1078E000371E018013850500130ECE166FF0DFD210
:1078F000938D0800930600006FF0CFB2371E018011
:1079000093051600130ECE166FF04FE29307000397
:107910006FF0CFED371601801306C61713050E0062
:107920002324C1006FF01FAB9307F0FF2322F10067
:107930006FF08FB983260C00130C4C0063C806004F
:10794000938D080093870D006FF04FAD9306F0FF05
:10795000938D08006FF01FFF130500006FF00FE814
:107960009307050003A5C1F39306060013860500DF
:10797000938507006FF04F93130101B88397C500FB
:1079800003D7E500232C814613840500B7050100C9
:107990009385D5FF032E44060323C40183284402A4
:1079A00013170701B3F7B700B3E7E7001308004068
:1079B000232AF1009305810093070107232A9146AA
:1079C00023282147232E1146130905002326C1072A
:1079D00023226102232611032324F100232CF1002A
:1079E00023280101232E010123200102EFF0CF8B78
:1079F00093040500635C05028357410193F7070474
:107A0000638807008357C40093E707042316F40034
:107A10008320C147032481470329014713850400BC
:107A200083244147130101486780000093058100CA
:107A300013050900EF000037E30005FC9304F0FF95
:107A40006FF09FFB130101FF23261100232021016A
:107A500063880502232481002322910013840500FA
:107A6000930405006306050083274503638C070C18
:107A70008317C4006392070203248100832441001A
:107A80008320C10013090000130509000329010028
:107A900013010101678000009305040013850400B1
:107AA000EF00800B8327C40213090500638A0700D7
:107AB0008325C40113850400E7800700634405069D
:107AC0008357C40093F707086396070683250403CA
:107AD000638C0500930704046386F5001385040096
:107AE000EFC05FB82328040283254404638805009F
:107AF00013850400EFC01FB723220404EFB09FD703
:107B000023160400EFB05FD78320C1000324810057
:107B10008324410013050900032901001301010119
:107B2000678000008357C4001309F0FF93F707082C
:107B3000E38E07F88325040113850400EFC09FB28C
:107B40006FF0DFF8EFB0DFD06FF09FF29305050024
:107B500003A5C1F36FF01FEF0397C500130101FEEA
:107B6000232C810023263101232E110093778700D7
:107B7000138405009309050063900712B7170000EE
:107B80009387078083A64500B367F7002396F50027
:107B90006352D018032884026304080E232A91003C
:107BA0009316370183A4090023A009008325C4018B
:107BB00063CE061613060000930610001385090015
:107BC000E70008009307F0FF130605006304F51AA9
:107BD0008317C400032884028325C40193F7470058
:107BE000638E070003274400832704033306E6401F
:107BF000638607008327C4033306F640930600001C
:107C000013850900E70008009307F0FF6314F512DD
:107C100083A609009307D0010317C40063EAD716AF
:107C2000B707402093871700B3D7D70093F7170003
:107C30006380071603260401B7F7FFFF9387F77FDA
:107C4000B377F7002316F400232204002320C40096
:107C50009317370163D4070063820610832504035A
:107C600023A0990063840510930704046386F5003C
:107C700013850900EFC01F9F8324410123280402BC
:107C8000130500008320C101032481018329C10061
:107C900013010102678000002328210103A90501C7
:107CA00063020908232A910083A405001377370093
:107CB00023A02501B3842441930700006314070027
:107CC00083A745012324F400634890006F0040051A
:107CD0003309A90063569004832744028325C40115
:107CE000938604001306090013850900E780070046
:107CF000B384A440E34EA0FC0317C4000329010190
:107D000013670704832441012316E4001305F0FFE1
:107D10006FF05FF783A6C503E34ED0E66FF05FF622
:107D200083244101032901016FF09FF50326040517
:107D30006FF0DFEA0317C40083260401B7F7FFFFE3
:107D40009387F77FB377F7002316F400232204000C
:107D50002320D40093173701E3D207F083250403CF
:107D60002328A40423A09900E39005F08324410173
:107D70006FF01FF183A70900E38C07E41307D0011C
:107D8000638CE700130760016388E7000317C400F2
:107D9000136707046FF01FF723A0990083244101A4
:107DA0006FF01FEE130101FE232C8100232E110022
:107DB000130405006306050083274503638A070251
:107DC0008397C500639C07008320C10103248101C0
:107DD0001305000013010102678000001305040071
:107DE000032481018320C101130101026FF0DFD65A
:107DF0002326B100EFB0DFA58325C1006FF05FFC43
:107E0000630005069305050003A5C1F3630605009D
:107E100083274503638C07008397C500639607009B
:107E200013050000678000006FF01FD3130101FEEF
:107E30002326B1002324A100232E1100EFB05FA15F
:107E40008325C100032581008397C5006394070241
:107E50008320C101130500001301010267800000A7
:107E6000B7850080138601C3938545DA138501C465
:107E70006FB05FA38320C101130101026FF0DFCD5A
:107E8000832786006384072C8396C500130101FDB8
:107E900023248102232C410123286101232611027E
:107EA00093F78600130B0600130A050013840500E0
:107EB000638E070883A70501638A070823229102BE
:107EC00023202103232E3101232A510193F7260079
:107ED00083240B006384070A832744028325C4019B
:107EE000B70A00809309000013090000938A0AC0B2
:107EF0001386090013050A006302090493060900AA
:107F000063F42A0193860A00E78007006350A046C5
:107F100083278B00B389A9003309A940B387A74001
:107F20002324FB006386071A832744028325C401A8
:107F30001386090013050A00E31209FC83A9040053
:107F400003A94400938484006FF09FFA9305040012
:107F500013050A00EF00C043631C051C8316C40010
:107F60002322910223202103232E3101232A5101B0
:107F700093F7260083240B00E39007F62326710174
:107F80002324810193F716006396071C83270400BE
:107F900003278400B70A008023229101930B00007D
:107FA00093090000938AFAFF13850700130C07005A
:107FB0006382091013F6062063080628930C070055
:107FC00063E6E93213F70648630A0708032644010B
:107FD00083250401131716003307C7003389B74000
:107FE000135CF701330CEC0093071900135C1C4081
:107FF000B387370113060C006376FC00138C07006F
:108000001386070093F60640638E0630930506003C
:1080100013050A00EFA09FD7930C0500630C0534ED
:108020008325040113060900EFC08F908357C40015
:1080300093F7F7B793E707082316F40033852C016D
:10804000B3072C4123289401232A84012320A40070
:10805000138C09002324F400938C090013860C0070
:1080600093850B00EF00C07E032784008327040064
:108070001389090033078741B38797012324E4005C
:108080002320F4009309000083278B00B38B2B017E
:10809000B38727412324FB0063860702832704005C
:1080A000032784008316C40013850700130C070000
:1080B000E39209F083AB040083A944009384840015
:1080C0006FF09FEE832BC100032C8100832C4100B5
:1080D0008320C10203248102832441020329010277
:1080E0008329C101832A4101032A8101032B010154
:1080F00013050000130101036780000093050400CD
:1081000013050A00EFF01FCA630E050A8317C400A7
:10811000832BC100032C8100832441020329010227
:108120008329C101832A410193E707042316F40040
:108130008320C10203248102032A8101032B010150
:108140001305F0FF13010103678000001305000011
:1081500067800000930A000013050000130C000064
:108160009309000063820908630A050893870A00DF
:10817000938B090063F43701938B070003250400F8
:1081800083270401032984008326440163F6A700A2
:108190003309D9006344790963C0DB16832744029D
:1081A0008325C40113060C0013050A00E7800700AD
:1081B00013090500E35CA0F4B38A2A4113051000FB
:1081C000E38E0AF283278B00330C2C01B3892941FB
:1081D000B38727412324FB00E39607F8832BC100D4
:1081E000032C81006FF0DFEE83A944009387040025
:1081F00093848400E38A09FE03AC07001386090018
:108200009305A00013050C00EF004046630A051417
:1082100013051500B30A85416FF05FF593050C0057
:1082200013060900EF00C0628327040093050400D1
:1082300013050A00B38727012320F400EFF09FB64F
:10824000E30C05F66FF09FEC8326040163E2F6046D
:108250000326440163EEC9029387090063F43A01DF
:1082600093870A00B3E6C702032744028325C401AB
:1082700013860B0013050A00B386D740E7000700FA
:1082800013090500635AA004B38929416FF0DFDFA9
:108290001309070063F4E900138909001385070037
:1082A0001306090093850B00EF00805A0327840012
:1082B0008327040033072741B38727012324E400E1
:1082C0002320F400E31207FC9305040013050A00C1
:1082D000EFF05FADE30A05FA8317C400832BC100FA
:1082E000032C8100832C41006FF01FE3138C0900E5
:1082F000938C09006FF09FD613860B0093050C003A
:10830000EF000055032784008327040013890B0026
:1083100033077741B38777012324E4002320F40057
:108320006FF09FE913050A00EF300022930C05005F
:10833000E31605D08325040113050A00EFC08FB2B0
:108340008317C4001307C000832BC100032C8100D6
:10835000832C41002320EA0093F7F7F76FF0DFDB6F
:1083600093871900938A07006FF09FE08317C4007A
:108370006FF09FDA1307C0008317C400832BC1007E
:10838000032C8100832C41002320EA006FF0DFD80A
:1083900083A7C1F3130101FF23248100232291004D
:1083A000232611009304050013840500638607004B
:1083B00003A74703630C070E8317C40013F7870056
:1083C000630A0706032704016306070893F61700EC
:1083D0006388060283264401232404001305000059
:1083E000B306D040232CD400630A07028320C100C7
:1083F00003248100832441001301010167800000F0
:1084000093F6270013060000639406000326440138
:108410002324C40013050000E31A07FC13F7070820
:10842000E30607FC93E707042316F4001305F0FFA7
:108430006FF0DFFB13F707016300070813F747002E
:10844000631C07020327040193E787002316F40047
:10845000E31E07F693F6072813060020E388C6F606
:108460009305040013850400EF3080788317C4005F
:10847000032704016FF09FF583250403638E050035
:10848000130704046388E50013850400EFC08F9D83
:108490008317C400232804020327040193F7B7FDC0
:1084A000232204002320E4006FF01FFA1385070045
:1084B000EFB00FBA6FF05FF01307900023A0E40055
:1084C00093E707042316F4001305F0FF6FF01FF283
:1084D000130101FE232C8100232A9100232821016E
:1084E000232E1100130905009384050013040600D0
:1084F000EF00002C93071000631CF5009387F4FF36
:108500001307E00F6366F700230691006F00400237
:108510009306C405138604009305C10013050900E2
:10852000EF30005D9307F0FF6304F508630C05026C
:10853000832784008345C1009387F7FF2324F40039
:1085400063DA07000327840163CCE7029307A000E6
:108550006388F50283270400138717002320E400B3
:108560002380B7008320C101032481010329010175
:108570001385040083244101130101026780000078
:108580001306040013050900EF30900D9307F0FF68
:10859000E31AF5FC1305F0FF8320C10103248101D8
:1085A00083244101032901011301010267800000B6
:1085B0008357C4001305F0FF93E707042316F40064
:1085C0006FF09FFD8317C6001397270163400702D2
:1085D00003274606B7260000B3E7D700B7260000FA
:1085E0003367D7002316F6002322E6066FF05FEE0E
:1085F000130101FE232C810003A4C1F3232E1100DB
:1086000013860500930505006306040083274403D1
:10861000638007048317C60013972701634007028E
:1086200003274606B7260000B3E7D700B7260000A9
:108630003367D7002316F6002322E606130504004D
:10864000032481018320C101130101026FF05FE85F
:108650002324A100130504002326C100EFB04F9F7F
:108660000326C100832581006FF0DFFA9377350080
:1086700093F6F50F638A07029307F6FF630E06026F
:108680001306F0FF6F008001130515001377350006
:10869000630E07009387F7FF6380C7020347050057
:1086A000E314D7FE6780000093070600130730002D
:1086B0006368F700639007061305000067800000F9
:1086C00093F5F50F13978500B305B70013970501D0
:1086D000B708FFFE37888080B385E5009388F8EF00
:1086E00013080808130330006F0000019387C7FFC9
:1086F00013054500E370F3FC0327050033C7E500CD
:10870000330617011347F7FF3377E6003377070186
:10871000E30E07FCB307F5006F00C000130515005A
:10872000E38CA7F803470500E31AD7FE6780000033
:10873000130101FF2326110023229100630E06027C
:10874000B7150180938505191305060023248100C0
:1087500013040600EF008020B714018063120502A5
:10876000032481001385C4188320C10083244100A1
:108770001301010167800000B71401806FF09FFEB4
:108780009385C41813050400EF00401DE30A05FC9F
:10879000B7F500809385454A13050400EF00001CDF
:1087A000E30005FC03248100130500006FF0DFFBEC
:1087B00003C581E867800000130101FF2326110033
:1087C00023229100638E0502232481001384050077
:1087D000B71501809385051913050400EF000018F3
:1087E000B714018063120502032481001385C418A5
:1087F0008320C10083244100130101016780000030
:10880000B71401806FF09FFE9385C4181305040010
:10881000EF00C014E30A05FCB7F500809385454AD4
:1088200013050400EF008013E30005FC032481001E
:10883000130500006FF0DFFB1305050F67800000D4
:10884000138501E567800000138501E5678000005E
:1088500063F6A5023387C5006372E502B307C5005E
:10886000630606048346F7FF9387F7FF1307F7FFB6
:108870002380D700E318F5FE678000009307F0001F
:1088800063E8C702930705009306F6FF6302060C30
:1088900093861600B386D70003C705009387170099
:1088A00093851500A38FE7FEE398D7FE678000004D
:1088B000B367B50093F7370063960708930806FF80
:1088C00093F808FF93880801B30615011387050084
:1088D0009307050003280700130707019387070183
:1088E00023A807FF032847FF23AA07FF032887FFC2
:1088F00023AC07FF0328C7FF23AE07FFE39CD7FC89
:108900001378C600B38515011377F60063040804D5
:108910001308C7FF1378C8FF13084800B387060180
:108920001387050083280700938646001307470036
:1089300023AE16FFE398F6FE13763600B3850501E5
:108940006FF09FF49306F6FF930705006FF05FF456
:1089500067800000130607006FF01FF33367B50050
:108960009303F0FF1377370063100710B7877F7FFB
:108970009387F7F70326050083A60500B372F60078
:108980003363F600B382F200B3E2620063927210C6
:108990006316D6080326450083A64500B372F60089
:1089A0003363F600B382F200B3E26200639E720C9E
:1089B0006316D6060326850083A68500B372F600EB
:1089C0003363F600B382F200B3E262006398720C84
:1089D0006316D6040326C50083A6C500B372F6004D
:1089E0003363F600B382F200B3E262006392720C6A
:1089F0006316D6020326050183A60501B372F600AD
:108A00003363F600B382F200B3E26200639C720A41
:108A10001305450193854501E30ED6F413170601AE
:108A200093970601631EF7001357060193D70601BB
:108A30003305F7409375F50F6390050267800000DA
:108A40001357070193D707013305F7409375F50FC7
:108A500063940500678000001377F70F93F7F70F13
:108A60003305F740678000000346050083C6050014
:108A700013051500938515006314D600E31606FE52
:108A80003305D640678000001305450093854500F7
:108A9000E31CD6FC13050000678000001305850069
:108AA00093858500E312D6FC130500006780000063
:108AB0001305C5009385C500E318D6FA1305000019
:108AC000678000001305050193850501E31ED6F8B4
:108AD0001305000067800000130101FE232A9100A6
:108AE0008327050183A40501232E110063C0971C71
:108AF0009384F4FF13932400232C810013844501F5
:108B00002326310123244101B3096400130A4501DE
:108B100083A7090033036A000327030023282101E8
:108B200023225101938717003359F702930A050056
:108B3000636AF70A370501009308040013080A0066
:108B4000930E0000930600001305F5FF03A708002D
:108B5000032E0800130848003376A70013570701B7
:108B6000B377AE00135E0E019388480033062603E8
:108B7000330727033306D601B37EA600B387D74158
:108B800013560601B387D70093D60741B3F7A70062
:108B90003307C7003376A700B386C640B386C60145
:108BA00013960601B3E7C700232EF8FE935E070174
:108BB00093D60641E3FC19F9832703006394070267
:108BC0001303C3FF63686A006F0080019384F4FF9E
:108BD00063786A00832703001303C3FFE38807FE5B
:108BE00023A89A0013850A00EF20401C634C050857
:108BF0003705010093050A00130700001305F5FF70
:108C000083A605000326040093854500B3F7A6005C
:108C10003378A600B3870741B387E70013D707412E
:108C20001356060193D606013307C7403307D70012
:108C300093160701B3F7A700B3E7D7001304440066
:108C400023AEF5FE13570741E3FC89FA93972400FE
:108C5000B307FA0003A70700631407029387C7FF4F
:108C60006368FA006F0080019384F4FF6378FA0070
:108C700003A707009387C7FFE30807FE23A89A000E
:108C800013091900032481018320C1018329C10034
:108C9000032A8100832A410083244101130509002E
:108CA0000329010113010102678000008320C10133
:108CB00083244101130500001301010267800000B5
:108CC00003238503130101F4232C810A232A910A2B
:108CD0002328210B2322510B2326B109232E110A0D
:108CE0002326310B232EE100232AF1002328110132
:108CF0002326B1022324C10013040500938D05002F
:108D000093040600938A0600130908006302030215
:108D10000327C5039307100093050300B397E700EB
:108D20002322E3002324F300EF10006C232C040221
:108D3000938904009306000063DC040093941400FC
:108D400093D714002324F1009389070093061000A1
:108D50003707F07F2320D900B3F6E9006388E66087
:108D60008324810013850D00130600009385040001
:108D7000930600002320B10323229102EF40903399
:108D8000631A050403274101930710002320F7000D
:108D90000327010163080700B7170180938717E8CD
:108DA0002320F700B7190180938909E88320C10BBC
:108DB0000324810B8324410B0329010B832A410ADD
:108DC000832DC108138509008329C10A1301010CF1
:108DD0006780000013860400130781079306C1070C
:108DE00093850D00130504002324410B2320610B00
:108DF000232E7109232C8109232A91092328A109F3
:108E000013D94901EF20403E930405006312095A2B
:108E1000832B81070329C1079307000233892B01A4
:108E200013072943E3D0E73293070004B387E740F1
:108E300013052941B397F90033D5AD0033E5A700F9
:108E4000EF509067B70710FE930610001307050058
:108E5000B387B7001309F9FF2324D10403A681EED9
:108E600083A6C1EE1305070093850700EF50403B32
:108E700003A601EF83A641EFEF40104D03A681EF5B
:108E800083A6C1EFEF30D01D130A050013050900BA
:108E900093890500EF50D05603A601F083A641F058
:108EA000EF40904A130605009386050013050A005B
:108EB00093850900EF30D01A130B05009389050044
:108EC000EF50D04B130A05009385090013050B00E2
:108ED0001306000093060000EF4090366350050231
:108EE00013050A00EF50D05113060B0093860900BA
:108EF000EF40501C3335A000330AAA4033892B4180
:108F000093076001130BF9FFE3E8471D3717018052
:108F100093173A0013070724B387E70003A6070057
:108F200083A647000325010283254102EF4050310B
:108F3000E35A051E130AFAFF232E0102232C010017
:108F4000634C0B4863540A4A83278101232441035D
:108F5000B3874741232CF100B3074041232CF10292
:108F600093079000130A000063EC574993075000E1
:108F7000E3D0571F938ACAFF9307300013090000FC
:108F8000E388FA62E3D0575F93074000E390FA5218
:108F9000930710002328F1020326C101E352C060A9
:108FA0002326C104130C060093067001130710005A
:108FB0009307400063C4C6006F10802F939717007B
:108FC000938647019305070013071700E378D6FE41
:108FD000232EB40213050400EF10C03593090500D9
:108FE000631405006F10002B232CA4029307E000EC
:108FF00063E6874F6304094E83268102E35AD05EFD
:1090000093F7F6003717018013070724939737006B
:1090100093DC4640B387E70093F60C0103A80700F2
:1090200003A74700E3880652B717018003A6073558
:1090300083A6473503250102832541022328E10445
:1090400023200105EF40400E0328010403270105FA
:1090500093FCFC0013030500138D05001309300079
:10906000638C0C04B71B018023208104938B0B338A
:1090700013040900930507001309030093F71C006C
:10908000638E070003A60B0083A64B0013050800A0
:1090900013041400EF40502B1308050093DC1C4010
:1090A000938B8B00E39C0CFC130309001309040051
:1090B0000324010413870500930607001306080024
:1090C0001305030093050D00EF400006130705008C
:1090D000938705008326C1036388060203A681F0F7
:1090E00083A6C1F013050700938507002328E10438
:1090F0002320F104EF40D014832701040327010546
:10910000635405006F100001130509002320F106C8
:109110002320E104EF50D02E03270104832701060A
:1091200013060700938607002328E1042320F10497
:10913000EF40902103A681F183A6C1F1EF30407288
:10914000B706C0FC8327010403270105930C050023
:10915000B38BB600630E0C32832681022320810775
:109160002324D10613050700938507002328E10473
:109170002320F104EF509020832701063716018049
:10918000130905009386F7FF93963600930706248C
:10919000B386D70003A846002326F10683A706005E
:1091A000232E010523229107232CF104EF50502593
:1091B0000327010583270104130605009386050094
:1091C0001305070093850700EF508005032701036F
:1091D000138D1900130309032320A105930C050027
:1091E0001373F30FE304075A03A581F203268105E5
:1091F0008326C1052320B10483A5C1F2232861047D
:10920000EF3090720326410693860B00EF50400129
:10921000832801040323010513860C0093860800AC
:109220002380690013090500938B0500EF4040710E
:10923000832801046354A0006F00507883A781F055
:1092400003A8C1F0232C41052328F104232A01059A
:1092500003A841F183A701F1232261072326810797
:109260002320F10493070000032C010623220105AB
:10927000138B070023205107138A08006F00000991
:10928000130B1B0063448B016F005078032601040D
:10929000832641041305090093850B00EF40D00A93
:1092A000032601048326410413090500938B05005E
:1092B00013850C0093050A00EF401009938C0500FC
:1092C000930A0500EF50900B130A0500EF5050135E
:1092D000130605009386050013850A0093850C008C
:1092E000EF40107493070A031306090093860B00DE
:1092F0002300FD00130D1D00930C0500138A0500CB
:10930000EF400074635405006F00506B03250105A6
:109310008325410513860C0093060A00EF40507028
:109320001306090093860B00EF408071E35A05F4A1
:1093300083278106930B0D00138C170013069003EF
:109340006F008000E386796583C6FBFF138D0B00F9
:10935000938BFBFFE388C6FE9386160093F6F60F09
:109360002380DB00930D0C006F00004D832641012C
:10937000372700009397C9001307F77093D7C700EA
:1093800023A0E600B3E7B7016380070A8327010142
:10939000B71901809389891AE38A07A0B71701805A
:1093A0009387B71A032701012320F7006FF01FA04E
:1093B00083274102B706F03F832B81079397C700AD
:1093C00093D7C70003270102B3E7D700130919C0D9
:1093D000232401046FF09FA893071000B38727414F
:1093E000232CF100130B0000E3400AB623244103B1
:1093F000232C010293079000330B4B01E3F857B77E
:109400009307100013091000930A00002328F102AB
:10941000130CF0FF232E0100232E040223268105C6
:10942000930500006FF01FBB83270101B71901806E
:109430009389C919E38C0796B71701809387471A58
:109440006FF05FF6130509002320F1062320E104E5
:10945000EF50007B03270104832701061306070052
:10946000938607002328E1042320F104EF40C06D18
:1094700003A681F183A6C1F1EF30803E832701046A
:1094800003270105B706C0FC930C0500B38BB6009B
:1094900003A601F283A641F2130507009385070096
:1094A000EF40105813860C0093860B00130D050037
:1094B00013890500EF40C048E342A04EB707008083
:1094C000B3C7770113860C0013050D0093860700C0
:1094D00093050900EF40C056634805068327C1077E
:1094E00063CE0718832681021307E0006348D7186C
:1094F00083278102371701801307072493973700CA
:10950000B387E70003AA070083AA47008327C101A6
:1095100063D807046346800563180C0203A601F2B2
:1095200083A641F213050A0093850A00EF40C0614B
:1095300013060500938605000325010283254102D9
:10954000EF400050E34CA044138D0900232001029A
:10955000130900008327C10193CDF7FF6F00406915
:10956000938719002320F104032B010203294102F0
:1095700013060A0093860A0013050B0093050900E1
:10958000EF30903AEF50805F130D0500EF504067C9
:1095900013060A0093860A00EF40005B13060500DD
:1095A0009386050013050B0093050900EF40504713
:1095B00093070D032380F90013061000832B010489
:1095C0001307050093860500E30CCC0C83A701F17B
:1095D00003A841F1930D10002324F100232601017B
:1095E0006F00000613060A0093860A0013050B009D
:1095F00093050900EF305033EF504058130D05002C
:10960000EF50006013060A0093860A00EF40C05333
:1096100093860500130605009305090013050B004A
:10962000EF401040938B1B0093070D03938D1D009B
:10963000A38FFBFE1307050093860500E302BC071A
:1096400003268100938506008326C10013050700C9
:10965000EF40804F1306000093060000130B050037
:1096600013890500EF400025E31E05F683278102DC
:10967000138D0B00938D17006F00001C032701034F
:1096800063160726832B8103832C81012328010283
:109690001309000063820C026350600393870C007F
:1096A00063449B6703278101B38CFC40330BFB4071
:1096B0003307F740232CE1008327810363820702ED
:1096C0008327010363840700E39C0B0603268103C1
:1096D0009385040013050400EF10403F9304050038
:1096E0009305100013050400EF1000102320A102C1
:1096F000631C0A509307100063DC5755B38767015A
:1097000093F7F7016380071E130700023307F74042
:109710009306400063D4E6581307C001B307F7402F
:1097200003278101B38CFC00330BFB003307F700E8
:10973000232CE100832781016340F014635C600106
:109740008325010213060B0013050400EF10004DE2
:109750002320A1028327C103639C07126354804521
:10976000832701036390072683278102938D1700C7
:10977000832A0102130A10006F000002938504007F
:10978000930600001306A00013050400EF00104824
:1097900093040500130A1A0093850A001385040038
:1097A000EFF08FB3930B0503B3874901A38F77FFC6
:1097B000E3468AFD130A100063448055338A490149
:1097C000930A00009385040013061000130504009B
:1097D000EF10C0448325010293040500EF10005DE3
:1097E000635EA04E930690036F008000638A495F1A
:1097F0008347FAFF130D0A00130AFAFFE388D7FE26
:10980000938717002300FA00832501021305040043
:10981000EF00903D63020902638A0A0063882A010F
:1098200093850A0013050400EF00103C930509001E
:1098300013050400EF00503B93850400130504005A
:10984000EF00903A8327410123000D0023A0B701C8
:10985000832701016384070023A0A701032A810A4B
:10986000032B010A832BC109032C8109832C410995
:10987000032D01096FF08FD3938504001386070031
:1098800013050400EF108039930405006FF01FEBFF
:109890008325010213850400EF104051E35005ECCD
:1098A0008327810293850400930600001306A0001D
:1098B00013050400138BF7FFEF00503583270103D6
:1098C00093040500639E070C032CC104E35A801522
:1098D000832D81026FF0DFE993071000232EF10240
:1098E0006FF0CFE59307C0016FF09FE313071000FF
:1098F0006354574D83278103930BFCFF63CA774161
:10990000B38B774183278101B38C8741E3500C0EE1
:109910009305100013050400EF00106D13090500F6
:109920006FF05FD7232E0102232C0100E34020AD0E
:1099300093071000B3872741232CF100130B00007D
:109940006FF0DFAAB387E7403395FD006FF04FCF8C
:109950009307300013091000638CFA4463C657E381
:1099600093072000E38CFA14232E040293050000D1
:1099700013050400EF00101C93090500E30C05100B
:10998000930710002328F1029307F0FF232CA40271
:109990002326F104130CF0FF232E01006FF01FB4F7
:1099A00093050900930600001306A00013050400A8
:1099B000EF00D025032CC10413090500E3568009EC
:1099C00023246103635C90019305090013860C0056
:1099D00013050400EF10802413090500130B090080
:1099E000631E0A508327C102138DF9FF938C09006F
:1099F000232C31018329010293F71700330D8D01C8
:109A00002324F100232EB10193850900138504005E
:109A1000EFF08F8C130C05009305090013850400EB
:109A2000EF10C038130A050013060B0093850900D8
:109A300013050400EF10003D0327C500930B0C0332
:109A4000930D0500631C07089305050013850400AA
:109A5000EF10C0351307050093850D0013050400B2
:109A6000930D0700EF005018B3E65D01639A060EF0
:109A700083278100638A077463420A7623807C010E
:109A8000138A1C0063049D679385040093060000FD
:109A90001306A00013050400EF00501793040500FF
:109AA000930600001306A0009305090013050400A7
:109AB000630E6909EF00901593050B00130905006B
:109AC000930600001306A00013050400EF00101415
:109AD000130B0500930C0A006FF01FF393050500AC
:109AE0001305040083298101832DC101EF00D00FEC
:109AF000634A0A0013F71D00336A5A0133674701AE
:109B0000631E070693850400130610001305040066
:109B1000EF10C0108325010293040500EF10002907
:109B20006358A02413079003638CEB24930B1C034E
:109B300083278102930A0900138D1C0023807C0176
:109B4000938D170013090B006FF01FCCEF00100C62
:109B500013090500130B0500930C0A006FF0DFEAF0
:109B600063440A7283278100336A5A0133EA47014A
:109B7000630C0A70E354B0F1832981011307900349
:109B80006380EB200327810293871B00930A09005F
:109B9000138D1C00930D17002380FC0013090B008C
:109BA0006FF09FC693072000E3DC57BB138D0900BD
:109BB000E3120C9A8325010293060000130650005D
:109BC00013050400EF009004930505002320A10273
:109BD00013850400EF10801DE35EA0969307100329
:109BE0002380F90083278102138D1900938D1700BC
:109BF0008325010213050400938D1D00EF00C07E34
:109C0000E31609C26FF05FC39305050013060A004F
:109C100013050400EF00906B930710002320A102AE
:109C200063DE5711130A000003270102832707018F
:109C30009387370093972700B307F70003A54700E2
:109C4000EF00102593070002B387A7406FF01FAB0A
:109C50008327C10263900704832781009397C7007D
:109C6000639A0702832681009307000013D74601F9
:109C70001377F77F630C070083278101130B1B0009
:109C800093871700232CF10093071000631C0A54DC
:109C9000138A0700930710006FF05FA6E30CD7A8A4
:109CA0001307C003B307F7406FF09FA79307100097
:109CB000930A50002328F1028327C1010327810260
:109CC000B387E700138C17002326F10413060C005A
:109CD000634C80AD130610006FF00FAD63160500E6
:109CE00093F71B00E39007B0930600038347FAFF46
:109CF000130D0A00130AFAFFE38AD7FE6FF0DFB0F4
:109D0000130A0C006FF09FAB93070B006FF09F9945
:109D10008327810303278101232C7103B387FB4031
:109D2000330AFA00B3078701930C0700330B8B014A
:109D3000232CF100930B00006FF09FBD8327C1021D
:109D4000E39207EE832781009397C700E39C07EC1B
:109D50006FF05FF103230102032D4102130920007C
:109D60006FF00FB0930A2000232801026FF0CFA2FA
:109D7000E31005DC13F71B00E31607DA6FF05FDB77
:109D8000930790032380FC0083278102930A090034
:109D9000138A1C00938D170013090B006FF09FA40A
:109DA00093071000130C1000232EF1006FF0CFE684
:109DB000232801026FF05FF003278104630407305A
:109DC0000327810193873743330BFB00B307F70069
:109DD000832B8103930C0700232CF1006FF05FB3FA
:109DE000930710032380F900938D1D006FF0DFA10E
:109DF0008327810263880730B30BF04093F7FB00A1
:109E0000371701801307072493973700B387E700BC
:109E100003A6070083A6470003250102832541020C
:109E200093DB4B40EF305052138D050063880B429B
:109E300013092000B71C018023208104938C0C336C
:109E40001304090013070500130600001309050099
:109E500093F61B006380060203A60C0083A64C0049
:109E60001305070013041400EF30104E130705000C
:109E70001306100093DB1B40938C8C00E39A0BFCC1
:109E80001305090093870500130904000324010446
:109E9000631206A41307050093070D006FF08FA34C
:109EA000938506001306070013050700EF20501BDB
:109EB0008327810213060A0093860A00938D1700F8
:109EC000130B050013890500138C0D00EF3050278C
:109ED0006346A0C613050B009305090013060A008C
:109EE00093860A00EF30101D63160500137D1D00D8
:109EF00063160DC4138D0B006FF01F94832549006A
:109F000013050400EF000043130A05006300053643
:109F1000032609019305C9001305C5001306260091
:109F200013162600EFA0CFA01306100093050A0019
:109F300013050400EF00904E130B05006FF09FAA6D
:109F40009305090013860B0013050400EF00103879
:109F5000138604009305050013090500130504008A
:109F6000EF00901393070500938504001305040088
:109F700093840700EF00404783278103B38777412D
:109F8000232CF102638E07F46FF04FF40326810552
:109F90008326C105032541062328B10493850B00C0
:109FA00023286102EF30503A03230103832701067F
:109FB00093061000238069002324A104832801054F
:109FC00013890500B38BF900638CD72683A701F1B1
:109FD00003A841F1232891042328F102232A010335
:109FE0002320810613850C009385080003260103B6
:109FF00083264103130D1D00EF3010351384050037
:10A0000093040500EF409037930C0500EF40503F5C
:10A0100013060500938605001385040093050400CC
:10A02000938C0C03EF40C01FA30F9DFFE390ABFD8B
:10A030008324010503240106930C05009388050081
:10A0400003A681F283A6C1F20325810493050900CA
:10A0500023281103EF20D0008328010313860C006E
:10A0600093860800EF30D01D634C05180326810449
:10A0700003A581F283A5C1F293060900EF40401ABF
:10A080008328010313860C0093860800EF30500BE1
:10A09000634CA0108327C10763C607DE0327810234
:10A0A0009307E00063C0E7DE832781020327C10630
:10A0B00093973700B307F70003AA070083AA470066
:10A0C0006FF08FCA032781078326810193076003FE
:10A0D000B387E740330BFB00B387F600832B810384
:10A0E000938C0600232CF1006FF09F82832781025E
:10A0F000930A090083298101938D170013090B002E
:10A100006FF04FEC0327010283274102130920005F
:10A110006FE05FFC63080CB2032DC1046350A0BD67
:10A12000938507008327810283A641F103A601F1ED
:10A130009387F7FF130507002324F106EF30D020A3
:10A1400013070500130519002328E1042320B10497
:10A15000EF40102B03270105832701041306070096
:10A1600093860700EF30501E03A681F183A6C1F14C
:10A17000EF20006FB706C0FC832701040327010509
:10A18000930C0500B38BB6002320A1076FE09FFD61
:10A1900093061003130C1C006FF08F9C2320010208
:10A1A000130900006FF09FA31306000383C7FBFF92
:10A1B000138D0B00938BFBFFE38AC7FE8327810679
:10A1C000938D17006FF04FE71307900383298101E8
:10A1D000E388EBBAE34C40956FF09F9583298101AA
:10A1E0006FF01F95138A07006FF01FA4938C070070
:10A1F000B3878701330B8B01232CF1006FF04FF1F4
:10A2000083278106138C17006FF04F93032A810573
:10A21000032B4106032CC106832A01066FF00FAC05
:10A220009307200063C85701832D8102032CC104CA
:10A230006FF00FD4032CC104232461036FF01F9728
:10A24000832B01046FF0DFDF93072000E3C457FF87
:10A25000032CC104232461036FF0CFF6130705001C
:10A2600093870500130920006FE0DFE6B716018031
:10A27000371501809386C61A130600009305F02E49
:10A280001305051CEF10106483298101E34CB0878E
:10A290006FF01F8AB7160180371501809386C61AA2
:10A2A000130600009305F01A1305051CEF109061CA
:10A2B000232E0402930500006FE0DFD12328010262
:10A2C0006FE09FCD83A741E46780070063800502AC
:10A2D00063020604638806048347060023A0F50092
:10A2E000034506003335A00067800000130101FF1D
:10A2F0009305C10063040602638A060283470600D1
:10A3000023A0F500034506003335A0001301010129
:10A31000678000001305000067800000130500003F
:10A320006FF0DFFE1305E0FF678000001305E0FF1C
:10A330006FF0DFFD83274504130101FF2324810013
:10A3400023229100232611001304050093840500A5
:10A35000638C070213972400B387E70003A5070067
:10A36000630405040327050023A0E7002328050054
:10A37000232605008320C10003248100832441009B
:10A3800013010101678000001306100293054000CD
:10A39000EF10D0592322A40493070500E31C05FA0B
:10A3A000130500006FF01FFD232021011309100089
:10A3B000331999001306590013162600930510004F
:10A3C00013050400EF109056630A050023242501AD
:10A3D00023229500032901006FF05FF90329010092
:10A3E000130500006FF01FF96380050203A7450005
:10A3F0008327450413172700B387E70003A7070047
:10A4000023A0E50023A0B70067800000130101FE30
:10A41000232A910083A4050137030100232C810026
:10A420002328210123263101232E11001389050041
:10A430009309050013840600138845019308000062
:10A440001303F3FF832708001308480093881800BC
:10A4500033F767003307C70293D60701B386C602F6
:10A46000B307870013D70701B3F76700B386E60089
:10A4700013970601B307F700232EF8FE13D4060145
:10A48000E3C298FC630204028327890063DEF402BE
:10A490009387440093972700B307F90023A287000E
:10A4A00093841400232899008320C101032481018F
:10A4B000832441018329C1001305090003290101F7
:10A4C00013010102678000008325490013850900FC
:10A4D0002324410193851500EFF0DFE5130A050001
:10A4E000630E0504032609019305C9001305C50081
:10A4F0001306260013162600EF909FC3032749007A
:10A5000083A7490413172700B387E70003A70700B1
:10A510002320E90023A027019387440013090A00A0
:10A5200093972700B307F900032A8100938414004E
:10A5300023A28700232899006FF01FF7B716018028
:10A54000371501809386C61A130600009305A00BE9
:10A550001305851FEF101037130101FE232C810016
:10A56000232A91002328210123263101232441019C
:10A57000938906009307900093868600232E11008E
:10A58000B3C6F6021309050013840500130A06007A
:10A590009304070063DA370D93071000930500005A
:10A5A0009397170093851500E3CCD7FE1305090098
:10A5B000EFF05FD893050500630C050A93071000C0
:10A5C0002328F500232A95009307900063D84709B4
:10A5D00023225101930A940093840A003304440116
:10A5E00083C604001306A00013050900938606FD28
:10A5F000EFF0DFE19384140093050500E39284FEFD
:10A6000013048AFF33848A00832A410063563A0385
:10A61000B3894941B3093401834604001306A000FD
:10A6200013050900938606FDEFF05FDE13041400A6
:10A6300093050500E31234FF8320C1010324810147
:10A6400083244101032901018329C100032A8100D8
:10A650001385050013010102678000001304A400A4
:10A66000130A90006FF09FFA930500006FF01FF43B
:10A67000B7160180371501809386C61A13060000AD
:10A680009305300D1305851F23225101EF109023F0
:10A6900093070500370701001305000063F6E70084
:10A6A00093970701130500013707000163F6E700E0
:10A6B00013058500939787003707001063F6E700BE
:10A6C00013054500939747003707004063EAE7000A
:10A6D00093C7F7FF93D7F7013305F50067800000B4
:10A6E0009397270063CA070013971700634A070070
:10A6F0001305000267800000130525006780000035
:10A700001305350067800000832705001307050047
:10A7100093F677006384060293F617001305000092
:10A72000639E060493F627006388060A93D71700F2
:10A730002320F7001305100067800000939607019F
:10A7400093D6060113050000638E060693F6F70FF5
:10A750006380060693F6F7006382060493F63700DB
:10A760006384060293F61700639C060093D71700D4
:10A7700013051500639607001305000267800000AB
:10A780002320F7006780000093D7270093F6170077
:10A7900013052500E39606FE6FF05FFD93D7470093
:10A7A00093F6370013054500E39E06FA6FF0DFFDD0
:10A7B00093D7870093F6F70013058500E39006FA18
:10A7C0006FF0DFFD93D7070193F6F70F1305000134
:10A7D000E39206F86FF0DFFD93D727002320F70000
:10A7E000130520006780000083274504130101FF43
:10A7F0002324810023229100232611001304050045
:10A8000093840500638C070203A5470063020506D5
:10A810000327050023A2E7008320C1000324810051
:10A8200093071000232A9500232605002328F5000E
:10A830008324410013010101678000001306100208
:10A8400093054000EF10900E2322A4049307050007
:10A85000E31C05FAB7160180371501809386C61AE6
:10A8600013060000930550141305851FEF10900583
:10A870001306C0019305100013050400EF10100B20
:10A88000E30A05FC930710002322F500930720003C
:10A890002324F5006FF05FF8130101FE2328210146
:10A8A0002326310103A9050183290601232A9100EA
:10A8B00023244101232E1100232C8100138A05003B
:10A8C00093040600634C3901138709009384050043
:10A8D00093090900130A06001309070083A78400DF
:10A8E00083A5440033842901B3A78700B385F5000D
:10A8F000EFF05FA4630E051A1303450193182400BB
:10A90000B3081301930703006378130123A0070022
:10A9100093874700E3EC17FF13084A01131E290031
:10A92000938E440193952900330EC801B385BE0070
:10A930006376C81393875401130F400063F0F51634
:10A94000B70601009386F6FF6F00800193DF0F01C9
:10A9500063980F0813084800130343006370C8117D
:10A96000832F0800B3F3DF00E38203FE93020300AA
:10A97000938F0E009304000083A70F0003A602002C
:10A980009382420033F7D7003307770293D707014A
:10A990003379D60013560601938F4F00B3877702A1
:10A9A0003307270133079700935407013377D70004
:10A9B000B387C700B3879700139607013367E60094
:10A9C00023AEE2FE93D40701E3E8BFFAB307E30145
:10A9D00023A09700832F080093DF0F01E38C0FF66D
:10A9E000032703009302030013860E00930407005D
:10A9F000930300008327060093D904013377D7001F
:10AA0000B3F7D700B387F70383A4420093824200D1
:10AA10001306460033F9D400B3877700B3873701B4
:10AA20009393070133E7E30023AEE2FE0357E6FF0B
:10AA300093D707013307F703330727013307F700DD
:10AA400093530701E368B6FAB307E30123A0E700D5
:10AA50001308480013034300E364C8F1634880000F
:10AA60006F0080011304F4FF6308040083A7C8FF8C
:10AA70009388C8FFE38807FE8320C101232885004F
:10AA80000324810183244101032901018329C10099
:10AA9000032A81001301010267800000B3879540FB
:10AAA0009387B7FE93F7C7FF138F47006FF05FE9F7
:10AAB000B7160180371501809386C61A1306000069
:10AAC000930520161305851FEF10C05F130101FECB
:10AAD000232C81002328210123263101232E11005C
:10AAE00093773600130406009309050013890500C7
:10AAF000639C070A13542440630A0406232A910026
:10AB000083A409046386040C9377140063900702FE
:10AB100013541440630A040403A5040063060506E5
:10AB20009304050093771400E38407FE1386040062
:10AB30009305090013850900EFF01FD66300090291
:10AB40000327490083A7490413172700B387E700A9
:10AB500003A707002320E90023A027011354144072
:10AB600013090500E31A04FA832441018320C1017B
:10AB7000032481018329C100130509000329010170
:10AB8000130101026780000013860400938504000E
:10AB900013850900EFF05FD023A0A4002320050057
:10ABA000930405006FF01FF89387F7FF37170180B4
:10ABB0001307072393972700B307F70003A607009F
:10ABC00093060000EFF09F84130905006FF09FF2D9
:10ABD0009305100013850900EFF0CFF593040500ED
:10ABE0006300050293071027232AF500930710003E
:10ABF0002328F50023A0A904232005006FF0DFF02F
:10AC0000B7160180371501809386C61A1306000017
:10AC1000930550141305851FEF10C04A130101FE60
:10AC20002322510183AA050183A785002326310130
:10AC300093595640B38A5901232C8100232A91004D
:10AC40002328210123244101232E110013891A00F6
:10AC5000938405001304060083A54500130A05002C
:10AC600063D827019397170093851500E3CC27FF3E
:10AC700013050A00EFF00FEC630C051013084501F3
:10AC800063543003938959009399290033073501A0
:10AC9000930708009387470023AE07FEE39CE7FE77
:10ACA0009389C9FE3308380183A8040193874401BE
:10ACB0001376F40193982800B38817016304060AF9
:10ACC00093050002B385C5401303080093060000F6
:10ACD00003A7070013034300938747003317C700F8
:10ACE0003367D700232EE3FE83A6C7FFB3D6B60093
:10ACF000E3E017FF938754011307400063EAF8006D
:10AD0000B38798409387B7FE93F7C7FF1387470031
:10AD10003308E8002320D8006394060013890A0052
:10AD200003A7440083274A048320C1011317270087
:10AD3000B387E70003A70700232825010324810127
:10AD400023A0E40023A097000329010183244101EB
:10AD50008329C100032A8100832A410013010102D3
:10AD60006780000003A70700938747001308480087
:10AD7000232EE8FEE3F417FB03A7070093874700A1
:10AD800013084800232EE8FEE3EE17FD6FF01FF9CD
:10AD9000B7160180371501809386C61A1306000086
:10ADA0009305E01D1305851FEF10C0310327050132
:10ADB00083A70501130805003305F7406312F70464
:10ADC0009397270013084801938545013307F8003E
:10ADD000B387F5006F0080006374E8020326C7FFA5
:10ADE00083A6C7FF1307C7FF9387C7FFE306D6FEF7
:10ADF000130510006376D6001305F0FF678000008E
:10AE00006780000003A7050183270601130101FFE6
:10AE100023248100232291002326110023202101D5
:10AE20001384050093040600B306F740631EF71869
:10AE3000939627001386450113874401B307D60074
:10AE40003307D7006F008000637CF61883A5C7FF27
:10AE50008326C7FF9387C7FF1307C7FFE386D5FE87
:10AE60001309100063EAD50093870400130900005A
:10AE7000930404001384070083A54400EFF08FCBF4
:10AE80006306051A83A8040183220401938F4401F9
:10AE9000139328001308440193922200930545015F
:10AEA000370E01002326250133836F00B3025800BB
:10AEB000138F0500938E0F0093060000130EFEFF04
:10AEC00003A70E0003260800130F4F00B377C70136
:10AED000B373C601B3877740B387D7001357070111
:10AEE0001356060193D607413307C7403307D700EF
:10AEF00093160701B3F7C701B3E7D700130848005B
:10AF0000232EFFFE938E4E0093560741E36A58FAB4
:10AF100013075401338482401304B4FEB3B2E20039
:10AF200013CF120013542400130740006384020A55
:10AF3000B38FEF003388E500B70E0100130E080051
:10AF400013860F00938EFEFF63F46F0C83270600B9
:10AF5000130E4E001306460033F7D7013307D70010
:10AF600093D50701135707413307B700B387D700BD
:10AF7000B3F7D70193160701B3E7D700232EFEFEE0
:10AF800093560741E36466FC1303F3FF3303F34175
:10AF90001373C3FF33076800639A07008327C7FF53
:10AFA0009388F8FF1307C7FFE38A07FE8320C100D9
:10AFB0000324810023281501832441000329010073
:10AFC000130101016780000013091000E3DE06E8A9
:10AFD0006FF09FEA13071400131727006FF05FF557
:10AFE00093050000EFF00FB5630005068320C10054
:10AFF00003248100930710002328F500232A05006D
:10B00000832441000329010013010101678000002E
:10B010001307000063160F003387E5006FF0DFF7BA
:10B02000131724003387E5006FF01FF7B716018070
:10B03000371501809386C61A130600009305502425
:10B040001305851FEF100008B71601803715018022
:10B050009386C61A13060000930570231305851FF7
:10B06000EF104006B707F07FB3F5B700B707C0FC95
:10B07000B385F500930700006356B0001385070001
:10B0800067800000B305B04093D545419307300178
:10B0900063CCB700B7070800B3D5B74093070000EB
:10B0A00013850700678000009385C5FE1307E00144
:10B0B000930710006346B700B7070080B3D7B70007
:10B0C000930500001385070067800000130101FE4F
:10B0D000232A910083240501232C810013044501B8
:10B0E00093942400B30494002328210103A9C4FFEE
:10B0F000232631012324410113050900938905000A
:10B10000232E1100EFF0CFD813070002B307A7409A
:10B1100023A0F9009307A000138AC4FF63DCA708EB
:10B12000130655FF6370440583A784FF630C060470
:10B13000B306C74033D7D7003319C9003369E900D4
:10B14000938584FF3707F03F3367E900B397C70063
:10B15000637EB40203A644FFB356D600B3E7D7001C
:10B160006F00C0029307B000630CF5003319C900EB
:10B170003707F03F3367E900930700006F000001D5
:10B18000930700003707F03F3367E9008320C101D0
:10B190000324810183244101032901018329C10082
:10B1A000032A81001385070093050700130101029C
:10B1B000678000009306B000B386A640B707F03F53
:10B1C0003357D9003367F7009307000063764401D3
:10B1D00083A784FFB3D7D700130555013319A900FE
:10B1E000B367F9006FF09FFA130101FD232A5101A3
:10B1F000938A05009305100023229102232E31012A
:10B20000232C410123261102232481022320210320
:10B2100093040600138A060093090700EFF08F914C
:10B22000630205103707100013D944019307F7FF95
:10B230001379F97F13040500B3F79700630409003D
:10B24000B3E7E7002326F10063920A061305C10065
:10B25000EFF08FCB0327C100930410002328940044
:10B26000232AE40093070502630809081309D9BCDF
:10B270003309F9009304500323202A013385F44055
:10B2800023A0A9008320C102130504000324810226
:10B2900083244102032901028329C101032A810178
:10B2A000832A410113010103678000001305810017
:10B2B00023245101EFF04FC50327C1009307050078
:10B2C000630E05040326810093060002B386A640A0
:10B2D000B316D7003357A700B3E6C6002326E10014
:10B2E000B334E00093841400232AD400232CE40018
:10B2F00023289400E31C09F6139724003307E40085
:10B30000032507019387E7BC2320FA00EFF04FB82D
:10B31000939454003385A4406FF09FF683268100F8
:10B320006FF01FFCB7160180371501809386C61A8F
:10B33000130600009305F0301305851FEF009058A9
:10B34000130101FD232021031389050093058100CA
:10B35000232611022324810223229102232E31016C
:10B3600093090500EFF09FD69304050013840500B0
:10B37000130509009305C100EFF05FD5032709010C
:10B3800083A709018326C100B387E7400327810013
:10B39000939757003307D740B387E700130705009B
:10B3A000635EF0029397470133848700938605001C
:10B3B000138504009305040013060700EF10D05610
:10B3C0008320C10203248102832441020329010254
:10B3D0008329C1011301010367800000939747018E
:10B3E000B385F5406FF09FFC130101FF232021017D
:10B3F00023261100930770011309050063DAA704DF
:10B4000083A781F083A5C1F023248100232291002A
:10B4100003A401F183A441F113850700130604007E
:10B4200093860400EF2040721309F9FF930705008B
:10B43000E31409FE032481008320C100832441001A
:10B440000329010013850700130101016780000033
:10B450003717018013193500130707233307270116
:10B46000832707018320C1008325470103290100A9
:10B470001385070013010101678000008326060180
:10B480009385F5FF93D555409385150093074601A5
:10B490009396260093952500B386D700B305B50093
:10B4A00063F8D7021307050003A807009387470036
:10B4B00013074700232E07FFE3E8D7FEB387C640F4
:10B4C0009387B7FE93F7C7FF938747003305F500CF
:10B4D0006378B50013054500232E05FEE36CB5FE29
:10B4E000678000000327050113D6554093064501E8
:10B4F0006352C70213172700B387E60063F2F6040E
:10B5000003A7C7FF9387C7FFE30A07FE13051000D1
:10B510006780000093172600B387F600E350E6FE2D
:10B5200093F5F501E38C05FC03A607001305100055
:10B530003357B6003317B700E302E6FC678000001C
:10B540001305000067800000130101FD2322910212
:10B5500023261102930406006388051E232481021A
:10B560002320210313840500232E3101232A5101B6
:10B57000232C410113090500EF705FFC0327C4FF72
:10B580009387B40093066001930A84FF9379C7FF01
:10B5900063F2F61013FA87FF63C2071063609A1014
:10B5A00063D24913B717018023248101138C0754F8
:10B5B00003268C00B3863A0183A746006308D61C95
:10B5C00013F6E7FF3386C6000326460013761600FF
:10B5D000631A061493F7C7FF3386F9006358460DC4
:10B5E00013771700631C070223267101832B84FF46
:10B5F00023286101B38B7A4103A74B001377C7FF60
:10B60000B387E700338B3701635C4B33338BE9003F
:10B6100063584B29032B0101832BC1009385040040
:10B6200013050900EF708FF69304050063080540C9
:10B630008327C4FF130785FF93F7E7FFB387FA005B
:10B640006386E7241386C9FF9307400263E4C72E8D
:10B6500013073001636AC72093070500130704002E
:10B660008326070023A0D7008326470023A2D70004
:10B670000327870023A4E7009305040013050900AE
:10B68000EF805FFE13050900EF709FEB032C810034
:10B690006F00C006130A0001E3749AF09307C0001C
:10B6A0002320F900930400006F00400583A7C60023
:10B6B00003A78600032C8100930906002326F700C8
:10B6C00023A4E70083A74A00B38649411306F0008C
:10B6D00093F7170033873A016362D608B3E737015F
:10B6E00023A2FA008327470093E717002322F700DD
:10B6F00013050900EF70DFE49304040003248102C2
:10B700008320C102032901028329C101032A810187
:10B71000832A41011385040083244102130101039C
:10B720006780000013771700E31A07EE23267101E4
:10B73000832B84FF23286101B38B7A4103A74B003D
:10B740001377C7FF6FF09FEC8320C102832441026F
:10B7500093050600130101036F704FE3B3E7470140
:10B7600023A2FA00B3854A0193E6160023A2D5006E
:10B7700083274700938585001305090093E7170089
:10B780002322F700EF801FEE6FF09FF693F7C7FFBD
:10B79000B386370113060A0163D0C6261377170054
:10B7A000E31E07E623267101832B84FF2328610112
:10B7B000B38B7A4103A74B001377C7FFB387E7002A
:10B7C000338B3701E344CBE483A7CB0003A78B0083
:10B7D0001386C9FF930640022326F70023A4E7003F
:10B7E00093848B0063E4C628130730019387040019
:10B7F0006372C702032704009307B00123A4EB0080
:10B800000327440023A6EB0063EAC7261304840041
:10B8100093870B010327040023A0E70003274400BC
:10B8200023A2E7000327840023A4E70033874B010A
:10B83000330B4B412324EC0093671B002322F700BA
:10B8400083A74B001305090093F71700B3E74701DF
:10B8500023A2FB00EF70DFCE032B0101832BC1007D
:10B86000032C81006FF09FE9832604001307B001C9
:10B870002320D500832644002322D500636EC714FD
:10B8800013078400930785006FF09FDD8327C5FFB2
:10B89000032C810093F7C7FFB389F9006FF09FE293
:10B8A00083A7CB0003A78B001386C9FF9306400232
:10B8B0002326F70023A4E70093848B0063E6C610D9
:10B8C0001307300193870400637CC7020327040039
:10B8D0009307B00123A4EB000327440023A6EB0049
:10B8E00063F8C7148327840023A8FB008327C400C0
:10B8F00023AAFB00630CD60A1304040193878B016F
:10B900000327040023A0E7000327440023A2E70045
:10B910000327840023A4E70093090B00938A0B00FC
:10B92000032B0101832BC100032C8100138404002D
:10B930006FF05FD993050400EFC09FF16FF0DFD384
:10B9400083A7C60003A786001386C9FF930640029B
:10B950002326F70023A4E70003A78B0083A7CB00CF
:10B9600093848B002326F70023A4E70063EEC6042C
:10B970001307300193870400E374C7F8032704001A
:10B980009307B00123A4EB000327440023A6EB0098
:10B9900063F0C70A032784009307400223A8EB0043
:10B9A0000327C40023AAEB00E318F6F403270401DD
:10B9B00093870B021304840123ACEB000327C4FF1D
:10B9C00023AEEB006FF0DFF3930504001385040052
:10B9D000EFC01FE86FF05FF4032784002324E50025
:10B9E0000327C4002326E5006304F60613070401B9
:10B9F000930705016FF0DFC6B38A4A01B38646415B
:10BA000023245C0193E7160023A2FA008327C4FFD6
:10BA1000130509009304040093F71700B3E74701E7
:10BA2000232EF4FEEF70DFB1032C81006FF01FCDE9
:10BA30001304840093870B016FF09FEC130509003A
:10BA4000EF701FB093040000032C81006FF01FCB38
:10BA50008326040113078401930785012328D50059
:10BA600083264401232AD5006FF09FBF930504006D
:10BA700013850400EFC0DFDD6FF05FDB83278400F8
:10BA800023A8FB008327C40023AAFB006308D60079
:10BA90001304040193878B016FF0DFD703270401A0
:10BAA00093870B021304840123ACEB000327C4FF2C
:10BAB00023AEEB006FF01FD683A701E46780070079
:10BAC000638405029307F00F63E8C7002380C50075
:10BAD00013051000678000009307A0082320F500DD
:10BAE0001305F0FF67800000130500006780000069
:10BAF000130101FE232C8100232A9100232E110023
:10BB000083A701E413040500938406006382050201
:10BB1000E78007009307F0FF6306F5028320C10169
:10BB20000324810183244101130101026780000085
:10BB30001306000093054100E78007009307F0FF1C
:10BB4000E31EF5FC23A004009307A0088320C10195
:10BB50002320F40003248101832441011301010205
:10BB600067800000130101FE232C8100232A91002D
:10BB7000232E110083A4C1F383A701E4130406005C
:10BB8000630A050213860500930604009305050069
:10BB900013850400E78007009307F0FF630AF502AE
:10BBA0008320C10103248101832441011301010287
:10BBB000678000009306060093054100130600000D
:10BBC00013850400E78007009307F0FFE31AF5FCF4
:10BBD000232004008320C101032481019307A008CE
:10BBE00023A0F400832441011301010267800000B7
:10BBF0008397C500130101F8232C8106232E11061B
:10BC000013F72700138405006304070293873504A4
:10BC100023A0F50023A8F5009307100023AAF50040
:10BC20008320C107032481071301010867800000F6
:10BC30008395E500232A910623282107232631072F
:10BC4000232441079304050063C6050813068100F9
:10BC5000EF00403B634E05068327C10037F9000023
:10BC6000B71900003379F900B7E7FFFF3309F9008E
:10BC700013391900130A00409389098093050A00BB
:10BC800013850400EF708F908317C40063080506C6
:10BC900093E707082320A4002328A4002316F40018
:10BCA000232A44016310090AB3E737018320C1073F
:10BCB0002316F40003248107832441070329010785
:10BCC0008329C106032A8106130101086780000049
:10BCD0008317C40093F7070813090000638E070455
:10BCE000130A000493050A0013850400EF700F8AFD
:10BCF0008317C40093090000E31C05F813F707201D
:10BD0000631E070493F7C7FF93E727001307340464
:10BD10002316F40093071000832441070329010729
:10BD20008329C106032A81062320E4002328E40096
:10BD3000232AF4006FF0DFEE130A0040930900009D
:10BD40006FF0DFF38315E40013850400EF00C031CA
:10BD5000631005028317C4006FF01FF583244107A9
:10BD6000032901078329C106032A81066FF05FEBCF
:10BD70008357C40093F7C7FF93E717009397070112
:10BD800093D707416FF05FF2130101F92324810675
:10BD9000138405008395E5002322910623202107C3
:10BDA00023261106930406001389060063CA0504BE
:10BDB00013068100EF000025634405040327C1003A
:10BDC000B7F700008320C106B3F7E70037E7FFFFAE
:10BDD000B387E7000324810693B717002320F900F7
:10BDE0001307004023A0E400371500008324410618
:10BDF0000329010613050580130101076780000070
:10BE00008357C40093F70708638807028320C1069D
:10BE100003248106930700002320F9001307000480
:10BE200023A0E40003290106832441061305000032
:10BE300013010107678000008320C10603248106E7
:10BE40002320F9001307004023A0E4000329010682
:10BE500083244106130500001301010767800000D9
:10BE6000130101FE232C8100232A910023282101A4
:10BE7000232E110013090500938405001304060006
:10BE80006306050083274503638007168327840123
:10BE90000317C4002324F400937787006380070806
:10BEA00083270401638C070623263101931627019B
:10BEB00093F9F40F93F4F40F63D8060803270400F2
:10BEC00083264401B307F74063D8D70A832684004A
:10BED000130617002320C4009386F6FF2324D40002
:10BEE0002300370103274401938717006302F70CEF
:10BEF0008357C40093F71700639A070C8329C10086
:10BF00008320C10103248101032901011385040059
:10BF1000832441011301010267800000930504009E
:10BF200013050900EFC0CFC6631E05080317C40040
:10BF300023263101832704019316270193F9F40F77
:10BF400093F4F40FE3CC06F68326440637E6FFFFAE
:10BF5000B72500003367B7001306F6FFB3F6C60037
:10BF60002316E400032704002322D4068326440179
:10BF7000B307F740E3CCD7F4930504001305090099
:10BF8000EFB05FE2631E05020327040083268400EE
:10BF900093071000130617009386F6FF2320C400B2
:10BFA0002324D4002300370103274401E312F7F4CC
:10BFB0009305040013050900EFB0DFDEE30005F48C
:10BFC0008329C1009304F0FF6FF09FF39307A00053
:10BFD000E396F4F29305040013050900EFB09FDC2B
:10BFE000E30E05F06FF0DFFDEF709F866FF01FEA44
:10BFF0009307050003A5C1F3138605009385070089
:10C000006FF01FE6130101FF138705002324810051
:10C010002322910013040500930506001305070071
:10C020002326110023AA01F4EF408FEB9307F0FFC2
:10C03000630CF5008320C1000324810083244100A8
:10C04000130101016780000083A741F5E38407FE27
:10C050008320C1002320F4000324810083244100B5
:10C060001301010167800000130101FF23248100F7
:10C0700023229100130405001385050023261100D7
:10C0800023AA01F4EF40CFEB9307F0FF630CF50018
:10C090008320C10003248100832441001301010196
:10C0A0006780000083A741F5E38407FE8320C10079
:10C0B0002320F400032481008324410013010101A3
:10C0C0006780000003A7C1F3130101FF93870600F7
:10C0D00013080600232611008328C70093060500D5
:10C0E000138705001386070063000802B717018055
:10C0F0009387C745B71501809385C546138508000A
:10C10000EF00C014EF00C01937F800809307484AC9
:10C110001308484A6FF01FFE130101FF9306060043
:10C120001306000023261100EFF0DFF9B3B7C502B4
:10C13000130101FF2326110023248100B385C502CA
:10C140006390070AEF609FC4130405006300050AAB
:10C150000326C5FF130740021376C6FF1306C6FF6A
:10C160006368C704930630019307050063F2C602B3
:10C1700023200500232205009307B00163F8C704BC
:10C18000232405002326050093070501630CE6061A
:10C1900023A0070023A2070023A407008320C100D7
:10C1A00013050400032481001301010167800000CE
:10C1B00093050000EF701FEA8320C10013050400FF
:10C1C00003248100130101016780000093078500AB
:10C1D00023A0070023A2070023A407006FF01FFC81
:10C1E000EF00800B9307C0002320F500130400002C
:10C1F0008320C10013050400032481001301010101
:10C20000678000002328050093078501232A050085
:10C210006FF01FF8130101FC1303C1022326D102A2
:10C2200093060300232E11002328E102232AF102A2
:10C23000232C0103232E110323266100EFA0DF86A8
:10C240008320C1011301010467800000130E050063
:10C25000130101FC03A5C1F3130381022324C102CE
:10C260002326D102138605009306030093050E00D2
:10C27000232E11002328E102232AF102232C01039B
:10C28000232E110323266100EFA01F828320C1010A
:10C29000130101046780000003A5C1F3678000005B
:10C2A000130101FF1305600023261100EF00802A0F
:10C2B00013051000EF40CFBF832785116386070069
:10C2C0001305000067800000130101FF93050008BB
:10C2D000232481002326110013040500EF601FAB07
:10C2E000232CA410630405029307050823200500EE
:10C2F00013054500E31CF5FE130500008320C10073
:10C300000324810013010101678000001305F0FF81
:10C310006FF0DFFE130101FE232A9100232E11008E
:10C320009307F0019304050063ECB702832785119E
:10C33000232C810013840500638C0702131424004E
:10C34000B38787000324810103A5070023A0C7004A
:10C350008320C10183244101130101026780000091
:10C36000930760012320F5001305F0FF6FF05FFED7
:10C37000930500082326C100EF605FA123ACA41041
:10C380000326C1009307050013070500930605085F
:10C39000630A05002320070013074700E31CD7FEAC
:10C3A0006FF0DFF9032481011305F0FF6FF05FFAEE
:10C3B000130101FF23229100232611009307F001AE
:10C3C0009304050063E0B70A8327851123248100C5
:10C3D000138405006384070413972500B387E700DF
:10C3E00003A70700630C070293061000630CD70035
:10C3F0009306F0FF6308D70423A007001385050008
:10C40000E700070003248100130500008320C1001A
:10C41000832441001301010167800000138504009B
:10C42000EF00C04313060400032481008320C100F1
:10C4300093050500138504008324410013010101C5
:10C440006F00803B032481008320C10093076001BB
:10C450002320F5008324410013051000130101017E
:10C4600067800000930760012320F5001305F0FFAB
:10C470006FF0DFF99307F00163EAB70C83278511AA
:10C48000130101FF232481002322910023261100A0
:10C490001384050093040500638007081317240024
:10C4A000B387E70003A70700630C07029306F0FFBA
:10C4B0006300D706930610006300D7041305040039
:10C4C00023A00700E7000700130500008320C10038
:10C4D00003248100832441001301010167800000CF
:10C4E0008320C10003248100832441001305100030
:10C4F00013010101678000008320C1000324810033
:10C5000083244100130530001301010167800000FE
:10C51000130520006FF09FFB93050008EF601F8755
:10C5200023ACA41093070500630E05001307050054
:10C53000930605082320070013074700E31CD7FED6
:10C540006FF0DFF51305F0FF6FF05FF81305F0FFF4
:10C5500067800000130101FF2322910023261100B0
:10C560009307F00183A4C1F363EEA70883A78411A6
:10C570002324810013040500638207041317250098
:10C58000B387E70003A70700630A070293061000BA
:10C59000630AD7009306F0FF6306D70423A00700C1
:10C5A000E700070003248100130500008320C10079
:10C5B00083244100130101016780000013850400FA
:10C5C000EF00C02913060400032481008320C1006A
:10C5D0009305050013850400832441001301010124
:10C5E0006F008021032481008320C1009307600134
:10C5F00023A0F4001305100083244100130101015E
:10C60000678000009307600123A0F4001305F0FF8A
:10C610006FF0DFF9130101FF232021012326110010
:10C620009307F00103A9C1F363E2A7042324810067
:10C63000130405000325891123229100938405002A
:10C64000630E050213142400B307850003A5070039
:10C650000324810023A09700832441008320C1008C
:10C6600003290100130101016780000093076001A5
:10C670002320F9001305F0FF6FF05FFE930500081B
:10C6800013050900EF608FF0232CA9109307050014
:10C6900013070508630A050023A0070093874700D6
:10C6A000E31CF7FE6FF01FFA03248100832441008E
:10C6B0001305F0FF6FF09FFA130101FF232481009F
:10C6C00003A4C1F32326110083278411638C070080
:10C6D000130500008320C100032481001301010120
:10C6E000678000009305000813050400EF600FEA5F
:10C6F000232CA410630C05009307050823200500D4
:10C7000013054500E31CF5FE6FF09FFC1305F0FFD9
:10C710006FF05FFC130101FF23229100232611001B
:10C720009307F00183A4C1F363E4A70C83A78411EA
:10C7300023248100130405006382070813172400D3
:10C74000B387E70003A70700630C07029306F0FF17
:10C750006300D706930610006300D7041305040096
:10C7600023A00700E7000700032481001305000051
:10C770008320C10083244100130101016780000070
:10C78000032481008320C10083244100130510008D
:10C790001301010167800000032481008320C10090
:10C7A000832441001305300013010101678000005C
:10C7B00003248100130520006FF09FFB9305000800
:10C7C00013850400EF608FDC23ACA41093070500F1
:10C7D000630E0500130705009306050823200700D4
:10C7E00013074700E39CE6FE6FF05FF5032481002A
:10C7F0001305F0FF6FF0DFF7130101FF138705004A
:10C8000023248100232291001304050093050600D0
:10C81000130507002326110023AA01F4EF305FF36C
:10C820009307F0FF630CF5008320C100032481000F
:10C8300083244100130101016780000083A741F5B3
:10C84000E38407FE8320C1002320F4000324810039
:10C850008324410013010101678000006F305FEC09
:10C86000B7071000130101FE938EF7FF33F8BE00E7
:10C87000B3F7DE0013D346012328210113D9450164
:10C8800093973700232C81001318380013D4F50137
:10C890001357D5019358D6011379F97F1373F37F9A
:10C8A000232E1100232A91002326310193D6F6016D
:10C8B000B3E8F8003367070193153500131F3600FE
:10C8C000B30769406304D41E6352F016630603285D
:10C8D0009306F07F6306D942930680031306100087
:10C8E00063CEF602B7068000B3E8D8009306F001E5
:10C8F00063CEF65293060002B386F6403396D80014
:10C900003355FF00B316DF003366A600B336D00000
:10C91000B3D8F8003366D600330717413386C540D5
:10C92000B3B5C50093040600B309B74093978900D7
:10C9300063DA0732B70780009387F7FFB3F9F9008E
:10C940006388092C13850900EF201001930785FFE8
:10C95000930600023387F64033D7E400B399F90019
:10C9600033673701B394F40063C8274BB38727417B
:10C9700093871700B386F6403396D400B3D9F400FA
:10C980003336C00033663601B316D700B3E4C600B1
:10C99000B359F7001309000093F77400638007028E
:10C9A00093F7F40013074000638AE700938744007D
:10C9B00033B69700B389C900938407009397890021
:10C9C00063DA076E930719001307F07F130E040054
:10C9D0006386E72A370780FF1307F7FF33F7E9007D
:10C9E00093F7F77F1318D70113D634001317970066
:10C9F0003368C8001357C7008320C1010324810195
:10CA000093974701B3E7E7001317FE01B3E7E70089
:10CA100083244101032901018329C1001305080072
:10CA2000938507001301010267800000638C0714DF
:10CA3000B30723416312093C3365B7006304054C17
:10CA40001385F7FF630205601308F07F63860757BD
:10CA5000930780031306100063CCA7029307050019
:10CA60001306F001634CF656130500023305F5403A
:10CA70003316A70033D8F5003395A50033660601B9
:10CA80003335A0003357F7003366A600B388E8407B
:10CA90003306CF403337CF0093040600B389E84014
:10CAA00013090300138406006FF05FE86350F01E63
:10CAB00063100314B3E6E801638C06269386F7FF40
:10CAC000638006481306F07F638CC72293078003B8
:10CAD0009309100063CCD702938706009306F001F8
:10CAE00063C0F64A93060002B386F640B399D800B5
:10CAF0003356FF00B316DF00B3E9C900B336D000E8
:10CB0000B3D8F800B3E9D90033071701B385B900EA
:10CB1000B3B9350193840500B389E900939789007F
:10CB200063D20714130919009307F07F630CF936D9
:10CB3000B70780FF9387F7FF13F61400B3F7F900E8
:10CB400013D714003367C7001396F701B364E600E8
:10CB500093D917006FF05FE4B3E6E801638A061C1F
:10CB60009386F7FF638006401306F07F638AC71839
:10CB70009307800313061000E3C2D7DA93870600F9
:10CB80006FF0DFD6130819001378E87F631C0822C2
:10CB90003363B70033E8E80163100938630E0346D6
:10CBA00063060840B389E54133B5350133061741C3
:10CBB0003306A64013158600635E0550B305BF40DB
:10CBC0003387E840333FBF003307E7411316870040
:10CBD00093840500635E0652B70780FF9387F7FFD3
:10CBE0003377F700138E0600930710006FF09FDF76
:10CBF0009306F07F6306D910930680039309100013
:10CC0000E3C6F6F0B7068000B3E8D8006FF01FED7A
:10CC100013850400EF204054930785019306F0012B
:10CC2000E3D8F6D2130785FF3397E40063C62723C2
:10CC3000338927419307190063D6F648130919FE73
:10CC400093060002B3542701638CD70093060004B7
:10CC5000B387F6403317F7003337E000B3E4E4005E
:10CC60001309000093F77400E39C07D293070900AF
:10CC700013D63400138709006F00000C9307F07F70
:10CC800013070000130800006FF01FD7638A070C1A
:10CC9000B30723416302091E9306F07F6308D33272
:10CCA000930680039309100063CEF602B706800056
:10CCB0003367D7009306F00163C8F63C9306000281
:10CCC000B386F640B319D70033D6F500B396D50036
:10CCD000B3E9C900B336D0003357F700B3E9D90040
:10CCE000B388E8003387E901B339370193040700BB
:10CCF000B3891901130903006FF05FE263100802A2
:10CD000013163500135636001318D7013368C800C0
:10CD1000135737003367070163060718130E000027
:10CD20009307F07F37070800130800006FF0DFCC8F
:10CD300013163500135636001318D7019306F07FEB
:10CD40003368C80013573700E386D7FC1317C700B2
:10CD50001357C70093F7F77F130E04006FF0DFC976
:10CD60009306190013F8E67F63180814B366B7003A
:10CD7000631C092863820630B3E6E8016388062253
:10CD8000B387E501B3B5B700330717013307B70021
:10CD900013D8370093178700130E040063DE07349F
:10CDA000B70780FF9387F7FF3377F7009317D70113
:10CDB0001357370033E807013377D7019307100083
:10CDC0006FF09FC33388E541B3B70501B30917413D
:10CDD000B389F940939789009304080063C607104C
:10CDE00033683801E31E08B4130E000093070000F7
:10CDF000130700006FF05FC01305F07F630EA31AE6
:10CE00001305800313061000E344F5C837068000BD
:10CE10003367C7006FF0DFC4B70980FF9389F9FF5C
:10CE20003309F940B37937016FF01FB7938607FED6
:10CE300013060002B3D6D800638AC70013060004A5
:10CE4000B307F640B397F800336FFF003336E001C5
:10CE50003366D6006FF09FACB70680FF9386F6FF6F
:10CE6000B307F9403377D7001318D7013368380177
:10CE7000135737006FF09FEDB366B7006386061E49
:10CE80009386F7FF638E060A1305F07F6380A7146D
:10CE90009307800393091000E3C6D7E49387060045
:10CEA0006FF05FE1130E04009307F07F130700009B
:10CEB000130800006FF05FB49307F07FE384F6FE81
:10CEC000338FE501B335BF00B3071701B387B70050
:10CED0001396F701135F1F00B364E60193D917009F
:10CEE000138906006FF05FAB3306BF40B387E8409D
:10CEF0003337CF0093040600B389E740138406005C
:10CF00006FF01FA413163600135636001384060064
:10CF1000138708006FF05FE2E31203DE6306081C6C
:10CF200013D73800131636009398D80133671701CA
:10CF3000135636003367C700138406006FF0DFDD39
:10CF4000338FE501B3081701B335BF00B389B800CB
:10CF50009397890093040F0063D4070E13092000F0
:10CF60006FF01FBD338FE541B3081741B3B5E5013D
:10CF700093040F00B389B840130910006FF01F9B92
:10CF8000938607FE13060002B3D6D800638AC70053
:10CF900013060004B307F640B397F800336FFF00A1
:10CFA000B339E001B3E9D9006FF05FB6131635006D
:10CFB000935936006FF05FEB1316360013563600A8
:10CFC00013840600138708006FF01FD41316360071
:10CFD00013563600138708006FF01FD3138507FE22
:10CFE000130600023355A700638AC7001306000426
:10CFF000B307F640B317F700B3E5F5003336B000DA
:10D000003366A6006FF0DFA8E38206FC33EFE80189
:10D01000E3160FD06FF0DFCEE30808DC13183600FC
:10D020009397D8011358380013D738003368F800A5
:10D030003377D701138E0600930700006FF0DF9B54
:10D04000930710006FF0DFC2B305BF40B388E8401C
:10D050003337BF0093840500B389E840138406008A
:10D06000130910006FF09F8C13163600135636000C
:10D07000138708006FF05FCC131636009359360003
:10D08000138708006FF05FDE938607FE1306000229
:10D09000B356D700638AC70013060004B307F640EF
:10D0A000B317F700B3E5F500B339B000B3E9D90021
:10D0B0006FF05FC313D6340093070900138709008C
:10D0C0006FF09FC793060002B386F6401306000078
:10D0D0006FF05F8B33E8C900E30808D093D93900BB
:10D0E000130706006FF05FD8130E00009307F07F60
:10D0F000370708006FF05F909317D7011357370079
:10D1000033E807013377D701930700006FF0DF8E14
:10D110001318D70193D535003368B800135737007B
:10D12000138406006FF09FC2130101FD232E31010D
:10D1300093D9450123248102232291022320210334
:10D14000232C4101232671019394C500232611024B
:10D15000232A5101232861012324810193F9F97FB6
:10D1600013040500930B06001389060093D4C40032
:10D1700013DAF501638A09189307F07F6388F908C9
:10D18000939434009357D501B3E797003707800095
:10D19000B3EAE700131B3500938919C0930400001C
:10D1A000130C0000935749011314C90093F7F77F3C
:10D1B0001354C4001359F901638207081307F07F61
:10D1C000638AE7181314340013D7DB013367870031
:10D1D000938717C0370480003364870093983B001F
:10D1E000B389F940130600001307F000B3462A0183
:10D1F00063649724B7170180939424009387C749E9
:10D20000B384F40003A7040067000700B3EAA40096
:10D21000639E0A1C935749011314C90093F7F77FC3
:10D22000130B0000930480009309F07F130C20007F
:10D230001354C4001359F901E39207F8B368740159
:10D240006382081C630A044A13050400EF10D070BF
:10D2500093070500930655FF1307D001938887FFB6
:10D260003307D7403314140133D7EB0033648700FE
:10D27000B3981B01B38737019389373F130600002A
:10D280006FF09FF63307F74013068003635AE64EAC
:10D290009307000013060000130700008320C1025B
:10D2A0000324810293974701B3E7C7009396F601E1
:10D2B000B3E7D70083244102032901028329C10176
:10D2C000032A8101832A4101032B0101832BC10021
:10D2D000032C810013050700938507001301010348
:10D2E000678000009307F07F13060000130700001B
:10D2F0006FF0DFFA930600009307F07F370608000F
:10D30000130700006FF09FF9B3EAA400638C0A10C2
:10D310006388044013850400EF10106413070500B0
:10D32000930655FF9307D001130B87FFB387D740B0
:10D33000B3946401B357F400B3EA9700331B64015C
:10D340009309D0C0B389E94093040000130C000096
:10D350006FF05FE5B368740193891980639C080AD4
:10D3600093E4240013040000130620006FF0DFE7AD
:10D3700013090A0013840A0093080B009307200086
:10D380006308FC4E93073000E306FCF69307100099
:10D3900093060900E30EFCEE9387F93F6356F02AEB
:10D3A00013F778006316074A13177400635A0700CF
:10D3B000B70700FF9387F7FF3374F40093870940A2
:10D3C0001307E07FE340F7F293D838001317D40136
:10D3D00013169400336717011356C60093F7F77FAF
:10D3E0006FF0DFEB130C06006FF05FF9938A040017
:10D3F000130B05009304C0009309F07F130C300059
:10D400006FF05FDA93E414001304000013061000B9
:10D410006FF09FDD93E4340093880B001306300017
:10D420006FF09FDC130B0000930440009309000091
:10D43000130C10006FF01FD76364542B63808A2A8B
:10D4400013030B009389F9FF93870A00130B000065
:10D45000131784001355070133D4A70213D688018C
:10D460003366E600131806011358080193958800E7
:10D4700013570301B3F7A702B30888029397070174
:10D48000B367F70063FA1701B307F6001307F4FF59
:10D4900063F0C72E13040700B3871741B3D8A70260
:10D4A0001317030113570701B3F7A702B30F1803AC
:10D4B000939707013367F700637AF7013307E600B4
:10D4C0009387F8FF637EC72893880700131404012D
:10D4D000B7020100336414011383F2FFB3786400D0
:10D4E000935E040113DE050133F36500330F13036C
:10D4F0003307F741B3081E0393570F01B38F6E0232
:10D50000B388F801B3871701B38ECE0363F4F70134
:10D51000B38E5E00B70F0100938FFFFF93D8070112
:10D52000B3F7F70193970701337FFF01B388D80161
:10D53000B387E701636E1717630A1717B307FB403A
:10D5400033071741333BFB00330767416300E62E87
:10D55000B358A70293DE07013377A702330F1803EE
:10D560001317070133E7EE00637EE7013307E60098
:10D57000938EF8FF636AC72E6378E72F9388E8FFDE
:10D580003307C7003307E741B35EA702939707014C
:10D5900093D707013377A7023308D803131707017E
:10D5A000B3E7E70063FE0701B307F6001387FEFF4A
:10D5B00063E8C72A63F6072B938EEEFFB387C70095
:10D5C00093980801B3E8D8011395080113DF080107
:10D5D00013550501B30E6502B38707413305AE024B
:10D5E00013D70E0133036F02330565003307A7001D
:10D5F000330EEE036376670037050100330EAE008D
:10D60000370801001308F8FF1355070133770701A6
:10D6100013170701B3FE0E013305C5013307D70108
:10D6200063F2A712B307F6001383F8FF138807000D
:10D6300063E4C71C63E8A7246386A7269308030056
:10D6400093E818006FF05FD513071000E39C07C242
:10D650009389E941B3973801B337F000B319340126
:10D66000B3E73701B3D8E800B3E8F80093F77800E0
:10D670003354E4006380070293F7F8001307400077
:10D68000638AE70093874800B3B817013304140195
:10D690009388070093158400930710001306000079
:10D6A00013070000E3CC05BE6F004013E378FBE8EE
:10D6B000B30EBB0033BF6E01B30FCF003307F701CA
:10D6C000138B0E00930FF4FF6374E6086362171563
:10D6D000638EE81213840F006FF05FE6E3621BD7DE
:10D6E00013571B001393FA0193D71A003363E30017
:10D6F000131BFB016FF0DFD513850B00EF10D02556
:10D70000930655011307C00193070502E356D7B4EA
:10D71000130585FF930800003394AB006FF09FB5AD
:10D72000EF109023930655019307C00113070502DC
:10D73000E3DAD7BE930785FFB31AF400130B00009A
:10D740006FF01FC0E39EA7EEE30807C46FF09FEDE4
:10D75000E312E6F8E30C0FF613840F006FF01FDE00
:10D76000E374F7D79388E8FF3307C7006FF01FD63D
:10D77000E3F217D31304E4FFB387C7006FF0DFD1E0
:10D780001306F001E356E6EC130610FEB307F6406D
:10D7900013060002B357F4006308C7009389E943F6
:10D7A000B3193401B3E83801B3381001B3E8F80015
:10D7B00013F77800130600006308070293F7F800D8
:10D7C0001307400013040000638AE70093874800B2
:10D7D000B3B817013334100193880700131694006F
:10D7E0001317D4011356C60093D8380033E7E80066
:10D7F000930700006FF09FAA93080300E312A8E4C8
:10D80000E30CB7B893E818006FF01FB9E3F4FEEC2F
:10D81000B38ED50133BFBE00330FCF001304E4FF36
:10D82000138B0E003307E7016FF05FD1130720C0A1
:10D830009387F93F9308F0FFE3C8E9E013874800B6
:10D84000B338170133041401930807006FF0DFB5F4
:10D8500013F7F80013064000E308C7B46FF01FFE8B
:10D86000930E07006FF0DFD593880E006FF09FD105
:10D87000930609009307F07F1306000013070000CA
:10D880006FF0DFA1139315003338B3003308C800DD
:10D89000338807019388E8FF93050300E302A8F6A5
:10D8A0006FF01FDAE3E0E5FE93080300E31CB7F432
:10D8B0006FF09FAE13D74501B70710009387F7FFAE
:10D8C00013D846011377F77F1303F07F33FEB700B9
:10D8D00093080500B3F7D70093D5F5011378F87FC7
:10D8E00093D6F60113051000630C67006308680007
:10D8F000631407016306FE02678000006780000072
:10D90000E31CE8FEB367FE00B3E7C700B3E7170107
:10D91000E39407FEB385D5403335B000678000003F
:10D92000E39CC8FC638AD500E31807FC336E1E0134
:10D930003335C001678000001305000067800000D8
:10D9400093D84501B70710009387F7FF13D7460117
:10D9500093F8F87F130EF07F33F3B7001308050038
:10D96000930E0500B3F7D70093D5F501130F06000A
:10D970001375F77F93D6F6016388C8056304C50362
:10D98000639A0806336803016310050633E6C7008F
:10D99000630C06086312080A130510006382060868
:10D9A0006780000033E6C70063140608639608002A
:10D9B00033630301E30203FE6380D5066392050629
:10D9C0001305100067800000336303016312030630
:10D9D000E31615FFB3E7C700639C0704E390D5FE89
:10D9E0001305000067800000E30808FAE398D5FCFF
:10D9F0006F008002E30405FCE392D5FCE34015FDD3
:10DA000063CCA800E3EC67FA6318F300E368DFFB7C
:10DA100013050000E3F6EEF913051000E39205F894
:10DA20001305F0FF67800000E31A08F86780000024
:10DA30001305E0FF67800000E386D5FC6FF01FF858
:10DA400093D84501B70710009387F7FF13D7460116
:10DA500093F8F87F1303F07F33FEB7001308050037
:10DA6000930E0500B3F7D70093D5F501130F060009
:10DA70001375F77F93D6F601638A68046304650221
:10DA80006398080633680E01631E050833E6C70075
:10DA90006304060A6316080A13051000638006086B
:10DAA0006780000033E6C70013052000E31A06FE76
:10DAB00063960800336E0E01E3000EFE638CD504FE
:10DAC000639E05041305100067800000336E0E018D
:10DAD00063100E06E31615FFB3E7C7001305200019
:10DAE000E39007FCE39ED5FC13050000678000006F
:10DAF000E30805FCE396D5FCE34415FD63CCA800E0
:10DB0000E3E0C7FD6318FE00E36CDFFB13050000D4
:10DB1000E3F8EEF913051000E39405F81305F0FFA0
:10DB200067800000E30A08F6E39CD5F86FF09FFEDB
:10DB30001305200067800000E31408F867800000E8
:10DB4000E380D5FC6FF0DFF7130101FD93D74501AA
:10DB5000232481022322910223202103232E310139
:10DB6000232A51019394C50023261102232C41013D
:10DB700023286101232671012324810193F7F77F74
:10DB800013040500930A06009389060093D4C40089
:10DB900013D9F501638407421307F07F6386E70A10
:10DBA000939634001357D5013367D700B70680002A
:10DBB000B364D700131A3500138C17C0130B000081
:10DBC000930B000093D749011397C90093F7F77F90
:10DBD000138F0A001354C70093D9F9016380070A11
:10DBE0001307F07F638EE7141317340093D5DA011F
:10DBF000B3E5E500938717C03707800033E4E500FD
:10DC0000139F3A00B3888701130300001307A00095
:10DC100013851800634C670BB34539019307200047
:10DC20001388050063C66715130BFBFF130710006D
:10DC300063606717630AF33C93040400130A0F0040
:10DC4000930B03006F00C00933EAA40063180A3C79
:10DC500093D749011397C90093F7F77F9304000006
:10DC6000130B8000130CF07F930B2000138F0A001E
:10DC70001354C70093D9F901E39407F6B36754012D
:10DC80006382073C6300044A13050400EF10C04C94
:10DC900093080500130755FF9307D001138F88FFE2
:10DCA000B387E740B3D7FA003317E40133E4E70062
:10DCB000339FEA01B3081C419388D8C01307A00022
:10DCC0001303000013851800E35867F59305090056
:10DCD00093072000638AFB3293073000638CFB4874
:10DCE0009307100013880500639AFB469307000012
:10DCF00093060000130700008320C1020324810261
:10DD000093974701B3E7D7009316F801B3E7D7001D
:10DD100083244102032901028329C101032A8101CD
:10DD2000832A4101032B0101832BC100032C8100B5
:10DD300013050700938507001301010367800000A6
:10DD4000336754019308FC7F630A073037170000DC
:10DD50003348390113070780136B3B009306A0007B
:10DD6000930508003305EC0063C0663913033000E7
:10DD7000130610003316660113770653E31A07F4EF
:10DD8000937706246394073C137686086312062E65
:10DD9000B70F0100938EFFFFB377DA0193560A01A4
:10DDA000B37EDF01135E0F013387D7033383D603BE
:10DDB000935507013306FE0233066600B385C5009E
:10DDC000338FC60363F46500330FFF01B70301000F
:10DDD0001386F3FF33F3C500935F04013377C70065
:10DDE0003374C40013130301B38287023303E300C7
:10DDF00093D505013387860213D60201B387FF024C
:10DE0000B387E7003306F600B387F6036374E600D2
:10DE1000B3877700370901009309F9FF337736019B
:10DE200093D30401B3F63401B3F23201131707019F
:10DE3000B384DE0233075700135606013306F6009B
:10DE4000B385E500B302DE0293D70401B38ED3039A
:10DE5000B382D201B3875700330E7E0263F4D70139
:10DE6000330E2E01B7090100938EF9FFB3F2D701EB
:10DE700093D70701B387C701B3FED4019392020180
:10DE80003309D402B382D20133848302135E0901C1
:10DE9000B386DF02B3868600330EDE00B38E7F02C8
:10DEA00063748E00B38E3E01B70F0100938FFFFFA6
:10DEB000B376FE01939606013379F901B385E50146
:10DEC000B38626013386C60033B7E5003307E60084
:10DED000338F5500B307F700B335BF00B385B700E4
:10DEE000B336D6003336C700B3E6C60033B7E70013
:10DEF000135E0E01B3B7F500B386C6013367F700B2
:10DF000093179F003307D700B3E767003307D701A4
:10DF1000B337F00013567F011317970093D675019E
:10DF2000B3E7C7009395950033EAB70093177700DE
:10DF3000B364D70063D0070213571A0093771A000F
:10DF40009396F401B367F70033EAD70093D4140033
:10DF5000930805001386F83F6356C01293777A0042
:10DF6000638007029377FA0013074000638AE70093
:10DF700013074A00B3374701B384F400130A0700BC
:10DF80009397740063DA0700B70700FF9387F7FFE2
:10DF9000B3F4F400138608409307E07F63C4C71C02
:10DFA00093573A001397D401939694003367F70080
:10DFB00093D6C6009377F67F6FF01FD433EAA400A0
:10DFC00063080A06638E041213850400EF10C0185C
:10DFD00013060500930655FF1307D001930786FF2C
:10DFE0003307D7403357E400B396F400B364D70047
:10DFF000331AF4009307D0C0338CC740130B0000D2
:10E00000930B00006FF01FBC138805009307F07F8F
:10E0100093060000130700006FF01FCE130A0500DF
:10E02000130BC000130CF07F930B30006FF09FB9FF
:10E0300093040000130B4000130C0000930B10001E
:10E040006FF05FB8136B1B0093080C001304000003
:10E05000130F0000130310006FF05FBB136B2B0056
:10E0600013040000130F0000130320006FF01FBA09
:10E0700093040400130A0F00930B03009385090017
:10E080006FF01FC513071000631006109388E84156
:10E0900033161A013336C000B3981401B357EA009F
:10E0A000336616013366F60093777600B3D5E40045
:10E0B000638007029377F60013074000638AE70046
:10E0C0009307460033B6C700B385C5001386070023
:10E0D00013958500930710009306000013070000B6
:10E0E000E34C05C06F00C0101307F0006310EB1283
:10E0F00013080000B7060800130700006FF0DFBF29
:10E10000EF108005930655019307C0011306050221
:10E11000E3D4D7EC130585FF130A0000B314A40061
:10E120006FF05FED13850A00EF1000031307550130
:10E130009307C00193080502E3D0E7B6130585FFF6
:10E14000130F00003394AA006FF0DFB6130800002D
:10E150009307F07FB70608006FF01FBA9308050019
:10E160006FF05FDF9307F07F930600001307000056
:10E170006FF09FB8130800009307F07FB706080000
:10E18000130700006FF05FB73307C74093078003A2
:10E19000E3CEE7B49307F001E3DAE7EE930710FE6E
:10E1A000B387C74093060002B3D7F4006308D700D3
:10E1B0009388E843B3981401336A1A013336400157
:10E1C0003366F600137776009306000063080702B3
:10E1D0009377F6001307400093050000638AE70079
:10E1E0009307460033B6C700B335C0001386070057
:10E1F000939695001397D50193D6C6001356360013
:10E200003367E600930700006FF01FAF930404002C
:10E21000138A0A00930B3000938509006FF05FABFF
:10E22000B70710009387F7FF130101FEB3F8B7009B
:10E2300033F8D70093D7460193983800232C8100F8
:10E240002326310113D4F50193D945011357D50184
:10E25000131838009355D601232E1100232A91005C
:10E260002328210113FFF77F1303F07F3367170182
:10E2700093F9F97F130E04009318350093D6F60135
:10E28000B3E50501931E3600630C6F2093C616009C
:10E29000B387E9416302D416E35AF000630A0F24FE
:10E2A0006384693C930680031305100063CEF60275
:10E2B000B7068000B3E5D5009306F00163C4F64EBF
:10E2C00093060002B386F6403395D50033D6FE00A0
:10E2D000B396DE003365C500B336D000B3D7F50082
:10E2E0003365D5003307F7403385A84033B6A8001F
:10E2F000930405003309C7409317890063D8073496
:10E30000B70780009387F7FF3379F9006306092E7A
:10E3100013050900EF005064930785FF9306000280
:10E320003387F64033D7E4003319F9003367270108
:10E33000B394F40063C4373FB38737419387170022
:10E34000B386F6403396D40033D9F4003336C00098
:10E350003366C900B316D700B3E4C6003359F700DB
:10E360009309000093F774006380070293F7F400A9
:10E3700013074000638AE7009387440033B5970092
:10E380003309A900938407009317890063D0076CB1
:10E39000938719001307F07F6386E724370780FF10
:10E3A0001307F7FF3377E90093F7F77F1318D701C7
:10E3B00013D53400131797003368A8001357C7000C
:10E3C000137E14008320C101032481019397470128
:10E3D000B3E7E7001317FE01B3E7E7008324410129
:10E3E000032901018329C100130508009385070053
:10E3F00013010102678000006352F07063160F1C66
:10E40000B3E6D501638E06269386F7FF638806463A
:10E41000638C6724930780031309100063CCD70231
:10E42000938706009306F00163CAF648930600023C
:10E43000B386F6403399D50033D6FE00B396DE009E
:10E440003369C900B336D000B3D7F5003369D900BA
:10E450003307F70033061901333926019304060008
:10E460003309E9009317890063D2071E93891900C5
:10E470009307F07F6388F916B70780FF9387F7FF4C
:10E4800013F51400B377F90013D714003367A7000E
:10E490001395F701B364E50013D917006FF09FECF3
:10E4A00033E8D5011383198063080806630AD4068C
:10E4B0006304030E638E09261315360013553500C9
:10E4C00013840600138705001318D7013368A800CA
:10E4D000135737003367070163060710130E000058
:10E4E0009307F07F37070800130800006FF09FEDD7
:10E4F000B3E6D501638606189386F7FF6382063A72
:10E50000638467169307800313051000E3CED7DCFE
:10E51000938706006FF05FDA93C61600E31AD4F80B
:10E52000630803186390092C9307F07FB366170103
:10E53000638806489386F7FF638206341305F07FED
:10E540006382A72A930780031309100063CAD702C6
:10E550009307F00163C6D74C93070002B387D740F7
:10E560003319F70033D6D800B397F8003369C900E0
:10E57000B337F000B356D7003369F900B385D5003F
:10E580003307D90133392701930407003309B90050
:10E5900093090F006FF01FED9387190093F7E77F42
:10E5A0006394071433E8D501B36717016394092A0C
:10E5B000638E07386310083C131535001359350076
:10E5C000930700006F0040116380690A930680037F
:10E5D00013091000E3C0F6E8B7068000B3E5D500E4
:10E5E0006FF05FE4137E14009307F07F13070000C1
:10E5F000130800006FF01FDD13850400EF00D03515
:10E60000930785019306F001E3DAF6D0130785FF3F
:10E610003397E40063CE371BB389374193871900E2
:10E6200063DEF642938919FE93060002B354370164
:10E63000638CD70093060004B387F6403317F700C6
:10E640003337E000B3E4E4009309000093F774006B
:10E65000E39E07D09387090013D534001307090000
:10E660006F008002E31C08E6131535001318D7016C
:10E67000135535003368A800135737006FF09FE536
:10E6800013153500135535001318D7019306F07F85
:10E690003368A80013573700E38ED7E21317C7007B
:10E6A0001357C70093F7F77F137E14006FF09FD1C5
:10E6B0009386190093F7E67F639E0712B3671701ED
:10E6C000639A092463860730B3E7D501639A07305C
:10E6D00013153500135935001318D7013368280175
:10E6E000135737006FF09FFB3388D841B3B7080149
:10E6F0003309B7403309F9409317890093040800A0
:10E7000063C2071233682801E31208C0130E000029
:10E7100093070000130700006FF0DFCA370980FF7E
:10E720001309F9FFB389F940337927016FF09FC3CB
:10E730009307F07F33651701630405101388F7FF13
:10E740006302081E1305F07FE388A7D693078003B2
:10E75000138406001305100063CA07039307F00132
:10E7600063C4071993070002B38707413315F70005
:10E77000B3D60801B397F8003365D500B337F0007E
:10E78000335807013365F500B38505413385AE4045
:10E7900033B7AE00930405003389E54093090F00B9
:10E7A0006FF09FB5938607FE13060002B3D6D5001F
:10E7B000638AC70013060004B307F640B397F50059
:10E7C000B3EEFE003335D0013365D5006FF0DFB115
:10E7D000B70680FF9386F6FFB387F9403377D700FB
:10E7E0006FF09FEF131536001355350013870500A2
:10E7F0006FF09FCD9307F07FE386F6DEB38ED801EE
:10E8000033B61E01B307B700B387C7001395F701EE
:10E8100093DE1E00B364D50113D917009389060057
:10E820006FF05FB433861E41B387E54033B7CE0047
:10E83000930406003389E740138406006FF01FAD90
:10E84000131636001355360013840600138705008F
:10E850006FF09FE3E39807E06306082213D73500C3
:10E86000131636009395D5013367B700135636005B
:10E870003367C700138406006FF01FC6B38ED8013C
:10E88000B305B70033B61E013389C500931789005D
:10E8900093840E0063D8070A930920006FF0DFBD50
:10E8A000B38ED841B305B74033B6D80193840E0078
:10E8B0003389C540930910006FF01FA4938607FEAB
:10E8C00013060002B3D6D500638AC70013060004FE
:10E8D000B307F640B397F500B3EEFE003339D0012D
:10E8E0003369D9006FF01FB7930708FE9306000243
:10E8F000B357F700630AD80093060004B3860641B5
:10E900003317D700B3E8E800333510013365F5005D
:10E910006FF0DFE7E38807ECB3EED501E3900EBCC0
:10E920006FF09FD433861E41B385E54033B7CE00E8
:10E93000930406003389E540138406009309100010
:10E940006FF09F9B930710006FF01FD1E30008DC6E
:10E9500013163600935736001398D5011397950078
:10E960003368F8001357C700138E060093070000A2
:10E970006FF05FA53389D841B3B728013306B7409C
:10E980003306F6409317860063D2070E33861E4186
:10E990003387E540B3BECE003307D74193178700D6
:10E9A0009304060063DE0712B70780FF9387F7FF23
:10E9B0003377F70013840600930710006FF01F9F52
:10E9C0001316360013553600138705006FF0DFCBA2
:10E9D0001316360013593600138705006FF0DFCF8A
:10E9E000B386D801B307B70033B61601B387C700A3
:10E9F0001397870013D83600635E0708370780FF38
:10EA00001307F7FFB3F7E7001397D7019397970022
:10EA10003368070113D7C700930710006FF09F9A60
:10EA2000938706FE13060002B357F700638AC600F9
:10EA300013060004B306D6403317D700B3E8E80046
:10EA4000333910013369F9006FF09FB313D53400E7
:10EA500093870900130709006FF01FC39306000294
:10EA6000B386F640130600006FF09F8E3368C9002E
:10EA7000E30E08C813593900930700001307060076
:10EA80006FF09FC5130E00009307F07F3707080053
:10EA90006FF05F931397D70193979700336807013F
:10EAA00013D7C700930700006FF0DF91E38607AE2E
:10EAB00033083F4193070800E38E09C6930780039C
:10EAC00063CA0701B70780003367F70013840600A5
:10EAD0006FF0DFC813840600130510006FF01FCB22
:10EAE0001318D701135636003368C8001357370080
:10EAF00093070000138406006FF05FBAE38A07BA39
:10EB0000B3063F4163960900938706006FF01FA28A
:10EB10009307800313091000E3C4D7A6B70780004A
:10EB20003367F7006FF0DFA213D74501B707100076
:10EB30009387F7FF1347F7FF13D84601B3F5B700E4
:10EB4000B3F7D700931657011378F87F6380060256
:10EB50001307F07F130500006304E80067800000DE
:10EB6000B3E7C7003335F00067800000B3E5A500C8
:10EB700013051000E38E05FC6780000093D7450164
:10EB8000B70610001387F6FF93F7F77F1306E03FF1
:10EB90003377B70093D5F501635EF6001306D041D5
:10EBA000635EF600370500801305F5FF3385A50089
:10EBB00067800000130500006780000013063043E3
:10EBC0003306F6401308F0013367D7006350C802DC
:10EBD00093063041B387F6403357F7003305E040E2
:10EBE000E39C05FC13050700678000009387D7BEF0
:10EBF0003317F7003355C5003367A7006FF01FFECA
:10EC0000130101FF232611002324810023229100F8
:10EC1000630A05041357F541B344A700B384E440E5
:10EC2000930705001385040013D4F701EF00C052C9
:10EC30009307E041B387A7401307A00093F7F77F3E
:10EC40006340A7061307B0003307A74033D7E4009B
:10EC5000130555011317C700B394A4001357C70039
:10EC60006F00400113040000930700001307000029
:10EC700093040000939747011314F401B3E7E700EE
:10EC80008320C100B3E787000324810013850400BB
:10EC90009385070083244100130101016780000070
:10ECA000130555FF3397A4001317C7001357C70068
:10ECB000930400006FF01FFC130101FF2324810067
:10ECC0002326110013040500630C0504EF00C0485F
:10ECD0009307E041B387A7401307A00093F7F77F9E
:10ECE0006344A7061307B0003307A7401305550177
:10ECF0003357E4003314A4008320C100130504003B
:10ED00001317C700032481001357C70093974701C7
:10ED1000B3E7E70093850700130101016780000056
:10ED20008320C10013050400930700000324810021
:10ED30001307000093974701B3E7E70093850700A7
:10ED40001301010167800000130555FF3317A4006C
:10ED5000130400008320C100130504001317C7002B
:10ED6000032481001357C70093974701B3E7E700D7
:10ED70009385070013010101678000008325C5000A
:10ED80008327850003280500832645001396050187
:10ED9000130101FE13971500135606012324F100F9
:10EDA0002326B100232CF100232001012322D100CE
:10EDB00023280101232AD100232EC1001357170154
:10EDC00093D5F501930801019307C101131536008E
:10EDD00003A6C7FF9387C7FF9356D601B3E6A600E5
:10EDE00023A2D700E394F8FE930617001318380007
:10EDF0001396160123280101135626016302060407
:10EE0000B7C6FFFF938606403307D7009306E07F1F
:10EE100063D4E6109307F07F13060000930600000A
:10EE2000939747019395F501B3E7C700B3E7B700A0
:10EE30001385060093850700130101026780000017
:10EE400003264101832881010325C101B366160110
:10EE5000B3E6A600B3E60601631407046382061452
:10EE6000930650001306000093D736009316D60180
:10EE7000B3E6F600131696009377F77F1356C60095
:10EE8000939747019395F501B3E7C700B3E7B70040
:10EE900013850600938507001301010267800000B7
:10EEA0006384061293D7C80113154500B3E7A70082
:10EEB000B7068000B3F6D7006382061C370780FFD1
:10EEC0009356C601939848001307F7FF33F6E700FF
:10EED000B3E61601B70740003366F60093F686FFE7
:10EEE0009307000013D736009316D6011316960029
:10EEF0001356C600939747019395F501B3E7C700F2
:10EF0000B3E6E600B3E7B700138506009385070074
:10EF10001301010267800000635CE00C832741015C
:10EF2000032581010326C10193964700B3E606013C
:10EF300093D7C70113184500131646001355C50192
:10EF4000B336D000B3E707013366A600B3E6F60098
:10EF500093F776006380070293F7F60013054000ED
:10EF6000638AA70093874600B3B6D7003306D6005E
:10EF700093860700B7078000B377F600E38607EEB5
:10EF8000130717009307F07FE306F7E8B70780FF42
:10EF90009387F7FF3376F6009377F77F6FF09FF450
:10EFA0009307000013060000939747019395F5011E
:10EFB000B3E7C700B3E7B7001385060093850700E2
:10EFC00013010102678000009307F07F1306000021
:10EFD000939747019395F501B3E7C700B3E7B700EF
:10EFE0001385060093850700130101026780000066
:10EFF0009306C0FC634CD7089306D003B386E64063
:10F000000327C10113DE5640B70E0800B3EEEE0031
:10F0100013152E00232ED10193F6F6013388A80094
:10F02000138608001307000003230600130646009A
:10F0300033676700E31AC8FE130630003306C64183
:10F04000639A0604032808009386160093874700F6
:10F0500023AE07FF634ED6003388A70003280800BD
:10F06000938616009387470023AE07FFE356D6FE2C
:10F0700093074000B387C7416F0040089305000025
:10F080009307F07F370608006FF09FD91307000041
:10F090006FF01FDD1308050233082800032808FF5E
:10F0A000130F0002330FDF403318E8013367070105
:10F0B000630E060813182600B30FF8003386A80065
:10F0C0000325060003234600938747003355D500E8
:10F0D0003313E3013365650023AEA7FE1306460034
:10F0E000E390FFFE93074000B387C7411306080271
:10F0F00033062600B3DEDE002328D6FF9306400049
:10F10000B386F64093962600939727001306800057
:10F11000B388F80063EAC60023A0080023A2080011
:10F12000938686FF938888009307400063E4F60087
:10F1300023A00800832701013337E00003264101A3
:10F14000B366F700130700006FF09FE0930710000D
:10F15000130800006FF09FF9B7070100637AF5020A
:10F16000133705101337170013173700B71701802F
:10F170003355E5009387C7D3B387A70003C50700BE
:10F1800093060002B386E6403385A6406780000000
:10F19000B70700016374F50213070001B717018078
:10F1A0003355E5009387C7D3B387A70003C507008E
:10F1B000930600013385A640678000001307800195
:10F1C000B71701803355E5009387C7D3B387A700EE
:10F1D00003C50700930680003385A64067800000C2
:10F1E000696C6C6567616C20696E737472756374A9
:10F1F000696F6E20657863657074696F6E206861F1
:10F200006E646C657220656E74657265640A006573
:10F2100063616C6C20657863657074696F6E2068DB
:10F22000616E646C657220656E74657265640A0057
:10F2300065627265616B20657863657074696F6E75
:10F240002068616E646C657220656E7465726564B9
:10F250000A00756E6B6E6F776E20657863657074EB
:10F26000696F6E2068616E646C657220656E74658E
:10F270007265640A006E6F20657863657074696FEB
:10F280006E2068616E646C657220696E7374616C67
:10F290006C65640A00000000556E696D706C656DE8
:10F2A000656E7465642073797374656D2063616C39
:10F2B0006C2063616C6C6564210A00000817FFFF15
:10F2C0000817FFFF8416FFFF8416FFFF8416FFFF59
:10F2D0008416FFFF8416FFFF8416FFFF0817FFFF49
:10F2E000F816FFFF8416FFFF8416FFFF8416FFFF4A
:10F2F0008416FFFFF816FFFFF816FFFFD017FFFF79
:10F300008416FFFF8416FFFF8416FFFF8416FFFF9D
:10F310008416FFFF8416FFFF8416FFFF8416FFFF8D
:10F320008416FFFF8416FFFF8416FFFF8416FFFF7D
:10F330008416FFFF8416FFFF0817FFFF8017FFFFEB
:10F340008416FFFF8416FFFF8416FFFF8416FFFF5D
:10F350008416FFFF8416FFFF8416FFFF8416FFFF4D
:10F360008416FFFF8416FFFF8416FFFF8416FFFF3D
:10F37000B417FFFF8416FFFF8416FFFF8416FFFFFC
:10F380008416FFFF8416FFFF8416FFFF8416FFFF1D
:10F390008416FFFF8416FFFF8416FFFF8416FFFF0D
:10F3A0008416FFFF8416FFFF8416FFFF8416FFFFFD
:10F3B0008416FFFF8416FFFF8416FFFF8416FFFFED
:10F3C0008416FFFF8416FFFF8416FFFF8416FFFFDD
:10F3D0008416FFFF8416FFFF8416FFFF8416FFFFCD
:10F3E0008416FFFF8416FFFF8416FFFF8416FFFFBD
:10F3F0008416FFFF8416FFFF8416FFFF8416FFFFAD
:10F40000C417FFFFB015FFFF5416FFFF6016FFFF84
:10F410003C15FFFF3C15FFFF3C15FFFF3C15FFFFB0
:10F420003C15FFFF3C15FFFFC015FFFF3C15FFFF1C
:10F430003C15FFFF3C15FFFF3C15FFFF3816FFFF93
:10F44000C015FFFF46465420616C6C6F63206661F7
:10F45000696C6564000000004646542072756E6E4B
:10F46000696E672E2E2E00004646542066696E692E
:10F4700073686564000000006B6973735F6666748F
:10F4800020746F6F6B20257520696E7374727563BD
:10F4900074696F6E7320616E6420257520637963D3
:10F4A0006C65730A000000004641494C203A206612
:10F4B000667420726573756C742076616C75657303
:10F4C00020696E636F72726563740A596F7572207A
:10F4D0006F75742076616C7565733A0A5265616C5C
:10F4E00009496D616700000025640925640A000070
:10F4F00053554343455353203A2066667420726542
:10F5000073756C742076616C75657320636F7272AD
:10F5100065637400FF7F0000C679A22A94651B4FC3
:10F5200093466468DF201B7331FF206EC9DFCF5A1A
:10F53000EEC7AC3CC6B95B1877B6ECF243BDF4D26B
:10F540006BCC77B933E128A904FA02A41C13CFAA23
:10F5500047293BBD023A79D901434CF85E43B819BB
:10F56000253B58384A2BB6507015AC60EEFC9166BE
:10F5700090E3AE6134CE5B52D4BF053A8EB91D1B09
:10F58000E6BB50FF37C634E50DD700D16CECBCC3E9
:10F590008104F4BD211CB9BF0B31A2C8EC40E8D7EF
:10F5A000AB4911ECC04AEB025D44ED18FE36BC29B4
:10F5B000ED2329358B0C4D3AB3F3FD38E5DB64318F
:10F5C00050C74B2472B80312F9B084FFACB1BBEC46
:10F5D0002DBA76DD44C95CD348DD89CEF6F2C8CEBB
:10F5E0006508E8D3C61BB3DD222B07EC4D3539FD8A
:10F5F000F439830F59395120E333472D652A5936A1
:10F60000DD1DA23ACB0FB139F7006C3369F25B28EC
:10F6100014E59E1984D9310853D075F6ABCAF3E5C9
:10F6200084C826D8FF7F0000C679A22A94651B4FA4
:10F6300093466468DF201B7331FF206EC9DFCF5A09
:10F64000EEC7AC3CC6B95B1877B6ECF243BDF4D25A
:10F650006BCC77B933E128A904FA02A41C13CFAA12
:10F6600047293BBD023A79D901434CF85E43B819AA
:10F67000253B58384A2BB6507015AC60EEFC9166AD
:10F6800090E3AE6134CE5B52D4BF053A8EB91D1BF8
:10F69000E6BB50FF37C634E50DD700D16CECBCC3D8
:10F6A0008104F4BD211CB9BF0B31A2C8EC40E8D7DE
:10F6B000AB4911ECC04AEB025D44ED18FE36BC29A3
:10F6C000ED2329358B0C4D3AB3F3FD38E5DB64317E
:10F6D00050C74B2472B80312F9B084FFACB1BBEC35
:10F6E0002DBA76DD44C95CD348DD89CEF6F2C8CEAA
:10F6F0006508E8D3C61BB3DD222B07EC4D3539FD79
:10F70000F439830F59395120E333472D652A59368F
:10F71000DD1DA23ACB0FB139F7006C3369F25B28DB
:10F7200014E59E1984D9310853D075F6ABCAF3E5B8
:10F7300084C826D8FF7F0000C679A22A94651B4F93
:10F7400093466468DF201B7331FF206EC9DFCF5AF8
:10F75000EEC7AC3CC6B95B1877B6ECF243BDF4D249
:10F760006BCC77B933E128A904FA02A41C13CFAA01
:10F7700047293BBD023A79D901434CF85E43B81999
:10F78000253B58384A2BB6507015AC60EEFC91669C
:10F7900090E3AE6134CE5B52D4BF053A8EB91D1BE7
:10F7A000E6BB50FF37C634E50DD700D16CECBCC3C7
:10F7B0008104F4BD211CB9BF0B31A2C8EC40E8D7CD
:10F7C000AB4911ECC04AEB025D44ED18FE36BC2992
:10F7D000ED2329358B0C4D3AB3F3FD38E5DB64316D
:10F7E00050C74B2472B80312F9B084FFACB1BBEC24
:10F7F0002DBA76DD44C95CD348DD89CEF6F2C8CE99
:10F800006508E8D3C61BB3DD222B07EC4D3539FD67
:10F81000F439830F59395120E333472D652A59367E
:10F82000DD1DA23ACB0FB139F7006C3369F25B28CA
:10F8300014E59E1984D9310853D075F6ABCAF3E5A7
:10F8400084C826D8FF7F0000C679A22A94651B4F82
:10F8500093466468DF201B7331FF206EC9DFCF5AE7
:10F86000EEC7AC3CC6B95B1877B6ECF243BDF4D238
:10F870006BCC77B933E128A904FA02A41C13CFAAF0
:10F8800047293BBD023A79D901434CF85E43B81988
:10F89000253B58384A2BB6507015AC60EEFC91668B
:10F8A00090E3AE6134CE5B52D4BF053A8EB91D1BD6
:10F8B000E6BB50FF37C634E50DD700D16CECBCC3B6
:10F8C0008104F4BD211CB9BF0B31A2C8EC40E8D7BC
:10F8D000AB4911ECC04AEB025D44ED18FE36BC2981
:10F8E000ED2329358B0C4D3AB3F3FD38E5DB64315C
:10F8F00050C74B2472B80312F9B084FFACB1BBEC13
:10F900002DBA76DD44C95CD348DD89CEF6F2C8CE87
:10F910006508E8D3C61BB3DD222B07EC4D3539FD56
:10F92000F439830F59395120E333472D652A59366D
:10F93000DD1DA23ACB0FB139F7006C3369F25B28B9
:10F9400014E59E1984D9310853D075F6ABCAF3E596
:10F9500084C826D8FF7F0000C679A22A94651B4F71
:10F9600093466468DF201B7331FF206EC9DFCF5AD6
:10F97000EEC7AC3CC6B95B1877B6ECF243BDF4D227
:10F980006BCC77B933E128A904FA02A41C13CFAADF
:10F9900047293BBD023A79D901434CF85E43B81977
:10F9A000253B58384A2BB6507015AC60EEFC91667A
:10F9B00090E3AE6134CE5B52D4BF053A8EB91D1BC5
:10F9C000E6BB50FF37C634E50DD700D16CECBCC3A5
:10F9D0008104F4BD211CB9BF0B31A2C8EC40E8D7AB
:10F9E000AB4911ECC04AEB025D44ED18FE36BC2970
:10F9F000ED2329358B0C4D3AB3F3FD38E5DB64314B
:10FA000050C74B2472B80312F9B084FFACB1BBEC01
:10FA10002DBA76DD44C95CD348DD89CEF6F2C8CE76
:10FA20006508E8D3C61BB3DD222B07EC4D3539FD45
:10FA3000F439830F59395120E333472D652A59365C
:10FA4000DD1DA23ACB0FB139F7006C3369F25B28A8
:10FA500014E59E1984D9310853D075F6ABCAF3E585
:10FA600084C826D8FF7F0000C679A22A94651B4F60
:10FA700093466468DF201B7331FF206EC9DFCF5AC5
:10FA8000EEC7AC3CC6B95B1877B6ECF243BDF4D216
:10FA90006BCC77B933E128A904FA02A41C13CFAACE
:10FAA00047293BBD023A79D901434CF85E43B81966
:10FAB000253B58384A2BB6507015AC60EEFC916669
:10FAC00090E3AE6134CE5B52D4BF053A8EB91D1BB4
:10FAD000E6BB50FF37C634E50DD700D16CECBCC394
:10FAE0008104F4BD211CB9BF0B31A2C8EC40E8D79A
:10FAF000AB4911ECC04AEB025D44ED18FE36BC295F
:10FB0000ED2329358B0C4D3AB3F3FD38E5DB643139
:10FB100050C74B2472B80312F9B084FFACB1BBECF0
:10FB20002DBA76DD44C95CD348DD89CEF6F2C8CE65
:10FB30006508E8D3C61BB3DD222B07EC4D3539FD34
:10FB4000F439830F59395120E333472D652A59364B
:10FB5000DD1DA23ACB0FB139F7006C3369F25B2897
:10FB600014E59E1984D9310853D075F6ABCAF3E574
:10FB700084C826D8FF7F0000C679A22A94651B4F4F
:10FB800093466468DF201B7331FF206EC9DFCF5AB4
:10FB9000EEC7AC3CC6B95B1877B6ECF243BDF4D205
:10FBA0006BCC77B933E128A904FA02A41C13CFAABD
:10FBB00047293BBD023A79D901434CF85E43B81955
:10FBC000253B58384A2BB6507015AC60EEFC916658
:10FBD00090E3AE6134CE5B52D4BF053A8EB91D1BA3
:10FBE000E6BB50FF37C634E50DD700D16CECBCC383
:10FBF0008104F4BD211CB9BF0B31A2C8EC40E8D789
:10FC0000AB4911ECC04AEB025D44ED18FE36BC294D
:10FC1000ED2329358B0C4D3AB3F3FD38E5DB643128
:10FC200050C74B2472B80312F9B084FFACB1BBECDF
:10FC30002DBA76DD44C95CD348DD89CEF6F2C8CE54
:10FC40006508E8D3C61BB3DD222B07EC4D3539FD23
:10FC5000F439830F59395120E333472D652A59363A
:10FC6000DD1DA23ACB0FB139F7006C3369F25B2886
:10FC700014E59E1984D9310853D075F6ABCAF3E563
:10FC800084C826D8FF7F0000C679A22A94651B4F3E
:10FC900093466468DF201B7331FF206EC9DFCF5AA3
:10FCA000EEC7AC3CC6B95B1877B6ECF243BDF4D2F4
:10FCB0006BCC77B933E128A904FA02A41C13CFAAAC
:10FCC00047293BBD023A79D901434CF85E43B81944
:10FCD000253B58384A2BB6507015AC60EEFC916647
:10FCE00090E3AE6134CE5B52D4BF053A8EB91D1B92
:10FCF000E6BB50FF37C634E50DD700D16CECBCC372
:10FD00008104F4BD211CB9BF0B31A2C8EC40E8D777
:10FD1000AB4911ECA002A00A4400FDFF2F00040033
:10FD200011000C00E6FF1C00A2FF39000AFF7E0054
:10FD300042FCCA01340582FDF40109FF4F014FFF67
:10FD400007016DFFD7007FFFB20093FF8300D0FF54
:10FD5000FCFD95099B0067FE620094FE2B0073FE7C
:10FD6000D6FF1FFE45FF79FDEFFDF2FBDCF71DF529
:10FD7000C90F830F0906830492049E023A04CE0140
:10FD800067044B013F05D2000E080100B83C64F344
:10FD9000E8F943031AFE510279FF1C0241002A02CE
:10FDA000F5007B02FC01610369055E074EF657F41E
:10FDB000B5FD5BFDEBFEA7FE7CFF20FFE0FF56FFDD
:10FDC0004A005AFF05010BFF6A08D2F91FFE87019E
:10FDD00039FFE4009CFFC700DBFFD3001600FA00E8
:10FDE0006800680154011D038BFC1EF945FF8CFE61
:10FDF000AFFF3BFFEAFF7AFF1C0097FF5D009BFF10
:10FE0000E70076FF7C0571FD36FEDA003BFF7500EA
:10FE10008AFF6500B7FF6B00D8FF8100FBFFBA00C7
:10FE200042008A01B8FE6AFBC5FF34FFF0FF9AFF6B
:10FE30000D00C2FF2F00D5FF6100DEFFD200DCFF06
:10FE4000160478FF2EFE470037FF2D0082FF2D009D
:10FE5000A6FF3500BCFF4600CCFF6400DAFFCD00F2
:10FE6000F3FFA3FCF6FF91FF0300D3FF1000EDFFAB
:10FE70002600FDFF49000A00990020009E02810033
:10FE800071FEC8FF59FFF6FF94FF0800B1FF120092
:10FE9000C0FF2100C7FF3400C1FF7000DD0016FD68
:10FEA0000E00C2FF0C00EDFF1500FFFF25000E0045
:10FEB0003E001F007C004100DC01EC0095FE62FF6B
:10FEC00072FFCDFFA4FFE9FFBCFFF7FFC8FF0200F0
:10FED000D0FF0E00CCFF26006501D5FD0800EDFF28
:10FEE000050002000C000F0016001C0028002D0069
:10FEF000550051002C010301D8FE21FF92FFB9FFEC
:10FF0000BAFFD9FFCCFFE9FFD7FFF3FFE0FFFAFF0D
:10FF1000E7FF01009701A1FEEFFF0C00F6FF1300C1
:10FF2000FCFF1B00030027001000390028006000C0
:10FF30009700170137FFCDFEB8FFA3FFD4FFCCFF1A
:10FF4000E0FFDEFFE9FFE9FFF4FFEFFF0400F1FF50
:10FF5000B60139FFD2FF1400E5FF1700EEFF1A00CB
:10FF6000F5FF2600FBFF350007005A003100F400C2
:10FF700096FFAAFEDCFFA0FFE9FFCBFFF1FFDDFF4C
:10FF8000FBFFE9FF0300F0FF1C00F3FFB701CBFF0D
:10FF9000B4FF0D00D5FF0E00E1FF1400E6FF1D00C9
:10FFA000E8FF2C00ECFF4B00EBFFC20004009DFEBD
:10FFB000FCFFA6FFFEFFD0FF0200E2FF0600EEFFFF
:10FFC0001200F6FF3000020091013F0099FFF3FF9D
:10FFD000C9FF0200D7FF0C00DDFF1100DDFF1F008D
:10FFE000DBFF3700C6FF8D005D00AEFE1000B7FFDF
:10FFF0000700DDFF0800ECFF0C00F9FF170003000D
:02000004800179
:10000000310016003E019B008BFFCFFFC6FFF0FFC3
:10001000D3FFFCFFD9FF0500DAFF1100D2FF230058
:10002000B1FF5D00C500C7FE1E00C9FF1000E8FF5C
:100030000D00F6FF0F000100170010002F0029002F
:10004000EE00D8008DFFA2FFC8FFDAFFD7FFECFF5C
:10005000DCFFF9FFDCFF0200D5FF0F00B8FF2F0027
:1000600006010AFF2000DDFF1000F4FF0C00FFFF77
:100070000C00090012001700240035009E00EB0060
:100080009BFF78FFD1FFCAFFDBFFDFFFE0FFEDFF43
:10009000E0FFF3FFDCFFFDFFC8FF0B0037016EFF41
:1000A0001600F2FF0900FEFF050009000500100020
:1000B00008002100110042005200F800B6FF4BFF7B
:1000C000DEFFBDFFE7FFD8FFE9FFE4FFEAFFECFF3B
:1000D000E8FFF2FFDCFFFAFF4101BBFF0700FCFF76
:1000E000FCFF0300FAFF0B00F8FF1200F8FF2100ED
:1000F000F7FF4100F3FFDE00FAFF2FFFF7FFB6FF27
:10010000F7FFD4FFF7FFE2FFF6FFEAFFF5FFF1FF8D
:10011000F5FFF7FF46012000F4FFFFFFF3FF0200A9
:10012000F1FF0A00EEFF1200ECFF1F00E4FF3C00AD
:10013000BAFFC0003E001EFF0E00B7FF0700D5FF4C
:100140000100E1FF0100E9FF0200F3FF0700FAFFF1
:100150002E018300E3FFF5FFEAFFFEFFE9FF030046
:10016000E8FF0B00E3FF1700D7FF2E009CFF8F0076
:100170007D0025FF1F00BFFF1000DAFF0A00E8FF27
:100180000900F1FF0B00FAFF14000B00F800DA0081
:10019000D2FFDDFFE2FFEFFFE3FFFAFFE3FF020024
:1001A000DBFF0B00CCFF1D0087FF6000CA003BFF98
:1001B0002F00CBFF1900E3FF1000F0FF0C00FAFF47
:1001C0000E00060017001B00B0000A01CDFFBDFFA6
:1001D000E1FFE0FFE2FFEBFFE1FFF5FFDAFF0000E8
:1001E000C8FF0A0084FF2D00110174FF3900DEFFF3
:1001F0001F00EFFF1200FAFF0E0001000D000F00BC
:1002000011002C005C002501DAFF98FFE9FFD1FF07
:10021000E8FFE1FFE5FFE9FFDEFFF3FFCDFFFAFFB7
:1002200092FF08004A01BAFF3900F2FF1C00FAFFF2
:10023000110002000B0009000700180006003A0038
:100240001A003401F0FF6FFFF3FFBFFFF0FFD5FF8F
:10025000ECFFDFFFE8FFE6FFDCFFEAFFB2FFEDFFA8
:100260003F0111002800FFFF0F00010004000500FE
:1002700000000F00F7FF1E00EBFF4000B0FF1B0166
:10028000230052FF0900B6FF0000CEFFF7FFDAFFA0
:10029000F2FFDFFFE7FFE2FFCFFFDCFF4D017A0057
:1002A0001A00060006000500FDFF0700F5FF0E001E
:1002B000EAFF1B00D6FF39006AFFE600610048FF35
:1002C0001E00B5FF0E00CDFF0400D9FFFEFFE0FFCA
:1002D000F8FFE2FFEAFFE0FF3501E100080003005C
:1002E000FBFF0200F2FF0500EAFF0C00DCFF150037
:1002F000C1FF2D0032FFAB00B2004FFF3A00BBFF41
:100300001E00D3FF1400DFFF0B00E5FF0400E8FF31
:10031000FFFFEDFFE7005F01F5FFF4FFF0FFF7FFE0
:10032000EAFFFBFFE1FF0300D2FF0B00AEFF1E0060
:1003300011FF73000B0163FF5200C5FF2E00DCFFAD
:100340001C00E4FF1300EBFF0C00F3FF0A000100A8
:1003500078009F01F0FFD4FFEFFFE3FFE6FFECFF23
:10036000DDFFF0FFC9FFF7FFA3FFFEFF03FF18004B
:100370006C01B6FF6800E2FF3900EDFF2700F5FFD2
:100380001900FBFF0F0008000A0021000900F3011B
:10039000FAFFA7FFF3FFCEFFEBFFDAFFDEFFDFFF81
:1003A000CCFFE2FFA4FFE3FF0DFFD8FFC40119005B
:1003B000740000003E00FEFF2600020016000A0046
:1003C0000A001A00F8FF44006DFF4902230065FF90
:1003D0000900AAFFFBFFBEFFEFFFC7FFDBFFC7FF60
:1003E000B9FFC3FF46FF99FFCF01A40066001700C5
:1003F000330009001C0008000A000F00F7FF1B0073
:10040000D3FF4400BEFEDB016D0047FF2A009AFFC8
:100410001300B2FFFFFFB7FFECFFB7FFCEFFA9FF4E
:100420006FFF6DFF0102550160002D002C001000D0
:1004300011000A00FBFF0D00DDFF16009DFF3D00CF
:10044000DAFD740105012CFF76008EFF4B00A2FF40
:100450003600A7FF2400A2FF13008FFFF8FF3FFF25
:10046000C0006A0226003300120004000400F3FFFB
:10047000F2FFE7FFDAFFDDFFA4FFD3FF54FEADFF7D
:100480000901EAFF7100D6FF4900C7FF3800BBFF32
:100490003200A5FF36007DFF640001FF7FFC82066D
:1004A00076FF8A008DFF2C0081FF05005DFFE4FFD1
:1004B00018FFB9FF6DFE60FF8CFA82FDD003F301D7
:1004C0006201C900CF008600870068005400560012
:1004D00020004E00C2FF4C000509C7FFA5003800F0
:1004E00054003D0024004100F8FF4A00B8FF5D00C1
:1004F00033FF8D009FFC9001A803BDFE75019AFF9C
:10050000F900C8FFC100DAFF9C00E6FF8300EDFFA1
:100510006D00F3FFFF7F0000FD7F6EFEF57FDCFCCA
:10052000E97F4AFBD87FB8F9C17F27F8A67F96F606
:10053000867F05F5617F74F3377FE4F1097F55F01D
:10054000D57EC6EE9C7E38ED5F7EABEB1D7E1EEA4F
:10055000D57D92E8897D07E7397D7EE5E37CF5E38B
:10056000887C6DE2297CE6E0C57B61DF5C7BDDDDBC
:10057000EE7A5ADC7C7AD8DA057A58D98979DAD7D2
:1005800009795DD68478E1D4FA7767D36B77EFD1B8
:10059000D87679D0417605CFA57592CD047521CC5A
:1005A0005F74B3CAB57346C90773DCC7547274C6A7
:1005B0009D710EC5E270AAC3227048C25E6FE9C089
:1005C000966E8DBFC96D32BEF86CDBBC236C86BBEA
:1005D0004A6B33BA6D6AE4B88B6997B7A6684CB6B4
:1005E000BC6705B5CF66C1B3DD657FB2E86441B1D4
:1005F000EE6305B0F162CDAEF06198ADEB6065AC35
:10060000E35F37ABD75E0BAAC75DE3A8B35CBEA7B9
:100610009C5B9CA6825A7EA5645964A442584DA353
:100620001D5739A2F55529A1C9541DA09B53159FEB
:100630006852109E33510F9DFB4F129CBF4E189B6A
:10064000814D239A3F4C3199FB4A4498B4495A97BB
:10065000694875961C479395CD45B6947A44DD93C9
:1006600025430893CE41379273406A91173FA29079
:10067000B83DDE8F563C1E8FF23A638E8C39AC8DBE
:100680002438F98CBA364B8C4D35A18BDF33FC8A7C
:100690006E325B8AFB30BF89872F2889112E95889F
:1006A000992C06881F2B7C87A329F7862628778616
:1006B000A826FB8528258485A62312852322A484C9
:1006C0009F203B841A1FD783931D78830B1C1D83A7
:1006D000821AC782F91877826E172B82E215E3819E
:1006E0005514A181C81264813A112B81AB0FF78098
:1006F0001C0EC9808C0C9F80FB0A7A806A095A8084
:10070000D9073F8048062880B604178024030B8051
:1007100092010380000001806EFE0380DCFC0B80F0
:100720004AFB1780B8F9288027F83F8096F65A8050
:1007300005F57A8074F39F80E4F1C98055F0F78065
:10074000C6EE2B8138ED6481ABEBA1811EEAE3811B
:1007500092E82B8207E777827EE5C782F5E31D8367
:100760006DE27883E6E0D78361DF3B84DDDDA4843E
:100770005ADC1285D8DA848558D9FB85DAD7778692
:100780005DD6F786E1D47C8767D30688EFD195885C
:1007900079D0288905CFBF8992CD5B8A21CCFC8A8C
:1007A000B3CAA18B46C94B8CDCC7F98C74C6AC8D1F
:1007B0000EC5638EAAC31E8F48C2DE8FE9C0A29009
:1007C0008DBF6A9132BE3792DBBC089386BBDD9346
:1007D00033BAB694E4B8939597B775964CB65A97D2
:1007E00005B54498C1B331997FB2239A41B1189BA2
:1007F00005B0129CCDAE0F9D98AD109E65AC159FB7
:1008000037AB1DA00BAA29A1E3A839A2BEA74DA30F
:100810009CA664A47EA57EA564A49CA64DA3BEA7A9
:1008200039A2E3A829A10BAA1DA037AB159F65AC7F
:10083000109E98AD0F9DCDAE129C05B0189B41B196
:10084000239A7FB23199C1B3449805B55A974CB6F3
:10085000759697B79395E4B8B69433BADD9386BB93
:100860000893DBBC379232BE6A918DBFA290E9C07B
:10087000DE8F48C21E8FAAC3638E0EC5AC8D74C6B0
:10088000F98CDCC74B8C46C9A18BB3CAFC8A21CC3E
:100890005B8A92CDBF8905CF288979D09588EFD121
:1008A000068867D37C87E1D4F7865DD67786DAD76A
:1008B000FB8558D98485D8DA12855ADCA484DDDD1D
:1008C0003B8461DFD783E6E078836DE21D83F5E347
:1008D000C7827EE5778207E72B8292E8E3811EEAF2
:1008E000A181ABEB648138ED2B81C6EEF78055F02A
:1008F000C980E4F19F8074F37A8005F55A8096F6FA
:100900003F8027F82880B8F917804AFB0B80DCFC71
:1009100003806EFE01800000038092010B8024039F
:100920001780B604288048063F80D9075A806A0994
:100930007A80FB0A9F808C0CC9801C0EF780AB0F5D
:100940002B813A116481C812A1815514E381E2150B
:100950002B826E177782F918C782821A1D830B1CAF
:100960007883931DD7831A1F3B849F20A48423225E
:100970001285A62384852825FB85A8267786262828
:10098000F786A3297C871F2B0688992C9588112E22
:100990002889872FBF89FB305B8A6E32FC8ADF3360
:1009A000A18B4D354B8CBA36F98C2438AC8D8C39F3
:1009B000638EF23A1E8F563CDE8FB83DA290173FF1
:1009C0006A9173403792CE4108932543DD937A4470
:1009D000B694CD4593951C47759669485A97B44986
:1009E0004498FB4A31993F4C239A814D189BBF4E46
:1009F000129CFB4F0F9D3351109E6852159F9B53C5
:100A00001DA0C95429A1F55539A21D574DA342581F
:100A100064A464597EA5825A9CA69C5BBEA7B35C65
:100A2000E3A8C75D0BAAD75E37ABE35F65ACEB60AD
:100A300098ADF061CDAEF16205B0EE6341B1E8640E
:100A40007FB2DD65C1B3CF6605B5BC674CB6A6689D
:100A500097B78B69E4B86D6A33BA4A6B86BB236C6F
:100A6000DBBCF86C32BEC96D8DBF966EE9C05E6F9F
:100A700048C22270AAC3E2700EC59D7174C654723A
:100A8000DCC7077346C9B573B3CA5F7421CC04755C
:100A900092CDA57505CF417679D0D876EFD16B7719
:100AA00067D3FA77E1D484785DD60979DAD7897982
:100AB00058D9057AD8DA7C7A5ADCEE7ADDDD5C7BAF
:100AC00061DFC57BE6E0297C6DE2887CF5E3E37CB1
:100AD0007EE5397D07E7897D92E8D57D1EEA1D7E9A
:100AE000ABEB5F7E38ED9C7EC6EED57E55F0097F80
:100AF000E4F1377F74F3617F05F5867F96F6A67F74
:100B000027F8C17FB8F9D87F4AFBE97FDCFCF57F85
:100B10006EFEFD7F0000FF7F9201FD7F2403F57FC5
:100B2000B604E97F4806D87FD907C17F6A09A67F46
:100B3000FB0A867F8C0C617F1C0E377FAB0F097F11
:100B40003A11D57EC8129C7E55145F7EE2151D7E3B
:100B50006E17D57DF918897D821A397D0B1CE37CCF
:100B6000931D887C1A1F297C9F20C57B23225C7BD8
:100B7000A623EE7A28257C7AA826057A2628897964
:100B8000A32909791F2B8478992CFA77112E6B777A
:100B9000872FD876FB3041766E32A575DF3304752A
:100BA0004D355F74BA36B573243807738C39547277
:100BB000F23A9D71563CE270B83D2270173F5E6F6D
:100BC0007340966ECE41C96D2543F86C7A44236C10
:100BD000CD454A6B1C476D6A69488B69B449A66864
:100BE000FB4ABC673F4CCF66814DDD65BF4EE86474
:100BF000FB4FEE633351F1626852F0619B53EB603F
:100C0000C954E35FF555D75E1D57C75D4258B35CC5
:100C100064599C5B825A825A9C5B6459B35C42580B
:100C2000C75D1D57D75EF555E35FC954EB609B5315
:100C3000F0616852F1623351EE63FB4FE864BF4EDE
:100C4000DD65814DCF663F4CBC67FB4AA668B44961
:100C50008B6969486D6A1C474A6BCD45236C7A44A1
:100C6000F86C2543C96DCE41966E73405E6F173F99
:100C70002270B83DE270563C9D71F23A54728C3944
:100C800007732438B573BA365F744D350475DF3396
:100C9000A5756E324176FB30D876872F6B77112E93
:100CA000FA77992C84781F2B0979A329897926282A
:100CB000057AA8267C7A2825EE7AA6235C7B232257
:100CC000C57B9F20297C1A1F887C931DE37C0B1C0D
:100CD000397D821A897DF918D57D6E171D7EE21542
:100CE0005F7E55149C7EC812D57E3A11097FAB0FEA
:100CF000377F1C0E617F8C0C867FFB0AA67F6A09FA
:100D0000C17FD907D87F4806E97FB604F57F240361
:100D1000FD7F92010400000080000000040000003C
:100D20002000000004000000080000000400000093
:100D300002000000020000000100000000010202A9
:100D40000303030304040404040404040505050563
:100D5000050505050505050505050505060606063F
:100D60000606060606060606060606060606060623
:100D7000060606060606060606060606070707070F
:100D800007070707070707070707070707070707F3
:100D900007070707070707070707070707070707E3
:100DA00007070707070707070707070707070707D3
:100DB00007070707070707070707070708080808BF
:100DC00008080808080808080808080808080808A3
:100DD0000808080808080808080808080808080893
:100DE0000808080808080808080808080808080883
:100DF0000808080808080808080808080808080873
:100E00000808080808080808080808080808080862
:100E10000808080808080808080808080808080852
:100E20000808080808080808080808080808080842
:100E30000808080808080808080808080A00000048
:100E4000494E4600696E66004E414E006E616E006E
:100E500030313233343536373839414243444546F0
:100E600000000000303132333435363738396162B2
:100E70006364656600000000286E756C6C290000D4
:100E800030000000105100804C4B00804C4B008023
:100E9000045100804C4B00804C4B00804C4B008038
:100EA0004C4B00804C4B00804C4B00800850008025
:100EB000F45000804C4B0080205000802C5000806B
:100EC0004C4B0080B4500080184B0080184B0080C1
:100ED000184B0080184B0080184B0080184B008086
:100EE000184B0080184B0080184B00804C4B008042
:100EF0004C4B00804C4B00804C4B00804C4B008096
:100F00004C4B00804C4B00804C4B00804C4B008085
:100F10004C4B008088500080744E00804C4B008009
:100F2000744E00804C4B00804C4B00804C4B00803A
:100F30004C4B0080285100804C4B00804C4B008073
:100F40000C5200804C4B00804C4B00804C4B00807E
:100F50004C4B00804C4B0080345100804C4B008047
:100F60004C4B0080205D00804C4B00804C4B00803F
:100F70004C4B00804C4B00804C4B00804C4B008015
:100F80004C4B00804C4B00804C4B00804C4B008005
:100F9000CC500080644F0080744E0080744E0080FE
:100FA000744E0080C0500080644F00804C4B008025
:100FB0004C4B0080244D00804C4B00802853008017
:100FC000F8520080C0520080244D00804C4B0080BD
:100FD000585200804C4B0080285200804C4B0080BF
:100FE0004C4B0080785D0080202020202020202095
:100FF0002020202020202020303030303030303071
:101000003030303030303030B8700080186D0080B3
:10101000186D0080AC700080186D0080186D008025
:10102000186D0080186D0080186D0080186D0080AC
:101030000C7000809C700080186D00801C70008017
:1010400028700080186D008090700080E46C008033
:10105000E46C0080E46C0080E46C0080E46C008050
:10106000E46C0080E46C0080E46C0080E46C008040
:10107000186D0080186D0080186D0080186D00805C
:10108000186D0080186D0080186D0080186D00804C
:10109000186D0080186D00807C700080186D0080D5
:1010A000186D0080186D0080186D0080186D00802C
:1010B000186D0080186D0080186D0080186D00801C
:1010C000186D00803C710080186D0080186D0080E4
:1010D000186D0080186D0080186D0080F070008021
:1010E000186D0080186D0080D4770080186D008026
:1010F000186D0080186D0080186D0080186D0080DC
:10110000186D0080186D0080186D0080186D0080CB
:10111000186D0080D0700080686F0080186D0080AE
:10112000186D0080186D008004720080686F008068
:10113000186D0080186D0080706E0080186D008042
:10114000CC710080A471008098720080706E008065
:10115000186D008038720080186D00801072008059
:10116000186D0080186D00802878008020202020D5
:10117000202020202020202020202020303030302F
:1011800030303030303030303030303043000000DC
:10119000504F5349580000002E000000496E666908
:1011A0006E697479000000004E614E0042616C6C03
:1011B0006F63207375636365656465640000000098
:1011C0002E2E2F2E2E2F2E2E2F2E2E2F2E2E2F2E3A
:1011D0002E2F7372632F6E65776C69622F6E657741
:1011E0006C69622F6C6962632F7374646C69622F1F
:1011F00064746F612E6300002E2E2F2E2E2F2E2E44
:101200002F2E2E2F2E2E2F2E2E2F7372632F6E65C4
:10121000776C69622F6E65776C69622F6C696263A7
:101220002F7374646C69622F6D707265632E630036
:1012300005000000190000007D0000000000000013
:10124000000000000000F03F00000000000024400B
:1012500000000000000059400000000000408F40E6
:10126000000000000088C34000000000006AF84051
:101270000000000080842E4100000000D012634175
:101280000000000084D797410000000065CDCD41EB
:10129000000000205FA00242000000E876483742CC
:1012A000000000A2941A6D42000040E59C30A2426A
:1012B0000000901EC4BCD64200003426F56B0C43DF
:1012C0000080E03779C3414300A0D8855734764386
:1012D00000C84E676DC1AB43003D9160E458E143E7
:1012E000408CB5781DAF154450EFE2D6E41A4B445C
:1012F00092D54D06CFF08044F64AE1C7022DB544A1
:10130000B49DD9794378EA44BC89D897B2D29C3C41
:1013100033A7A8D523F649393DA7F444FD0FA532DC
:101320009D978CCF08BA5B25436FAC642806C80A2A
:101330000080E03779C34143176E05B5B5B89346D1
:10134000F5F93FE9034F384D321D30F94877825A9D
:101350003CBF737FDD4F157500202020202020200A
:101360002020282828282820202020202020202055
:101370002020202020202020208810101010101065
:1013800010101010101010101004040404040404B1
:10139000040404101010101010104141414141414B
:1013A000010101010101010101010101010101012D
:1013B000010101011010101010104242424242423D
:1013C00002020202020202020202020202020202FD
:1013D00002020202101010102000000000000000A5
:1013E00000000000000000000000000000000000FD
:1013F00000000000000000000000000000000000ED
:1014000000000000000000000000000000000000DC
:1014100000000000000000000000000000000000CC
:1014200000000000000000000000000000000000BC
:1014300000000000000000000000000000000000AC
:10144000000000000000000000000000000000009C
:101450000000000000000000000000002C20667565
:101460006E6374696F6E3A200000000061737365EB
:101470007274696F6E2022257322206661696C6523
:10148000643A2066696C6520222573222C206C69E1
:101490006E65202564257325730A000038D400800A
:1014A000E4D2008090D20080E4D3008090D200800B
:1014B000F4D2008090D20080E4D30080E4D2008097
:1014C000E4D20080F4D20080E4D3008070D30080A6
:0C14D00070D3008070D30080F4D2008044
:1014DC001000000000000000037A5200017C0101A2
:1014EC001B0D02001000000018000000D00EFFFFC2
:1014FC00DC04000000000000100000002C000000C4
:0C150C009813FFFF900400000000000096
:1015180000000010000000000000000000000000B3
:1015280000000000000000000000000000000000B3
:1015380000000000000000000000000000000000A3
:10154800401501804015018048150180481501802B
:1015580050150180501501805815018058150180DB
:10156800601501806015018068150180681501808B
:10157800701501807015018078150180781501803B
:1015880080150180801501808815018088150180EB
:10159800901501809015018098150180981501809B
:1015A800A0150180A0150180A8150180A81501804B
:1015B800B0150180B0150180B8150180B8150180FB
:1015C800C0150180C0150180C8150180C8150180AB
:1015D800D0150180D0150180D8150180D81501805B
:1015E800E0150180E0150180E8150180E81501800B
:1015F800F0150180F0150180F8150180F8150180BB
:101608000016018000160180081601800816018066
:101618001016018010160180181601801816018016
:1016280020160180201601802816018028160180C6
:101638003016018030160180381601803816018076
:101648004016018040160180481601804816018026
:1016580050160180501601805816018058160180D6
:101668006016018060160180681601806816018086
:101678007016018070160180781601807816018036
:1016880080160180801601808816018088160180E6
:101698009016018090160180981601809816018096
:1016A800A0160180A0160180A8160180A816018046
:1016B800B0160180B0160180B8160180B8160180F6
:1016C800C0160180C0160180C8160180C8160180A6
:1016D800D0160180D0160180D8160180D816018056
:1016E800E0160180E0160180E8160180E816018006
:1016F800F0160180F0160180F8160180F8160180B6
:101708000017018000170180081701800817018061
:101718001017018010170180181701801817018011
:1017280020170180201701802817018028170180C1
:101738003017018030170180381701803817018071
:101748004017018040170180481701804817018021
:1017580050170180501701805817018058170180D1
:101768006017018060170180681701806817018081
:101778007017018070170180781701807817018031
:1017880080170180801701808817018088170180E1
:101798009017018090170180981701809817018091
:1017A800A0170180A0170180A8170180A817018041
:1017B800B0170180B0170180B8170180B8170180F1
:1017C800C0170180C0170180C8170180C8170180A1
:1017D800D0170180D0170180D8170180D817018051
:1017E800E0170180E0170180E8170180E817018001
:1017F800F0170180F0170180F8170180F8170180B1
:10180800001801800018018008180180081801805C
:10181800101801801018018018180180181801800C
:1018280020180180201801802818018028180180BC
:10183800301801803018018038180180381801806C
:10184800401801804018018048180180481801801C
:1018580050180180501801805818018058180180CC
:10186800601801806018018068180180681801807C
:10187800701801807018018078180180781801802C
:1018880080180180801801808818018088180180DC
:10189800901801809018018098180180981801808C
:1018A800A0180180A0180180A8180180A81801803C
:1018B800B0180180B0180180B8180180B8180180EC
:1018C800C0180180C0180180C8180180C81801809C
:1018D800D0180180D0180180D8180180D81801804C
:1018E800E0180180E0180180E8180180E8180180FC
:1018F800F0180180F0180180F8180180F8180180AC
:101908000019018000190180081901800819018057
:101918001019018010190180181901801819018007
:1019280020190180201901802819018028190180B7
:101938003019018030190180381901803819018067
:101948000000000003000000A01C0180000000004F
:1019580000000000A01C0180081D0180701D01808E
:10196800000000000000000000000000000000006F
:10197800000000000000000000000000000000005F
:10198800000000000000000000000000000000004F
:10199800000000000000000000000000000000003F
:1019A800000000000000000000000000000000002F
:1019B800000000000000000000000000000000001F
:1019C800000000000000000000000000000000000F
:1019D80000000000000000000000000000000000FF
:1019E80000000000000000000100000000000000EE
:1019F8000E33CDAB34126DE6ECDE05000B000000B3
:101A080000000000000000000000000000000000CE
:101A180000000000000000000000000000000000BE
:101A280000000000000000000000000000000000AE
:101A3800000000000000000000000000000000009E
:101A4800000000000000000000000000000000008E
:101A5800000000000000000000000000000000007E
:101A6800000000000000000000000000000000006E
:101A7800430000000000000000000000000000001B
:101A8800000000000000000000000000000000004E
:101A980043000000000000000000000000000000FB
:101AA800000000000000000000000000000000002E
:101AB80043000000000000000000000000000000DB
:101AC800000000000000000000000000000000000E
:101AD80043000000000000000000000000000000BB
:101AE80000000000000000000000000000000000EE
:101AF800430000000000000000000000000000009B
:101B080000000000000000000000000000000000CD
:101B1800430000000000000000000000000000007A
:101B280000000000000000000000000000000000AD
:101B3800430000000000000000000000000000005A
:101B4800000000000000000000000000000000008D
:101B5800C0BA0080CCA200800000000058130180A9
:101B680098110180A4F40080A4F40080A4F40080FB
:101B7800A4F40080A4F40080A4F40080A4F40080FD
:101B8800A4F40080A4F40080FFFFFFFFFFFFFFFF25
:101B9800FFFFFFFFFFFF00000100415343494900D9
:101BA800000000000000000000000000000000002D
:101BB80000000000000000000000415343494900B4
:101BC800000000000000000000000000000000000D
:0C1BD80000000000000000000000000001
:101BE400FFFFFFFF0000000000000000140501805B
:041BF400140D01804B
:101BF800FFFFFFFFFFFFEF7F000000000000F83F3E
:101C080061436F63A787D23FB3C8608B288AC63FFA
:101C1800FB799F501344D33F000000000000F03FC1
:101C280000000000000024400000000000001C40EC
:101C38000000000000001440000000000000E03F29
:101C4800701F0180FFFFFFFF00000200581901808C
:0400000580000080F7
:00000001FF
